region,lake_id,branch_index,date,wse_m,wse_std,point_color,is_noise,noise_reason
northeast,100,1,2024-07-07,675.4443505130597,0.4675972095611221,#D62728,False,
northeast,100,1,2024-07-07,675.2258911132812,0.2330422079543599,#D62728,False,
northeast,100,1,2024-07-08,675.9127807617188,0.3255100479538182,#D62728,False,
northeast,100,1,2024-07-15,677.008710456617,0.1098050788615578,#D62728,False,
northeast,100,1,2024-07-16,676.9837036132812,0.1584664736433541,#D62728,False,
northeast,100,1,2024-07-16,676.9639282226562,0.1054594129629039,#D62728,False,
northeast,100,1,2024-07-17,676.9235229492188,0.1813035198923776,#D62728,False,
northeast,100,1,2024-07-17,676.9176635742188,0.1517939044787953,#D62728,False,
northeast,100,1,2024-07-18,676.6583251953125,0.1208030410991615,#D62728,False,
northeast,100,1,2024-07-18,676.1991882324219,0.3018917375575696,#D62728,False,
northeast,100,1,2024-07-26,675.19677734375,0.144272248869882,#D62728,False,
northeast,100,1,2024-07-26,675.2179881908276,0.1109101625462219,#D62728,False,
northeast,100,1,2024-07-27,674.8654479980469,0.109164403605685,#D62728,False,
northeast,100,1,2024-07-27,674.7975463867188,0.1370940173732769,#D62728,False,
northeast,100,1,2024-07-28,674.6821899414062,0.2404874948739005,#D62728,False,
northeast,100,1,2024-07-28,674.4595947265625,0.1306045974057642,#D62728,False,
northeast,100,1,2024-07-29,667.8928426106771,1.221171044250203,#CFCFCF,True,uncertainty_gt_1m
northeast,101,1,2024-07-05,495.2933349609375,0.2871702618290507,#D62728,False,
northeast,101,1,2024-07-06,496.1609497070313,0.2198742926593555,#D62728,False,
northeast,101,1,2024-07-06,496.13319396972656,0.2967404983401582,#D62728,False,
northeast,101,1,2024-07-07,496.7798767089844,0.1431340152766226,#D62728,False,
northeast,101,1,2024-07-08,497.309814453125,0.272781532709645,#D62728,False,
northeast,101,1,2024-07-09,497.8558349609375,0.3341664555399186,#D62728,False,
northeast,101,1,2024-07-10,497.9737243652344,0.1400328829040057,#D62728,False,
northeast,101,1,2024-07-11,497.7907104492188,0.3186777794216275,#D62728,False,
northeast,101,1,2024-07-12,497.4413757324219,0.228479740909542,#D62728,False,
northeast,101,1,2024-07-13,497.255029296875,0.2383819091917156,#D62728,False,
northeast,101,1,2024-07-14,497.3305206298828,0.3492705936889924,#D62728,False,
northeast,101,1,2024-07-15,497.2506713867188,0.2595587345183955,#D62728,False,
northeast,101,1,2024-07-16,497.21458435058594,0.2381268783958542,#D62728,False,
northeast,101,1,2024-07-17,497.1653137207031,0.1549716578693219,#D62728,False,
northeast,101,1,2024-07-18,496.8811340332031,0.2640086801457575,#D62728,False,
northeast,101,1,2024-07-19,497.1257781982422,0.2729050801888706,#D62728,False,
northeast,101,1,2024-07-23,496.5877380371094,0.2018718983302274,#D62728,False,
northeast,101,1,2024-07-24,496.4090881347656,0.3428109033572774,#D62728,False,
northeast,101,1,2024-07-26,496.1791076660156,0.1365641695740499,#D62728,False,
northeast,101,1,2024-07-27,496.9021809895833,0.2387226197770562,,True,local_max_extreme_gt_1m
northeast,101,1,2024-07-30,495.48463439941406,0.4154209181098091,#D62728,False,
northeast,101,1,2024-07-31,495.6350708007813,0.4144397974315459,#D62728,False,
northeast,101,1,2024-08-01,495.58001708984375,0.2682266176503077,#D62728,False,
northeast,101,1,2024-08-02,495.4161071777344,0.3702193019266782,#D62728,False,
northeast,101,1,2024-08-03,495.2785034179688,0.3546152475059305,#D62728,False,
northeast,101,1,2024-08-04,495.4461975097656,0.4656734079330958,#D62728,False,
northeast,101,1,2024-08-05,495.2579650878906,0.3070940679052953,#D62728,False,
northeast,101,1,2024-08-06,495.1611633300781,0.3234633950337821,#D62728,False,
northeast,101,1,2024-08-07,494.8765563964844,0.2500238223445872,#D62728,False,
northeast,101,1,2024-08-08,494.6642303466797,0.3608117537232317,#D62728,False,
northeast,101,1,2024-08-09,494.9874572753906,0.2261031089299353,#D62728,False,
northeast,101,1,2024-08-10,494.7127075195313,0.3709623953421187,#D62728,False,
northeast,101,1,2024-08-10,494.7127075195313,0.3709623953421187,#D62728,False,
northeast,101,1,2024-08-11,494.5679853723405,0.2691634850074448,#D62728,False,
northeast,101,1,2024-08-12,494.44993774414064,0.2789057185548994,#D62728,False,
northeast,101,1,2024-08-12,494.44993774414064,0.2789057185548994,#D62728,False,
northeast,101,1,2024-08-13,494.4406280517578,0.341339277400465,#D62728,False,
northeast,102,1,2024-07-23,945.0962582940924,0.1496021393794647,#D62728,False,
northeast,102,1,2024-07-24,945.2049424913196,0.3529115209587622,#D62728,False,
northeast,102,1,2024-07-30,945.6149350120908,0.2960419114417749,#D62728,False,
northeast,102,1,2024-07-31,945.5850944519044,0.1471183098764806,#D62728,False,
northeast,102,1,2024-08-01,945.6603969029018,0.1701093107695681,#D62728,False,
northeast,102,1,2024-08-02,945.6218872070312,0.2774953343964693,#D62728,False,
northeast,102,1,2024-08-03,945.62021484375,0.1556752188076704,#D62728,False,
northeast,102,1,2024-08-04,945.6280517578124,0.1683235007800273,#D62728,False,
northeast,102,1,2024-08-05,944.0809326171876,0.0,,True,local_min_extreme_gt_1m
northeast,102,1,2024-08-09,945.099951171875,0.7203362580454609,#D62728,False,
northeast,102,1,2024-08-10,944.72509765625,0.1550088547573077,#D62728,False,
northeast,102,1,2024-08-10,944.72509765625,0.1550088547573077,#D62728,False,
northeast,102,1,2024-08-11,944.8482615152994,0.3366677797212346,#D62728,False,
northeast,102,1,2024-08-12,944.7174845377604,0.1731882418169716,#D62728,False,
northeast,102,1,2024-08-12,944.7174845377604,0.1731882418169716,#D62728,False,
northeast,102,1,2024-08-13,944.761189778646,0.3267935151354463,#D62728,False,
northeast,102,1,2024-08-14,944.829066685268,0.1280098576884484,#D62728,False,
northeast,104,1,2024-07-05,439.54010009765625,0.2415719875729315,#D62728,False,
northeast,104,1,2024-07-06,440.9274139404297,0.1741900379642874,#D62728,False,
northeast,104,1,2024-07-06,441.1311950683594,0.2657089118433239,#D62728,False,
northeast,104,1,2024-07-07,442.0802917480469,0.0866315134819251,#D62728,False,
northeast,104,1,2024-07-08,442.8460388183594,0.1399370841002635,#D62728,False,
northeast,104,1,2024-07-09,443.55072021484375,0.142281850255049,#D62728,False,
northeast,104,1,2024-07-10,443.1252459012545,0.0903620833997497,#D62728,False,
northeast,105,1,2024-06-29,759.4225769042969,3.4971880503697137,#D62728,True,uncertainty_gt_1m
northeast,105,1,2024-06-30,760.6224975585938,2.637321849655001,#D62728,True,uncertainty_gt_1m
northeast,105,1,2024-07-01,752.0340576171875,2.929264290060313,#CFCFCF,True,uncertainty_gt_1m
northeast,105,1,2024-07-02,749.675048828125,0.0,#D62728,False,
northeast,105,1,2024-07-03,754.8992309570312,0.0,,True,gray_between_red_segments_out_of_both_sides
northeast,105,1,2024-07-04,751.0081176757812,0.275998346452379,#D62728,False,
northeast,105,1,2024-07-05,751.34326171875,0.4360195300881962,#D62728,False,
northeast,105,1,2024-07-06,751.8704223632812,0.2334462466444883,#D62728,False,
northeast,105,1,2024-07-06,751.7972412109375,0.3232286052742756,#D62728,False,
northeast,105,1,2024-07-07,752.0858154296875,0.1589044177795886,#D62728,False,
northeast,105,1,2024-07-07,752.1570434570312,0.2799056039647324,#D62728,False,
northeast,105,1,2024-07-08,752.3071594238281,0.4223129902400828,#D62728,False,
northeast,105,1,2024-07-09,752.5467891693115,0.4160299741668107,#D62728,False,
northeast,105,1,2024-07-10,752.1496899414062,2.484873873347678,#D62728,True,uncertainty_gt_1m
northeast,105,1,2024-07-11,756.1591552734375,2.9521192916430787,#CFCFCF,True,uncertainty_gt_1m
northeast,105,1,2024-07-13,760.1556701660156,10.625578705662765,#CFCFCF,True,uncertainty_gt_1m
northeast,105,1,2024-07-14,753.6378609793527,0.495223162153822,#D62728,False,
northeast,105,1,2024-07-15,753.5185546875,0.3497804905614885,#D62728,False,
northeast,105,1,2024-07-16,753.8772277832031,0.2555994894251887,#D62728,False,
northeast,105,1,2024-07-17,753.8787231445312,0.1758346281896967,#D62728,False,
northeast,105,1,2024-07-17,753.9983520507812,0.2838112396694942,#D62728,False,
northeast,105,1,2024-07-18,753.76611328125,0.1448400217135975,#D62728,False,
northeast,105,1,2024-07-19,754.348890516493,0.1787303669734046,,True,global_max_not_supported_by_neighbors
northeast,105,1,2024-07-23,756.3082275390625,2.058460549177778,#CFCFCF,True,uncertainty_gt_1m
northeast,105,1,2024-07-24,778.6445678710937,0.2760286870297196,,True,gray_between_red_segments_out_of_both_sides
northeast,105,1,2024-07-26,750.1217041015625,0.607155787581707,#D62728,False,
northeast,105,1,2024-07-27,749.7864990234375,0.2037852727793295,#D62728,False,
northeast,105,1,2024-07-27,749.8065185546875,0.3090324455679963,#D62728,False,
northeast,105,1,2024-07-29,749.1551818847656,0.6331487418724108,#D62728,False,
northeast,105,1,2024-07-30,749.3106079101562,0.8228796050723559,#D62728,False,
northeast,105,1,2024-07-31,754.9717271592882,4.6402347866817495,#CFCFCF,True,uncertainty_gt_1m
northeast,108,1,2024-07-06,466.1963806152344,0.1913065013575565,#D62728,False,
northeast,108,1,2024-07-06,466.2881622314453,0.3130479828705015,#D62728,False,
northeast,108,1,2024-07-07,467.1255340576172,0.1414649176914503,#D62728,False,
northeast,108,1,2024-07-08,467.8666229248047,0.1160966395107823,#D62728,False,
northeast,108,1,2024-07-09,468.3793182373047,0.0930608509579106,#D62728,False,
northeast,108,1,2024-07-10,468.17193603515625,0.1140604178140897,#D62728,False,
northeast,108,1,2024-07-11,468.1759948730469,0.1351531720021383,#D62728,False,
northeast,108,1,2024-07-12,468.1757659912109,0.0865398526224362,#D62728,False,
northeast,108,1,2024-07-13,468.0624237060547,0.0885024414875144,#D62728,False,
northeast,108,1,2024-07-14,467.9898071289063,0.0969209214146597,#D62728,False,
northeast,108,1,2024-07-15,467.94830322265625,0.1249693011424559,#D62728,False,
northeast,108,1,2024-07-16,467.963623046875,0.2484060368595817,#D62728,False,
northeast,108,1,2024-07-17,467.9329833984375,0.1594423065027868,#D62728,False,
northeast,108,1,2024-07-18,467.57623291015625,0.1528045810964792,#D62728,False,
northeast,108,1,2024-07-19,467.864013671875,0.1351747889797277,#D62728,False,
northeast,108,1,2024-07-23,466.9974670410156,0.1315856759954442,#D62728,False,
northeast,108,1,2024-07-24,467.0264129638672,0.0645209147148392,#D62728,False,
northeast,108,1,2024-07-26,466.7678985595703,0.1265864871481344,#D62728,False,
northeast,108,1,2024-07-27,466.6089782714844,0.0,#D62728,False,
northeast,108,1,2024-07-30,466.1234978569879,0.1971241724612377,#D62728,False,
northeast,108,1,2024-07-31,466.0570526123047,0.0897416532426229,#D62728,False,
northeast,108,1,2024-08-01,465.8667907714844,0.1181262241237385,#D62728,False,
northeast,108,1,2024-08-02,465.6778259277344,0.1180559717537908,#D62728,False,
northeast,108,1,2024-08-03,465.5223388671875,0.1219557053368207,#D62728,False,
northeast,108,1,2024-08-04,465.6579895019531,0.0901357715065297,#D62728,False,
northeast,108,1,2024-08-05,465.5433349609375,0.1565378342054783,#D62728,False,
northeast,108,1,2024-08-06,465.25537109375,0.2113314586642435,#D62728,False,
northeast,10,1,2024-07-02,718.8434835766989,1.683776729262187,#D62728,True,uncertainty_gt_1m
northeast,10,1,2024-07-03,718.267917385349,0.4541730184948966,#D62728,False,
northeast,10,1,2024-07-04,717.9519653320312,0.1893254320352492,#D62728,False,
northeast,10,1,2024-07-05,718.7701416015625,0.4007868491632262,#D62728,False,
northeast,10,1,2024-07-06,719.2697143554688,0.3502098670773924,#D62728,False,
northeast,10,1,2024-07-06,719.1953125,0.3965918035717034,#D62728,False,
northeast,10,1,2024-07-07,719.6521606445312,0.1585107295943155,#D62728,False,
northeast,10,1,2024-07-07,719.8035888671875,0.3361371157237003,#D62728,False,
northeast,10,1,2024-07-08,720.082763671875,0.1513121261000833,#D62728,False,
northeast,10,1,2024-07-09,720.3974957209762,0.1629751796669971,#D62728,False,
northeast,10,1,2024-07-10,697.1953150431315,4.363031141379554,#CFCFCF,True,uncertainty_gt_1m
northeast,10,1,2024-07-11,718.7003792317709,0.3396589880355501,#D62728,False,
northeast,10,1,2024-07-12,717.6461181640625,0.2269375381271395,,True,local_min_extreme_gt_1m
northeast,10,1,2024-07-13,718.3254743303571,0.8280747154487622,,True,local_max_extreme_gt_1m
northeast,10,1,2024-07-14,717.2609398883322,0.3264793617145751,#D62728,False,
northeast,10,1,2024-07-15,716.6713256835938,0.4931881968601252,#D62728,False,
northeast,10,1,2024-07-16,716.6458129882812,0.2484465945632843,#D62728,False,
northeast,10,1,2024-07-16,716.6157531738281,0.2608811903689727,#D62728,False,
northeast,10,1,2024-07-17,716.6915893554688,0.2192436501523063,#D62728,False,
northeast,10,1,2024-07-17,716.6453857421875,0.2064743536140792,#D62728,False,
northeast,10,1,2024-07-18,716.485595703125,0.0907004746884277,#D62728,False,
northeast,10,1,2024-07-19,716.6788525390625,0.2603089616810951,#D62728,False,
northeast,10,1,2024-07-23,728.1891192267923,0.3651515381742568,,True,gray_between_red_segments_out_of_both_sides
northeast,10,1,2024-07-24,717.6967163085938,0.0,,True,local_max_extreme_gt_1m
northeast,10,1,2024-07-26,715.4172668457031,0.4938545195923834,#D62728,False,
northeast,10,1,2024-07-27,715.6854858398438,0.1777154341236256,#D62728,False,
northeast,10,1,2024-07-27,715.4379577636719,0.1899812169591513,#D62728,False,
northeast,10,1,2024-07-28,715.3125,0.2673463008091677,#D62728,False,
northeast,10,1,2024-07-28,715.5171813964844,0.3553980966079384,#D62728,False,
northeast,10,1,2024-07-29,715.43798828125,0.2719537797736469,#D62728,False,
northeast,110,1,2024-07-07,855.378931980507,0.4577065678043689,#D62728,False,
northeast,110,1,2024-07-08,855.60302734375,0.3662171957638697,#D62728,False,
northeast,110,1,2024-07-09,855.5320434570312,0.2479160451833853,#D62728,False,
northeast,110,1,2024-07-10,855.5877685546875,0.4945589244443414,#D62728,False,
northeast,110,1,2024-07-11,861.1248168945312,0.0,,True,gray_between_red_segments_out_of_both_sides
northeast,110,1,2024-07-12,865.8330078125,1.4991586153532552,#CFCFCF,True,uncertainty_gt_1m
northeast,110,1,2024-07-13,855.7619768415178,0.4287069768736015,#D62728,False,
northeast,110,1,2024-07-14,855.3511962890625,0.2410258362678058,#D62728,False,
northeast,110,1,2024-07-15,868.8683064778646,1.0032335661085074,#CFCFCF,True,uncertainty_gt_1m
northeast,110,1,2024-07-16,857.300131479899,2.716953432938977,#CFCFCF,True,uncertainty_gt_1m
northeast,110,1,2024-07-17,860.4957926432292,5.735614191609167,#CFCFCF,True,uncertainty_gt_1m
northeast,110,1,2024-07-17,856.1723307291667,0.4677268510927559,#D62728,False,
northeast,110,1,2024-07-18,856.6013295243426,0.4749944852649252,#D62728,False,
northeast,110,1,2024-07-19,855.7271728515625,0.1425964700750271,,True,local_min_extreme_gt_1m
northeast,110,1,2024-07-23,863.4975992838541,1.1899272624101247,#CFCFCF,True,uncertainty_gt_1m
northeast,110,1,2024-07-24,857.2374877929688,0.1474756817079481,#D62728,False,
northeast,110,1,2024-07-26,857.503008401805,0.3522459786085065,#D62728,False,
northeast,110,1,2024-07-27,857.1059875488281,0.5653004993398909,#D62728,False,
northeast,110,1,2024-07-27,857.0246347280649,0.3565926003985398,#D62728,False,
northeast,110,1,2024-07-28,911.7721496582031,1.8410706060585769,#CFCFCF,True,uncertainty_gt_1m
northeast,110,1,2024-07-29,857.1817932128906,0.2304356280015915,#D62728,False,
northeast,110,1,2024-07-31,857.051507859003,0.4461624508084192,#D62728,False,
northeast,110,1,2024-08-03,855.7039794921875,0.8918246170922131,,True,local_min_extreme_gt_1m
northeast,110,1,2024-08-04,856.9892272949219,0.4472670379129633,#D62728,False,
northeast,110,1,2024-08-06,857.3197265625,0.4962336586645715,#D62728,False,
northeast,110,1,2024-08-07,858.666781616211,4.636390151081002,#D62728,True,uncertainty_gt_1m
northeast,110,1,2024-08-07,857.2793606844815,0.7973241038376714,#D62728,False,
northeast,110,1,2024-08-08,858.845536394817,0.4069935383561439,,True,global_max_not_supported_by_neighbors
northeast,110,1,2024-08-09,857.6489691676863,0.2907645840009932,#D62728,False,
northeast,110,1,2024-08-10,857.722021484375,0.233678627255232,#D62728,False,
northeast,110,1,2024-08-10,857.722021484375,0.233678627255232,#D62728,False,
northeast,110,1,2024-08-11,858.6973266601562,0.0,,True,local_max_extreme_gt_1m
northeast,110,1,2024-08-12,857.9308248380336,0.4625624778704518,#D62728,False,
northeast,110,1,2024-08-12,857.9308248380336,0.4625624778704518,#D62728,False,
northeast,110,1,2024-08-14,858.1364440917969,0.1501903228030154,#D62728,False,
northeast,111,1,2024-07-05,694.6647338867188,0.4610264981406667,#D62728,False,
northeast,111,1,2024-07-06,678.0761151994977,1.8811411718176432,#CFCFCF,True,uncertainty_gt_1m
northeast,111,1,2024-07-06,686.9481811523438,0.2713998896370188,,True,gray_between_red_segments_out_of_both_sides
northeast,111,1,2024-07-07,674.3956298828125,0.0,,True,gray_between_red_segments_out_of_both_sides
northeast,111,1,2024-07-07,695.530331744828,0.139461210761183,#D62728,False,
northeast,111,1,2024-07-08,695.404296875,0.1666493406829581,#D62728,False,
northeast,111,1,2024-07-10,682.5245797293527,0.2105033795297987,,True,gray_between_red_segments_out_of_both_sides
northeast,111,1,2024-07-11,680.099043412642,0.3454924659176991,,True,gray_between_red_segments_out_of_both_sides
northeast,111,1,2024-07-12,680.0753173828125,0.0,,True,gray_between_red_segments_out_of_both_sides
northeast,111,1,2024-07-13,694.3804922250602,0.1452858733562979,#D62728,False,
northeast,111,1,2024-07-16,694.3070068359375,0.1695963314928399,#D62728,False,
northeast,111,1,2024-07-16,681.406982421875,0.0,,True,gray_between_red_segments_out_of_both_sides
northeast,111,1,2024-07-17,683.4576083096591,1.338797899386743,#CFCFCF,True,uncertainty_gt_1m
northeast,111,1,2024-07-17,694.21240234375,0.1471853347155998,#D62728,False,
northeast,111,1,2024-07-18,693.8291625976562,0.1973680194773076,#D62728,False,
northeast,111,1,2024-07-19,694.060302734375,0.3140505965148922,#D62728,False,
northeast,111,1,2024-07-23,693.9820495605469,0.2516978612920788,#D62728,False,
northeast,111,1,2024-07-24,709.111669921875,1.671351719455546,#CFCFCF,True,uncertainty_gt_1m
northeast,111,1,2024-07-26,693.9914192988955,0.2387110568708034,#D62728,False,
northeast,111,1,2024-07-27,693.8701171875,0.1156385230865722,#D62728,False,
northeast,111,1,2024-07-27,683.2438749425552,1.1818317692103424,#CFCFCF,True,uncertainty_gt_1m
northeast,111,1,2024-07-28,693.7176208496094,0.1887628617129366,#D62728,False,
northeast,111,1,2024-07-31,683.0443481445312,0.7043140670044843,,True,gray_between_red_segments_out_of_both_sides
northeast,111,1,2024-08-01,693.8184316781851,0.1590908740694548,#D62728,False,
northeast,111,1,2024-08-02,679.9643920898437,0.4224640526250482,,True,gray_between_red_segments_out_of_both_sides
northeast,111,1,2024-08-03,682.2183421741832,0.3554082234004906,,True,gray_between_red_segments_out_of_both_sides
northeast,111,1,2024-08-05,693.6441650390625,0.2859935779636364,#D62728,False,
northeast,111,1,2024-08-06,693.604248046875,0.1716919492696008,#D62728,False,
northeast,111,1,2024-08-06,671.469970703125,0.0515310972129356,,True,right_gray_below_global_red_min_gt_3m
northeast,112,1,2024-06-27,737.9295043945312,0.3891932300582036,#D62728,False,
northeast,112,1,2024-06-28,737.6647338867188,0.3148716780917309,#D62728,False,
northeast,112,1,2024-06-29,737.8568250868055,0.224083569617357,#D62728,False,
northeast,112,1,2024-06-30,737.8861999511719,0.3883468620465377,#D62728,False,
northeast,112,1,2024-06-30,738.3527294921874,0.2536321605323642,#D62728,False,
northeast,112,1,2024-07-01,738.5516967773438,0.1960376048672313,#D62728,False,
northeast,112,1,2024-07-02,729.32763671875,0.2823420753492672,,True,gray_between_red_segments_out_of_both_sides
northeast,112,1,2024-07-03,733.0854797363281,0.3348834306779515,,True,gray_between_red_segments_out_of_both_sides
northeast,112,1,2024-07-04,739.4909057617188,0.4923021660996704,#D62728,False,
northeast,112,1,2024-07-05,738.589599609375,0.305963753774799,#D62728,False,
northeast,112,1,2024-07-06,738.5557861328125,0.1238833379813707,#D62728,False,
northeast,112,1,2024-07-07,738.2100830078125,0.1324753378670917,#D62728,False,
northeast,112,1,2024-07-08,738.12939453125,0.2601078822824704,#D62728,False,
northeast,112,1,2024-07-09,737.311767578125,1.8085005144319664,#D62728,True,uncertainty_gt_1m
northeast,112,1,2024-07-09,738.11279296875,0.4458356200765409,#D62728,False,
northeast,112,1,2024-07-11,728.2099609375,0.0,,True,gray_between_red_segments_out_of_both_sides
northeast,112,1,2024-07-12,737.5911719912574,0.3430296821162629,#D62728,False,
northeast,112,1,2024-07-13,728.4934692382812,0.0,,True,gray_between_red_segments_out_of_both_sides
northeast,112,1,2024-07-14,737.6773459694602,0.4624762392647933,#D62728,False,
northeast,112,1,2024-07-16,737.1492004394531,0.1463556440619352,#D62728,False,
northeast,112,1,2024-07-17,725.9282836914062,2.302821256245875,#CFCFCF,True,uncertainty_gt_1m
northeast,112,1,2024-07-18,736.8632202148438,0.2150071860655281,#D62728,False,
northeast,112,1,2024-07-19,737.02685546875,0.3919716559859684,#D62728,False,
northeast,112,1,2024-07-23,736.9277267456055,0.4751552663214675,#D62728,False,
northeast,112,1,2024-07-24,737.0511838223072,0.1681121149062964,#D62728,False,
northeast,112,1,2024-07-26,736.4280700683594,0.2959369628049412,#D62728,False,
northeast,112,1,2024-07-27,720.4902954101562,2.4403875842666087,#CFCFCF,True,uncertainty_gt_1m
northeast,112,1,2024-07-28,736.8097664969308,0.178647343373157,#D62728,False,
northeast,112,1,2024-07-30,738.2916259765625,0.4428049056990953,,True,local_max_extreme_gt_1m
northeast,112,1,2024-07-31,725.90869140625,0.8021010795814021,,True,right_gray_below_global_red_min_gt_3m
northeast,112,1,2024-08-01,726.8525390625,0.0,,True,right_gray_below_global_red_min_gt_3m
northeast,112,1,2024-08-02,736.3669048108553,0.4486203416928914,#CFCFCF,False,
northeast,112,1,2024-08-04,733.8001251220703,1.902434797526643,#CFCFCF,True,uncertainty_gt_1m
northeast,112,1,2024-08-05,736.5263671875,0.3167584869770815,#CFCFCF,False,
northeast,112,1,2024-08-06,736.6158447265625,0.1967306936545391,#CFCFCF,False,
northeast,112,1,2024-08-07,724.9185791015625,0.2416868881008707,,True,right_gray_below_global_red_min_gt_3m
northeast,112,1,2024-08-07,722.5515543619791,0.7565685472571049,,True,right_gray_below_global_red_min_gt_3m
northeast,112,1,2024-08-08,736.3870239257812,0.2464701510912577,#CFCFCF,False,
northeast,112,1,2024-08-09,736.3660278320312,0.1646720581824458,#CFCFCF,False,
northeast,112,1,2024-08-10,730.5236968994141,0.3844525193630379,,True,right_gray_below_global_red_min_gt_3m
northeast,112,1,2024-08-12,728.1044921875,0.6644032333454102,,True,right_gray_below_global_red_min_gt_3m
northeast,112,1,2024-08-12,728.1044921875,0.6644032333454102,,True,right_gray_below_global_red_min_gt_3m
northeast,112,1,2024-08-13,728.19580078125,0.0,,True,right_gray_below_global_red_min_gt_3m
northeast,113,1,2024-07-06,490.9020487467448,0.7161642437071204,#D62728,False,
northeast,113,1,2024-07-06,490.8068084716797,0.0487473821624881,#D62728,False,
northeast,113,1,2024-07-07,491.10035705566406,0.0582504325949774,#D62728,False,
northeast,113,1,2024-07-08,492.24772359557073,0.1617902774849289,#D62728,False,
northeast,113,1,2024-07-09,492.0508728027344,0.3146133599888837,#D62728,False,
northeast,113,1,2024-07-10,491.754161345653,0.4127836138323905,#D62728,False,
northeast,113,1,2024-07-11,491.71783447265625,0.3733067239430881,#D62728,False,
northeast,113,1,2024-07-12,491.6068420410156,0.2697675315345816,#D62728,False,
northeast,113,1,2024-07-13,491.4822082519531,0.2988230752104415,#D62728,False,
northeast,113,1,2024-07-14,491.5436553955078,0.159018771051452,#D62728,False,
northeast,113,1,2024-07-15,491.4363708496094,0.1227627054757653,#D62728,False,
northeast,113,1,2024-07-16,491.4463958740234,0.3870851301081809,#D62728,False,
northeast,113,1,2024-07-16,491.2670440673828,0.1928926578570785,#D62728,False,
northeast,113,1,2024-07-17,491.3160705566406,0.1335204361270003,#D62728,False,
northeast,113,1,2024-07-18,490.8882751464844,0.1510848890148588,#D62728,False,
northeast,113,1,2024-07-19,491.0701751708984,0.2850695043001676,#D62728,False,
northeast,113,1,2024-07-23,490.0955505371094,0.6000172371957727,#D62728,False,
northeast,113,1,2024-07-24,490.4716796875,0.0793546548917469,#D62728,False,
northeast,113,1,2024-07-26,490.154296875,0.1935161357355313,#D62728,False,
northeast,113,1,2024-07-27,490.1851196289063,0.2495250082064044,#D62728,False,
northeast,113,1,2024-07-27,490.0450744628906,0.2786584638566956,#D62728,False,
northeast,113,1,2024-07-28,490.1678466796875,0.2613788193602164,#D62728,False,
northeast,114,1,2024-06-30,685.696044921875,0.0,#D62728,False,
northeast,114,1,2024-07-01,685.4020250108507,0.1513816052912791,#D62728,False,
northeast,114,1,2024-07-02,685.6185975366709,0.1271684881575381,#D62728,False,
northeast,114,1,2024-07-03,685.6877399020725,0.0862857964547126,#D62728,False,
northeast,114,1,2024-07-04,685.7919455427465,0.130525531379274,#D62728,False,
northeast,114,1,2024-07-05,686.2920532226562,0.1450028007830341,#D62728,False,
northeast,114,1,2024-07-06,686.7672119140625,0.2418547456462066,#D62728,False,
northeast,114,1,2024-07-06,686.7814331054688,0.2308789850353605,#D62728,False,
northeast,114,1,2024-07-07,686.7081909179688,0.1647525540213228,#D62728,False,
northeast,114,1,2024-07-08,686.2914428710938,0.1396999531769581,#D62728,False,
northeast,114,1,2024-07-09,686.04345703125,0.1171183207452883,#D62728,False,
northeast,114,1,2024-07-10,685.8373364535245,0.2178959781125615,#D62728,False,
northeast,114,1,2024-07-11,685.5431951992754,0.2427981927451937,#D62728,False,
northeast,114,1,2024-07-12,685.2913208007812,0.3258545950800314,#D62728,False,
northeast,114,1,2024-07-13,706.0629425048828,0.5587159033796035,,True,gray_between_red_segments_out_of_both_sides
northeast,114,1,2024-07-14,685.1466674804688,0.1383096022475826,#D62728,False,
northeast,114,1,2024-07-15,685.1868896484375,0.2019672505830086,#D62728,False,
northeast,114,1,2024-07-16,684.93701171875,0.1591904628545789,#D62728,False,
northeast,114,1,2024-07-17,685.14453125,0.2382286992366423,#D62728,False,
northeast,114,1,2024-07-17,685.1974487304688,0.3709830168834532,#D62728,False,
northeast,114,1,2024-07-18,684.9576416015625,0.1097195588907103,#D62728,False,
northeast,114,1,2024-07-19,685.2719421386719,0.1623698559177219,#D62728,False,
northeast,114,1,2024-07-23,684.8435974121094,0.247173490420861,#D62728,False,
northeast,114,1,2024-07-24,684.7539672851562,0.1510207129935799,#D62728,False,
northeast,114,1,2024-07-26,684.4066365559896,0.4670103946796937,#D62728,False,
northeast,114,1,2024-07-27,684.589345296224,0.2737258495157698,#D62728,False,
northeast,114,1,2024-07-27,684.8038940429688,0.1893847095543374,#D62728,False,
northeast,114,1,2024-07-28,684.6719360351562,0.0,#D62728,False,
northeast,114,1,2024-07-29,684.6845296223959,0.2588714060744974,#D62728,False,
northeast,114,1,2024-07-30,684.4894002278646,0.2253233825279396,#D62728,False,
northeast,114,1,2024-07-31,684.5116141183036,0.2701423547657214,#D62728,False,
northeast,114,1,2024-08-01,684.4391521585399,0.1594142380423399,#D62728,False,
northeast,114,1,2024-08-02,684.4268213907877,0.1285706241694504,#D62728,False,
northeast,114,1,2024-08-03,684.6304321289062,0.2835530447473772,#D62728,False,
northeast,114,1,2024-08-04,684.5789794921875,0.1100057049134515,#D62728,False,
northeast,116,1,2024-07-05,1004.2073364257812,0.2387200219757142,#D62728,False,
northeast,116,1,2024-07-06,1004.5376586914062,0.13182333504137,#D62728,False,
northeast,116,1,2024-07-06,1011.944116425096,7.031846112750611,#CFCFCF,True,uncertainty_gt_1m
northeast,116,1,2024-07-07,1004.8135375976562,0.1802486979213591,#D62728,False,
northeast,116,1,2024-07-07,1004.7490844726562,0.1172404740217707,#D62728,False,
northeast,116,1,2024-07-08,1004.878662109375,0.1878359672872757,#D62728,False,
northeast,116,1,2024-07-09,1005.1883850097656,0.3444103247901871,#D62728,False,
northeast,116,1,2024-07-11,1005.3984375,0.1409337564270347,#D62728,False,
northeast,116,1,2024-07-12,1005.4535853068032,0.1070793786252283,#D62728,False,
northeast,116,1,2024-07-13,1005.5569199384267,0.3803883702168696,#D62728,False,
northeast,116,1,2024-07-16,1005.619140625,0.1777984041865855,#D62728,False,
northeast,116,1,2024-07-17,1005.657091327742,0.1361561815701435,#D62728,False,
northeast,116,1,2024-07-17,1005.6735667353092,0.1580913843279252,#D62728,False,
northeast,116,1,2024-07-18,1005.4329082782452,0.4831369972015838,#D62728,False,
northeast,116,1,2024-07-18,1005.4300231933594,0.1706236311238772,#D62728,False,
northeast,116,1,2024-07-19,1005.828369140625,0.2336163418580453,#D62728,False,
northeast,116,1,2024-07-23,1006.2523081461588,0.1237122597674881,#D62728,False,
northeast,116,1,2024-07-24,1006.259773947976,0.0999793693703655,#D62728,False,
northeast,116,1,2024-07-26,1004.7569885253906,0.1901754010276619,#D62728,False,
northeast,116,1,2024-07-27,1004.3961181640624,0.0891808262876953,#D62728,False,
northeast,116,1,2024-07-27,1004.4242973952996,0.2118800792432772,#D62728,False,
northeast,116,1,2024-07-28,1004.1209869384766,0.1033264852385328,#D62728,False,
northeast,116,1,2024-07-28,1004.2760620117188,0.2294011388579207,#D62728,False,
northeast,116,1,2024-08-01,1003.530810546875,0.3483365163990863,#D62728,False,
northeast,116,1,2024-08-02,1003.3457370334202,0.2497026337254736,#D62728,False,
northeast,116,1,2024-08-05,1003.0233764648438,0.2072425844566199,#D62728,False,
northeast,116,1,2024-08-06,1003.1043090820312,0.1551743396520764,#D62728,False,
northeast,117,1,2024-07-05,473.2330932617188,0.2685930405790409,#D62728,False,
northeast,117,1,2024-07-05,473.337873186384,0.1315350730603545,#D62728,False,
northeast,117,1,2024-07-06,473.7931675055088,0.1154586428254262,#D62728,False,
northeast,117,1,2024-07-06,473.8350524902344,0.1178644088070573,#D62728,False,
northeast,117,1,2024-07-07,474.2609558105469,0.1834426969602138,#D62728,False,
northeast,117,1,2024-07-15,473.6396853129069,0.1122626310534747,#D62728,False,
northeast,117,1,2024-07-16,473.3878173828125,0.2060076938883465,#D62728,False,
northeast,117,1,2024-07-16,473.3877716064453,0.1539215757652343,#D62728,False,
northeast,117,1,2024-07-17,487.7007598876953,0.8023788893084532,,True,gray_between_red_segments_out_of_both_sides
northeast,117,1,2024-07-17,473.3675231933594,0.1354556199283171,#D62728,False,
northeast,117,1,2024-07-18,472.8582458496094,0.3373527325685377,#D62728,False,
northeast,118,1,2024-07-08,568.4228820800781,0.4801850214745638,#D62728,False,
northeast,118,1,2024-07-09,569.2069533775592,0.4609363221078416,#D62728,False,
northeast,118,1,2024-07-10,569.4894028409906,0.2947201664516879,#D62728,False,
northeast,118,1,2024-07-11,568.7646952311198,0.4597320336238206,#D62728,False,
northeast,118,1,2024-07-12,568.3848732396176,0.3246510853184812,#D62728,False,
northeast,118,1,2024-07-13,573.12744140625,7.320821317690868,#CFCFCF,True,uncertainty_gt_1m
northeast,118,1,2024-07-14,568.4796871759195,0.4709620946181135,#D62728,False,
northeast,118,1,2024-07-15,568.1197204589844,0.3040626039490813,#D62728,False,
northeast,118,1,2024-07-16,568.0596923828125,0.2939333220415254,#D62728,False,
northeast,118,1,2024-07-16,567.9724731445312,0.3624899405343508,#D62728,False,
northeast,118,1,2024-07-17,568.0333862304688,0.3484780874865031,#D62728,False,
northeast,118,1,2024-07-17,567.9240417480469,0.6357100735639454,#D62728,False,
northeast,118,1,2024-07-18,567.9612121582031,0.2880330553027703,#D62728,False,
northeast,119,1,2024-07-04,984.7028583727384,4.788247294401199,#CFCFCF,True,uncertainty_gt_1m
northeast,119,1,2024-07-05,989.4225463867188,0.1842871904198516,#D62728,False,
northeast,119,1,2024-07-06,989.7831115722656,0.2199212187268569,#D62728,False,
northeast,119,1,2024-07-06,989.6701965332032,0.1390444297945399,#D62728,False,
northeast,119,1,2024-07-07,989.8635559082032,0.1292744220893811,#D62728,False,
northeast,119,1,2024-07-07,990.0250854492188,0.2137113344279831,#D62728,False,
northeast,119,1,2024-07-08,990.1476440429688,0.0950499358989628,#D62728,False,
northeast,119,1,2024-07-09,990.3651733398438,0.1251140884175078,#D62728,False,
northeast,119,1,2024-07-14,991.2811279296876,0.0,#D62728,False,
northeast,119,1,2024-07-15,991.3445434570312,0.1299675372243857,#D62728,False,
northeast,119,1,2024-07-16,991.5279235839844,0.2502890553624953,#D62728,False,
northeast,119,1,2024-07-16,991.4640197753906,0.205031892315918,#D62728,False,
northeast,119,1,2024-07-17,991.4544677734376,0.1702638940345584,#D62728,False,
northeast,119,1,2024-07-17,991.5443115234376,0.2141922978776387,#D62728,False,
northeast,119,1,2024-07-18,991.1843872070312,0.0986625515467098,#D62728,False,
northeast,119,1,2024-07-18,990.8089294433594,0.2471392073358601,#D62728,False,
northeast,119,1,2024-07-19,991.6629028320312,0.1553258336861451,#D62728,False,
northeast,11,1,2024-06-27,701.4334716796875,0.1228455655950225,#D62728,False,
northeast,11,1,2024-06-28,702.0473327636719,0.2822569161881965,#D62728,False,
northeast,11,1,2024-06-30,703.1004733615451,0.1296456009431102,#D62728,False,
northeast,11,1,2024-07-01,703.4818572998047,0.3017787298276436,#D62728,False,
northeast,11,1,2024-07-02,703.7164916992188,0.0663521196095647,#D62728,False,
northeast,11,1,2024-07-04,705.078857421875,0.3394103728310668,#D62728,False,
northeast,11,1,2024-07-05,704.6226806640625,0.1461516693563366,#D62728,False,
northeast,11,1,2024-07-06,705.0971984863281,0.1099180989096726,#D62728,False,
northeast,11,1,2024-07-06,705.0901794433594,0.1346261342057472,#D62728,False,
northeast,11,1,2024-07-07,705.4640561058408,0.1913176240757178,#D62728,False,
northeast,11,1,2024-07-07,705.4012451171875,0.1027300288247097,#D62728,False,
northeast,11,1,2024-07-08,705.6957397460938,0.2006147108281842,#D62728,False,
northeast,11,1,2024-07-10,706.1399676983173,0.0590815223789955,#D62728,False,
northeast,11,1,2024-07-11,706.3596496582031,0.0917813665311214,#D62728,False,
northeast,11,1,2024-07-12,706.4584350585938,0.0875625603057981,#D62728,False,
northeast,11,1,2024-07-13,706.59326171875,0.0,#D62728,False,
northeast,11,1,2024-07-16,706.7640380859375,0.1542561684458973,#D62728,False,
northeast,11,1,2024-07-17,707.0089283818784,0.1154924134150034,#D62728,False,
northeast,11,1,2024-07-17,706.9267683919271,0.1330796211740692,#D62728,False,
northeast,11,1,2024-07-18,706.7557678222656,0.1232064015665888,#D62728,False,
northeast,11,1,2024-07-19,707.3487548828125,0.4112505122442978,#D62728,False,
northeast,11,1,2024-07-23,707.9820070008974,0.0942006856098461,#D62728,False,
northeast,11,1,2024-07-26,708.1060791015625,0.1557634617713673,#D62728,False,
northeast,11,1,2024-07-27,708.2427978515625,0.1128396437395876,#D62728,False,
northeast,11,1,2024-07-27,708.2805823123816,0.0848031888520057,#D62728,False,
northeast,11,1,2024-07-28,708.0359741210938,0.1620895741330956,#D62728,False,
northeast,11,1,2024-07-28,680.8947143554688,1.371999894093355,#CFCFCF,True,uncertainty_gt_1m
northeast,11,1,2024-07-31,708.5931354391164,0.1033229865501319,#D62728,False,
northeast,11,1,2024-08-01,708.6029990059989,0.1093245973052907,#D62728,False,
northeast,11,1,2024-08-02,708.6827711625533,0.1126070559357538,#D62728,False,
northeast,11,1,2024-08-03,708.6936437728557,0.1526659056022093,#D62728,False,
northeast,11,1,2024-08-05,708.9249267578125,0.2414430245357128,#D62728,False,
northeast,11,1,2024-08-06,708.9305793108259,0.1012670587655474,#D62728,False,
northeast,11,1,2024-08-07,692.497816297743,0.7815212331922863,,True,gray_between_red_segments_out_of_both_sides
northeast,11,1,2024-08-07,686.1225863370029,0.4968756483521879,,True,gray_between_red_segments_out_of_both_sides
northeast,11,1,2024-08-08,708.9503173828125,0.131911741368026,#D62728,False,
northeast,11,1,2024-08-09,708.8711547851562,0.3106594403155285,#D62728,False,
northeast,11,1,2024-08-11,708.9023255305503,0.0589557686804486,#D62728,False,
northeast,11,1,2024-08-12,708.8833309311465,0.063801553197823,#D62728,False,
northeast,11,1,2024-08-12,708.8833309311465,0.063801553197823,#D62728,False,
northeast,11,1,2024-08-13,708.9117412264385,0.0779767629483224,#D62728,False,
northeast,11,1,2024-08-14,708.9820556640625,0.3631915789057501,#D62728,False,
northeast,120,1,2024-07-05,1067.074462890625,0.2318270673033374,#D62728,False,
northeast,120,1,2024-07-06,1066.9134521484375,0.335608745271455,#D62728,False,
northeast,120,1,2024-07-06,1066.87060546875,0.1874073152640882,#D62728,False,
northeast,120,1,2024-07-07,1067.019775390625,0.3117661252595415,#D62728,False,
northeast,120,1,2024-07-07,1066.91845703125,0.4815101151908275,#D62728,False,
northeast,120,1,2024-07-08,1066.7842383751502,0.3152670078577808,#D62728,False,
northeast,120,1,2024-07-08,1067.0562133789062,0.4734869733858791,#D62728,False,
northeast,120,1,2024-07-16,1067.0853271484375,0.3117214624820799,#D62728,False,
northeast,120,1,2024-07-16,1066.9883442540322,0.2970513146433621,#D62728,False,
northeast,120,1,2024-07-17,1067.06298828125,0.2212598303622275,#D62728,False,
northeast,120,1,2024-07-17,1066.9776611328125,0.3456607105806056,#D62728,False,
northeast,120,1,2024-07-18,1066.8684228515624,0.2615855488179514,#D62728,False,
northeast,120,1,2024-07-18,1066.5067749023438,0.2781765596552171,#D62728,False,
northeast,120,1,2024-07-19,1069.93310546875,0.0,,True,gray_between_red_segments_out_of_both_sides
northeast,120,1,2024-07-26,1067.1368789672852,0.2441537183075421,#D62728,False,
northeast,120,1,2024-07-27,1067.02294921875,0.2383956470407282,#D62728,False,
northeast,120,1,2024-07-27,1067.0228881835938,0.1946969823839525,#D62728,False,
northeast,120,1,2024-07-28,1067.1090087890625,0.2054346429078879,#D62728,False,
northeast,120,1,2024-07-28,1066.8773193359375,0.2678659489265195,#D62728,False,
northeast,120,1,2024-07-29,1067.1974440354568,0.2478378026311902,#D62728,False,
northeast,120,1,2024-08-06,1067.0693359375,0.238385369885033,#D62728,False,
northeast,120,1,2024-08-06,1067.0531005859375,0.1972516365222987,#D62728,False,
northeast,120,1,2024-08-07,1067.0682373046875,0.2621073161479555,#D62728,False,
northeast,120,1,2024-08-07,1067.045166015625,0.2335806569586424,#D62728,False,
northeast,120,1,2024-08-08,1067.0677490234375,0.1709431016572955,#D62728,False,
northeast,120,1,2024-08-08,1067.0728759765625,0.2828247465757037,#D62728,False,
northeast,120,1,2024-08-09,1067.2204145951705,0.3927877645387354,#D62728,False,
northeast,121,1,2024-07-04,503.7185668945313,0.2994054962877665,#D62728,False,
northeast,121,1,2024-07-05,502.8778991699219,0.1491806429631345,#D62728,False,
northeast,121,1,2024-07-05,502.9191436767578,0.2222056507326709,#D62728,False,
northeast,121,1,2024-07-06,502.7292767228751,0.0841780796288822,#D62728,False,
northeast,121,1,2024-07-06,502.662856500799,0.154162040992499,#D62728,False,
northeast,121,1,2024-07-07,502.6341618855794,0.1984054665140514,#D62728,False,
northeast,121,1,2024-07-07,502.59375,0.1172071960841064,#D62728,False,
northeast,121,1,2024-07-08,502.4980773925781,0.3884557227097854,#D62728,False,
northeast,121,1,2024-07-11,502.4267883300781,0.0426838162363055,#D62728,False,
northeast,121,1,2024-07-15,502.1859130859375,0.0107032764730385,#D62728,False,
northeast,121,1,2024-07-16,501.8570556640625,0.1058936021982142,#D62728,False,
northeast,121,1,2024-07-16,501.8781127929688,0.1497420383630147,#D62728,False,
northeast,121,1,2024-07-17,501.7856270394674,0.1163270172527819,#D62728,False,
northeast,121,1,2024-07-17,501.68125915527344,0.1223933887414449,#D62728,False,
northeast,121,1,2024-07-18,498.3658752441406,0.0,,True,gray_between_red_segments_out_of_both_sides
northeast,121,1,2024-07-18,501.1106872558594,0.2973777568508202,#D62728,False,
northeast,121,1,2024-07-26,500.6361999511719,0.1558284531147108,#D62728,False,
northeast,121,1,2024-07-26,519.9180755615234,0.3044361079114224,,True,gray_between_red_segments_out_of_both_sides
northeast,121,1,2024-07-27,500.33984375,0.1954278182376205,#D62728,False,
northeast,121,1,2024-07-27,500.4046020507813,0.1510475974842638,#D62728,False,
northeast,121,1,2024-07-28,500.260414455248,0.226589919320755,#D62728,False,
northeast,121,1,2024-07-28,500.23784790039065,0.1744983684438847,#D62728,False,
northeast,121,1,2024-08-01,512.2811126708984,0.6391970814674903,,True,gray_between_red_segments_out_of_both_sides
northeast,121,1,2024-08-05,499.9173583984375,0.1964830804080607,#D62728,False,
northeast,121,1,2024-08-05,499.9038009643554,0.188929498344398,#D62728,False,
northeast,121,1,2024-08-06,499.7495260799632,0.2923520392356735,#D62728,False,
northeast,121,1,2024-08-06,499.6043509549873,0.3114479900790665,#D62728,False,
northeast,121,1,2024-08-07,525.1618347167969,0.1563627849266883,,True,gray_between_red_segments_out_of_both_sides
northeast,121,1,2024-08-07,499.5189666748047,0.1640271201446472,#D62728,False,
northeast,123,1,2024-07-08,1001.4388997395832,0.2748705296634403,#D62728,False,
northeast,123,1,2024-07-08,1001.2985229492188,0.3541011983636417,#D62728,False,
northeast,123,1,2024-07-09,1001.3871459960938,0.2077602770207119,#D62728,False,
northeast,123,1,2024-07-12,995.5735168457032,0.2169571404434066,,True,gray_between_red_segments_out_of_both_sides
northeast,123,1,2024-07-13,997.0552368164062,0.2911297832402901,,True,gray_between_red_segments_out_of_both_sides
northeast,123,1,2024-07-16,1001.534423828125,0.2933899275396856,#D62728,False,
northeast,123,1,2024-07-16,1001.6506819291548,0.3770133708168166,#D62728,False,
northeast,123,1,2024-07-17,1032.2684326171875,0.0,,True,gray_between_red_segments_out_of_both_sides
northeast,123,1,2024-07-17,1001.7866680438702,0.355987714216744,#D62728,False,
northeast,123,1,2024-07-18,1001.1819458007812,0.4718913560830247,,True,local_min_extreme_gt_1m
northeast,123,1,2024-07-19,1001.8622935901988,0.2871882645808797,#D62728,False,
northeast,123,1,2024-07-23,996.5826958550348,0.3656056926853931,,True,gray_between_red_segments_out_of_both_sides
northeast,123,1,2024-07-24,1000.0216064453124,0.0,,True,gray_between_red_segments_out_of_both_sides
northeast,123,1,2024-07-26,991.4620666503906,11.067144714748997,#CFCFCF,True,uncertainty_gt_1m
northeast,123,1,2024-07-26,1001.8367043519632,0.3218619752093594,#D62728,False,
northeast,123,1,2024-07-27,1010.094970703125,0.5807390654080923,,True,gray_between_red_segments_out_of_both_sides
northeast,123,1,2024-07-27,1022.4485815429688,0.1888530221930885,,True,gray_between_red_segments_out_of_both_sides
northeast,123,1,2024-07-28,1013.5826110839844,10.79472076907128,#CFCFCF,True,uncertainty_gt_1m
northeast,123,1,2024-07-28,1002.0582885742188,0.263146754926257,#D62728,False,
northeast,123,1,2024-07-29,1007.4929077148438,11.220763092050465,#CFCFCF,True,uncertainty_gt_1m
northeast,123,1,2024-08-06,1002.2593994140624,0.2574941183101806,#D62728,False,
northeast,123,1,2024-08-06,1018.135281032986,0.1173716691797098,,True,gray_between_red_segments_out_of_both_sides
northeast,123,1,2024-08-07,1002.3202684190538,0.2303576347091342,#D62728,False,
northeast,123,1,2024-08-08,1001.8885685847356,0.232375998450029,#D62728,False,
northeast,123,1,2024-08-08,1010.7706963034236,16.713029343764305,#CFCFCF,True,uncertainty_gt_1m
northeast,123,1,2024-08-09,1021.1861165364584,0.1810589812811067,,True,edge_short_gray_above_nearest_red
northeast,123,2,2024-07-08,1001.1470627557665,0.213829686625579,#D62728,False,
northeast,123,2,2024-07-08,1001.4196166992188,0.3393889362926482,#D62728,False,
northeast,123,2,2024-07-16,1001.5846813571068,0.2720782089521502,#D62728,False,
northeast,123,2,2024-07-16,1004.0753784179688,6.125094026213636,#CFCFCF,True,uncertainty_gt_1m
northeast,123,2,2024-07-17,994.68701171875,0.0,,True,gray_between_red_segments_out_of_both_sides
northeast,123,2,2024-07-17,1001.6068827311198,0.4606560396160987,#D62728,False,
northeast,123,2,2024-07-18,1012.3173217773438,0.3594229293042949,,True,gray_between_red_segments_out_of_both_sides
northeast,123,2,2024-07-18,1001.3076607840402,0.2452253157460958,#D62728,False,
northeast,123,2,2024-07-19,1001.5830965909092,0.3398998173153418,#D62728,False,
northeast,123,2,2024-07-26,1002.3012182617188,0.2289691041042799,#D62728,False,
northeast,123,2,2024-07-27,1002.0353215144232,0.3259425771960844,#D62728,False,
northeast,123,2,2024-07-27,1003.6908813476564,0.8079914901068748,,True,gray_between_red_segments_out_of_both_sides
northeast,123,2,2024-07-28,998.7209536903785,3.214629053444029,#CFCFCF,True,uncertainty_gt_1m
northeast,123,2,2024-07-28,1001.9892504882812,0.2580517716491292,#D62728,False,
northeast,123,2,2024-07-29,1002.3774746981534,0.3087595571017028,#D62728,False,
northeast,123,2,2024-08-06,1002.1849648918904,0.4794755513611315,#D62728,False,
northeast,123,2,2024-08-06,1015.0568389892578,0.5404557944879271,,True,gray_between_red_segments_out_of_both_sides
northeast,123,2,2024-08-07,1003.6892064412436,2.415583412452406,#CFCFCF,True,uncertainty_gt_1m
northeast,123,2,2024-08-07,1002.0912017822266,0.4628800992858032,#D62728,False,
northeast,123,2,2024-08-08,1002.1605834960938,0.0903736328005755,#D62728,False,
northeast,123,2,2024-08-08,1002.1020382151884,0.2615860580563721,#D62728,False,
northeast,126,1,2024-07-03,643.2299346923828,0.2006502591351735,#D62728,False,
northeast,126,1,2024-07-04,644.1854553222656,0.3152289976681559,#D62728,False,
northeast,126,1,2024-07-05,643.8848266601562,0.228423079290249,#D62728,False,
northeast,126,1,2024-07-06,629.6363691850142,0.3280224094676645,,True,gray_between_red_segments_out_of_both_sides
northeast,126,1,2024-07-06,633.9103022036345,0.8724197502890491,,True,gray_between_red_segments_out_of_both_sides
northeast,126,1,2024-07-07,643.6677729853877,0.1120034408160789,#D62728,False,
northeast,126,1,2024-07-08,643.5110168457031,0.2367210374631051,#D62728,False,
northeast,126,1,2024-07-09,631.0715359774503,0.4245765108629452,,True,gray_between_red_segments_out_of_both_sides
northeast,126,1,2024-07-10,643.21923828125,0.1253138575519645,#D62728,False,
northeast,126,1,2024-07-11,642.9143371582031,0.0856582896730174,#D62728,False,
northeast,126,1,2024-07-12,642.7720947265625,0.1107735337132939,#D62728,False,
northeast,126,1,2024-07-13,634.9859313964844,10.446699946295762,#CFCFCF,True,uncertainty_gt_1m
northeast,126,1,2024-07-14,642.4718627929688,0.3564098024751169,#D62728,False,
northeast,126,1,2024-07-14,642.6747747350622,0.1406312617513548,#D62728,False,
northeast,126,1,2024-07-16,642.4840698242188,0.1167835107054005,#D62728,False,
northeast,126,1,2024-07-17,626.8115783691406,0.9341216597057844,,True,gray_between_red_segments_out_of_both_sides
northeast,126,1,2024-07-18,642.0225219726562,0.1747604200406322,#D62728,False,
northeast,126,1,2024-07-19,642.2485046386719,0.2878805485103869,#D62728,False,
northeast,126,1,2024-07-23,642.2283020019531,0.1493140758677568,#D62728,False,
northeast,126,1,2024-07-24,629.7768859863281,0.0573574775510816,,True,gray_between_red_segments_out_of_both_sides
northeast,126,1,2024-07-25,642.0923461914062,0.0,#D62728,False,
northeast,126,1,2024-07-26,641.966552734375,0.3978446603769295,#D62728,False,
northeast,126,1,2024-07-27,628.7784830729166,0.2471719973600197,,True,gray_between_red_segments_out_of_both_sides
northeast,126,1,2024-07-27,632.8224278500205,0.8563197747633081,,True,gray_between_red_segments_out_of_both_sides
northeast,126,1,2024-07-28,641.9732666015625,0.182760741300813,#D62728,False,
northeast,126,1,2024-07-29,641.2672119140625,0.0,,True,local_min_extreme_gt_1m
northeast,126,1,2024-07-30,630.0773803710938,0.373765842786124,,True,gray_between_red_segments_out_of_both_sides
northeast,126,1,2024-07-31,641.8632202148438,0.1783178987421977,#D62728,False,
northeast,126,1,2024-08-01,624.2813720703125,0.6318043254272904,,True,gray_between_red_segments_out_of_both_sides
northeast,126,1,2024-08-02,624.8264465332031,0.4885957603175902,,True,gray_between_red_segments_out_of_both_sides
northeast,126,1,2024-08-03,628.2722595214843,0.3659093550886617,,True,gray_between_red_segments_out_of_both_sides
northeast,126,1,2024-08-04,642.1921081542969,0.3609788038992704,#D62728,False,
northeast,126,1,2024-08-04,641.9585753483559,0.1996357308587857,#D62728,False,
northeast,126,1,2024-08-05,641.7647705078125,0.1726439003162404,#D62728,False,
northeast,126,1,2024-08-06,623.2113265991211,2.1865098982248004,#CFCFCF,True,uncertainty_gt_1m
northeast,126,1,2024-08-07,626.1204638671875,1.1433945921263855,#CFCFCF,True,uncertainty_gt_1m
northeast,127,1,2024-07-06,997.5365353538876,0.659877221413778,#D62728,False,
northeast,127,1,2024-07-06,997.3585123697916,0.3882063207745309,#D62728,False,
northeast,127,1,2024-07-07,996.7842292785645,2.2113166683019907,#D62728,True,uncertainty_gt_1m
northeast,127,1,2024-07-07,997.631591796875,0.1268599656357454,#D62728,False,
northeast,127,1,2024-07-08,997.83154296875,0.1942227332031946,#D62728,False,
northeast,127,1,2024-07-11,998.2556820824032,0.3167447533544379,#D62728,False,
northeast,127,1,2024-07-12,997.845819646662,0.1877730099680224,#D62728,False,
northeast,127,1,2024-07-13,997.7763061523438,0.0,#D62728,False,
northeast,127,1,2024-07-16,998.4889553493924,0.3460879048144977,,True,local_max_extreme_gt_1m
northeast,127,1,2024-07-17,997.609405517578,0.1136359957802844,,True,local_min_extreme_gt_1m
northeast,127,1,2024-07-17,998.2974384014424,0.2455024939032672,#D62728,False,
northeast,127,1,2024-07-18,998.1875508626302,0.3491529695747879,#D62728,False,
northeast,127,1,2024-07-18,997.9423217773438,0.1356071359774749,#D62728,False,
northeast,127,1,2024-07-19,998.29931640625,0.3250991432096628,#D62728,False,
northeast,127,1,2024-07-23,998.9684059836648,0.1532591632660151,#D62728,False,
northeast,127,1,2024-07-26,999.2933654785156,0.1683199605042947,#D62728,False,
northeast,127,1,2024-07-27,999.1008779672476,0.4661717584189525,#D62728,False,
northeast,127,1,2024-07-27,999.0347649069394,0.3237245403425543,#D62728,False,
northeast,127,1,2024-07-28,996.9817810058594,3.741269869428604,#CFCFCF,True,uncertainty_gt_1m
northeast,127,1,2024-07-28,999.3161254882812,0.0523042373125047,#D62728,False,
northeast,127,1,2024-08-01,999.0555071149554,0.2014550430777096,#D62728,False,
northeast,127,1,2024-08-02,999.1795959472656,0.2912886555791861,#D62728,False,
northeast,127,1,2024-08-03,980.7476806640624,0.0,,True,gray_between_red_segments_out_of_both_sides
northeast,127,1,2024-08-05,999.6219482421876,0.3115913306481856,#D62728,False,
northeast,127,1,2024-08-06,999.627675374349,0.1664856092890687,#D62728,False,
northeast,127,1,2024-08-07,999.5452706473214,0.3163269683425445,#D62728,False,
northeast,127,1,2024-08-08,998.7075958251952,2.0822088855110787,#D62728,True,uncertainty_gt_1m
northeast,127,1,2024-08-08,999.6362915039062,0.1539401847522098,#D62728,False,
northeast,127,1,2024-08-09,999.615234375,0.2719719389830988,#D62728,False,
northeast,127,1,2024-08-13,999.4014428710938,0.2591156088586702,#D62728,False,
northeast,128,1,2024-06-29,497.7413940429688,0.0,#D62728,False,
northeast,128,1,2024-06-30,497.68408203125,0.1026329591068068,#D62728,False,
northeast,128,1,2024-07-01,498.045166015625,0.0779383356129302,#D62728,False,
northeast,128,1,2024-07-02,498.4653949737549,0.1950547747821285,#D62728,False,
northeast,128,1,2024-07-04,500.27587890625,0.2220352929672376,,True,global_max_not_supported_by_neighbors
northeast,128,1,2024-07-05,499.31158447265625,0.170041458313899,#D62728,False,
northeast,128,1,2024-07-06,498.56683349609375,0.1180682363631223,#D62728,False,
northeast,128,1,2024-07-06,498.552001953125,0.0978425172848272,#D62728,False,
northeast,128,1,2024-07-07,498.7167266845703,0.068666525051792,#D62728,False,
northeast,128,1,2024-07-07,498.5502624511719,0.1122391052534334,#D62728,False,
northeast,128,1,2024-07-08,497.5343475341797,0.3111852750989198,#D62728,False,
northeast,12,1,2024-07-05,667.438232421875,0.1213853291882507,#D62728,False,
northeast,12,1,2024-07-06,668.5534973144531,0.1714406445077919,#D62728,False,
northeast,12,1,2024-07-06,668.6937866210938,0.1543412812671886,#D62728,False,
northeast,12,1,2024-07-07,671.8622436523438,0.1214225800237631,,True,gray_between_red_segments_out_of_both_sides
northeast,12,1,2024-07-07,671.9476318359375,0.2754964454657879,,True,gray_between_red_segments_out_of_both_sides
northeast,12,1,2024-07-08,672.219482421875,0.1260251747948182,,True,gray_between_red_segments_out_of_both_sides
northeast,12,1,2024-07-09,655.5492311433982,0.2733758150129982,,True,gray_between_red_segments_out_of_both_sides
northeast,12,1,2024-07-10,651.1718037923177,0.9857894472408112,,True,gray_between_red_segments_out_of_both_sides
northeast,12,1,2024-07-12,669.7818298339844,0.2340870323049684,#D62728,False,
northeast,12,1,2024-07-13,669.2877197265625,0.1433307382397503,#D62728,False,
northeast,12,1,2024-07-14,653.4590454101562,0.1549365249800375,,True,gray_between_red_segments_out_of_both_sides
northeast,12,1,2024-07-15,668.8153076171875,0.108476503044035,#D62728,False,
northeast,12,1,2024-07-16,668.6148681640625,0.2680426345733304,#D62728,False,
northeast,12,1,2024-07-16,668.567138671875,0.1363959743208678,#D62728,False,
northeast,12,1,2024-07-17,668.6465454101562,0.196167654793832,#D62728,False,
northeast,12,1,2024-07-17,668.7217407226562,0.2136581134366027,#D62728,False,
northeast,12,1,2024-07-18,668.6682434082031,0.141695624608058,#D62728,False,
northeast,12,1,2024-07-19,669.2920227050781,0.161922791557402,,True,local_max_extreme_gt_1m
northeast,12,1,2024-07-23,668.5898742675781,0.1383989515452403,#D62728,False,
northeast,12,1,2024-07-24,681.2561987304688,0.2151348972770877,,True,gray_between_red_segments_out_of_both_sides
northeast,12,1,2024-07-26,666.837158203125,0.0964434196213966,#D62728,False,
northeast,12,1,2024-07-27,666.6771850585938,0.179832084759381,#D62728,False,
northeast,12,1,2024-07-27,666.6487426757812,0.122234054152665,#D62728,False,
northeast,12,1,2024-07-28,666.507080078125,0.0836253674719346,#D62728,False,
northeast,12,1,2024-07-28,666.5037231445312,0.2512262108229331,#D62728,False,
northeast,12,1,2024-07-29,666.5902709960938,0.1480158415104452,#D62728,False,
northeast,12,1,2024-07-30,666.4971038219976,0.2325600101125897,#D62728,False,
northeast,12,1,2024-07-31,666.6538408804631,0.1363765844628547,#D62728,False,
northeast,12,1,2024-08-02,666.2665608723959,0.1129272925111824,#D62728,False,
northeast,12,1,2024-08-03,666.3314541015625,0.1571126236307957,#D62728,False,
northeast,132,1,2024-07-05,643.8290405273438,0.9543932480342768,#D62728,False,
northeast,132,1,2024-07-06,644.387451171875,0.3755538450134919,#D62728,False,
northeast,132,1,2024-07-06,644.4028930664062,0.2847138375428894,#D62728,False,
northeast,132,1,2024-07-07,644.9628295898438,0.1180280353597714,#D62728,False,
northeast,132,1,2024-07-08,645.1185607910156,0.2340827673422607,#D62728,False,
northeast,132,1,2024-07-10,644.8806818819594,0.1474446445678519,#D62728,False,
northeast,132,1,2024-07-11,644.7744750976562,0.1689461837921995,#D62728,False,
northeast,132,1,2024-07-12,644.6201877967984,0.296894509023979,#D62728,False,
northeast,132,1,2024-07-13,655.7788452148437,0.7303334229221287,,True,gray_between_red_segments_out_of_both_sides
northeast,132,1,2024-07-16,644.0776062011719,0.1806253678067431,#D62728,False,
northeast,132,1,2024-07-16,644.2958221435547,0.3421899733207245,#D62728,False,
northeast,132,1,2024-07-17,644.2424419696514,0.3000744838100054,#D62728,False,
northeast,132,1,2024-07-17,644.1932678222656,0.2111785899359374,#D62728,False,
northeast,132,1,2024-07-18,643.6105651855469,0.1700293391308102,#D62728,False,
northeast,132,1,2024-07-19,644.0645141601562,0.4536947557779229,#D62728,False,
northeast,132,1,2024-07-23,643.4723711156133,0.4575289478442726,#D62728,False,
northeast,132,1,2024-07-26,642.9893798828125,0.320566175289478,#D62728,False,
northeast,132,1,2024-07-27,643.2476806640625,0.1755083334813984,#D62728,False,
northeast,132,1,2024-07-27,643.2337341308594,0.1519751080928098,#D62728,False,
northeast,132,1,2024-07-28,643.1384887695312,0.1143704191942717,#D62728,False,
northeast,132,1,2024-07-31,643.2963145862926,0.2051383774411006,#D62728,False,
northeast,132,1,2024-08-01,643.241445632208,0.4719833800943587,#D62728,False,
northeast,132,1,2024-08-02,643.0564855627111,0.2503909145992911,#D62728,False,
northeast,132,1,2024-08-03,642.9997924804687,0.1978737277566513,#D62728,False,
northeast,132,1,2024-08-05,643.1160583496094,0.1669648293052058,#D62728,False,
northeast,132,1,2024-08-06,642.9303283691406,0.1244663606356869,#D62728,False,
northeast,132,1,2024-08-06,631.5523864746094,0.7794935397627565,,True,gray_between_red_segments_out_of_both_sides
northeast,132,1,2024-08-07,642.9598078323623,0.333994629365166,#D62728,False,
northeast,132,1,2024-08-07,642.7827758789062,0.1192728409644549,#D62728,False,
northeast,135,1,2024-07-09,518.6397094726562,0.3214426072229566,#D62728,False,
northeast,135,1,2024-07-10,517.9541931152344,0.1595663267486938,#D62728,False,
northeast,135,1,2024-07-11,517.7439413359671,0.2121144849504633,#D62728,False,
northeast,135,1,2024-07-12,517.6507873535156,0.2364684452388038,#D62728,False,
northeast,135,1,2024-07-13,517.6317326971825,0.3262368718921697,#D62728,False,
northeast,135,1,2024-07-14,517.2792358398438,0.3056761838533559,#D62728,False,
northeast,135,1,2024-07-15,517.11962890625,0.4483952311538434,#D62728,False,
northeast,135,1,2024-07-16,517.1192016601562,0.3202020937120376,#D62728,False,
northeast,135,1,2024-07-16,517.0275573730469,0.3093337869401809,#D62728,False,
northeast,135,1,2024-07-17,517.0449829101562,0.285603185457237,#D62728,False,
northeast,135,1,2024-07-17,516.891845703125,0.3705923513170578,#D62728,False,
northeast,135,1,2024-07-18,516.725341796875,0.369733397923617,#D62728,False,
northeast,136,1,2024-07-04,829.7677089146206,1.1246577431495135,#D62728,True,uncertainty_gt_1m
northeast,136,1,2024-07-05,829.2923070514013,0.8477255910821976,#D62728,False,
northeast,136,1,2024-07-06,829.2988532571231,0.3450601803628359,#D62728,False,
northeast,136,1,2024-07-07,829.5446960449219,0.2599342377748916,#D62728,False,
northeast,136,1,2024-07-08,829.6923828125,0.3009314556762168,#D62728,False,
northeast,136,1,2024-07-09,829.4981079101562,0.9163196862461628,#D62728,False,
northeast,136,1,2024-07-10,829.4468658447265,0.3458729464447393,#D62728,False,
northeast,136,1,2024-07-11,829.5511708361038,0.3116543693566166,#D62728,False,
northeast,136,1,2024-07-12,829.5498701615767,0.3969122415665223,#D62728,False,
northeast,136,1,2024-07-16,830.3779612574084,1.0508484923830863,#D62728,True,uncertainty_gt_1m
northeast,136,1,2024-07-17,829.8011474609375,0.3712028102948775,#D62728,False,
northeast,136,1,2024-07-18,829.5289306640625,0.319642177772386,#D62728,False,
northeast,136,1,2024-07-19,829.71484375,0.4551042175453014,#D62728,False,
northeast,136,1,2024-07-23,829.9068298339844,0.1911397244703659,#D62728,False,
northeast,136,1,2024-07-24,829.9974309747869,0.3280202567342518,#D62728,False,
northeast,136,1,2024-07-26,830.8689982096354,1.1726605692069565,#D62728,True,uncertainty_gt_1m
northeast,136,1,2024-07-27,830.4465065002441,0.3691134637483411,#D62728,False,
northeast,136,1,2024-07-28,829.9575602213541,0.2147886581299615,#D62728,False,
northeast,136,1,2024-07-29,830.2172241210938,0.0,#D62728,False,
northeast,136,1,2024-07-31,829.8220062255859,0.3133103964153992,#D62728,False,
northeast,136,1,2024-08-01,829.8661283605239,0.4211489363168434,#D62728,False,
northeast,136,1,2024-08-02,830.126113228176,0.2972939265968742,#D62728,False,
northeast,136,1,2024-08-03,829.9276106550886,0.2696050454159054,#D62728,False,
northeast,136,1,2024-08-05,829.3893629504788,0.8765273020227304,,True,local_min_extreme_gt_1m
northeast,136,1,2024-08-06,830.1092818410773,0.4750422544711783,#D62728,False,
northeast,136,1,2024-08-07,830.2759752775494,0.3692167050776521,#D62728,False,
northeast,136,1,2024-08-08,830.2467228816106,0.3161874545546508,#D62728,False,
northeast,136,1,2024-08-09,830.1224365234375,0.3096294874184352,#D62728,False,
northeast,136,1,2024-08-11,829.9921169281006,0.422875471989945,#D62728,False,
northeast,136,1,2024-08-12,829.7804074171113,0.2947069885914198,#D62728,False,
northeast,136,1,2024-08-12,829.7804074171113,0.2947069885914198,#D62728,False,
northeast,136,1,2024-08-13,829.9389364553052,0.3705676116718187,#D62728,False,
northeast,136,1,2024-08-14,830.0187542255109,0.32830102311642,#D62728,False,
northeast,138,1,2024-06-23,737.0789184570312,0.4856986364912251,,True,left_gray_far_from_nearest_red_gt_3m
northeast,138,1,2024-06-24,751.3150024414062,0.111782338768631,#D62728,False,
northeast,138,1,2024-06-25,751.674560546875,0.3925226985649915,#D62728,False,
northeast,138,1,2024-06-26,751.8278564453125,0.2120630480147403,#D62728,False,
northeast,138,1,2024-06-27,752.143310546875,0.2152536943865653,#D62728,False,
northeast,138,1,2024-06-28,752.5845336914062,0.1857793103047316,#D62728,False,
northeast,138,1,2024-06-29,752.8192095075335,0.1884683680424085,#D62728,False,
northeast,138,1,2024-06-30,752.9692687988281,0.4867042586824855,#D62728,False,
northeast,138,1,2024-07-01,753.1071166992188,0.2286407054850231,#D62728,False,
northeast,138,1,2024-07-02,745.2304992675781,0.0605511971438431,,True,gray_between_red_segments_out_of_both_sides
northeast,138,1,2024-07-03,741.7143249511719,9.689270502336782,#CFCFCF,True,uncertainty_gt_1m
northeast,138,1,2024-07-04,752.561767578125,0.2720767187641519,#D62728,False,
northeast,138,1,2024-07-04,752.3308715820312,0.5500232675355771,#D62728,False,
northeast,138,1,2024-07-05,751.4425659179688,0.1831559384564053,#D62728,False,
northeast,138,1,2024-07-07,746.2977432550168,8.398809558278096,#CFCFCF,True,uncertainty_gt_1m
northeast,138,1,2024-07-08,750.6396484375,0.1919301334683344,#D62728,False,
northeast,138,1,2024-07-09,741.1118774414062,0.0,,True,gray_between_red_segments_out_of_both_sides
northeast,138,1,2024-07-09,750.34912109375,0.2651397876340661,#D62728,False,
northeast,138,1,2024-07-10,750.1597595214844,0.463089768688556,#D62728,False,
northeast,139,1,2024-07-05,794.791748046875,0.3013633840930751,#D62728,False,
northeast,139,1,2024-07-05,776.05615234375,0.8714562632541996,,True,gray_between_red_segments_out_of_both_sides
northeast,139,1,2024-07-06,794.8020141601562,0.2017308938662852,#D62728,False,
northeast,139,1,2024-07-06,794.7009505208333,0.1450123008847476,#D62728,False,
northeast,139,1,2024-07-07,776.7377052307129,2.156460972116824,#CFCFCF,True,uncertainty_gt_1m
northeast,139,1,2024-07-07,794.6295924676913,0.2629929296241448,#D62728,False,
northeast,139,1,2024-07-08,794.5664087931315,0.3747474928963525,#D62728,False,
northeast,139,1,2024-07-15,788.6947444035457,5.286389749359929,#CFCFCF,True,uncertainty_gt_1m
northeast,139,1,2024-07-16,793.9520441545759,0.2466746989614437,#D62728,False,
northeast,139,1,2024-07-16,786.2052408854166,8.972111837267727,#CFCFCF,True,uncertainty_gt_1m
northeast,139,1,2024-07-17,769.9193420410156,0.106040122154257,,True,gray_between_red_segments_out_of_both_sides
northeast,139,1,2024-07-17,794.0070153912927,0.4754412902690648,#D62728,False,
northeast,139,1,2024-07-18,780.917822265625,0.7584497661731227,,True,gray_between_red_segments_out_of_both_sides
northeast,139,1,2024-07-18,793.61279296875,0.3619983361134585,#D62728,False,
northeast,139,1,2024-07-26,793.2931518554688,0.1883300974521119,#D62728,False,
northeast,139,1,2024-07-26,789.5530818058894,3.631119810853567,#CFCFCF,True,uncertainty_gt_1m
northeast,139,1,2024-07-27,793.3278165250211,0.3247505340135161,#D62728,False,
northeast,139,1,2024-07-27,793.2908985811122,0.3388475601618448,#D62728,False,
northeast,139,1,2024-07-28,776.7852260044643,2.422072206241636,#CFCFCF,True,uncertainty_gt_1m
northeast,139,1,2024-07-28,793.4161682128906,0.6311206748887489,#D62728,False,
northeast,139,1,2024-07-29,792.5186157226562,0.0,,True,local_min_extreme_gt_1m
northeast,139,1,2024-08-05,783.0291290283203,0.2064542369363163,,True,gray_between_red_segments_out_of_both_sides
northeast,139,1,2024-08-06,793.0500344170464,0.1871733811998586,#D62728,False,
northeast,139,1,2024-08-06,793.1339139071378,0.4359334140248811,#D62728,False,
northeast,139,1,2024-08-07,792.9564564656869,0.395259746204799,#D62728,False,
northeast,139,1,2024-08-08,780.305415226863,2.100537578349104,#CFCFCF,True,uncertainty_gt_1m
northeast,139,1,2024-08-08,792.8935100848859,0.4998587720490266,#D62728,False,
northeast,13,1,2024-06-27,619.2604370117188,0.1641127870741129,#D62728,False,
northeast,13,1,2024-06-30,619.7181396484375,0.0564392807043638,#D62728,False,
northeast,13,1,2024-07-01,619.8913436397429,0.0794481114807757,#D62728,False,
northeast,13,1,2024-07-02,620.0908203125,0.0094948420325342,#D62728,False,
northeast,13,1,2024-07-02,620.0529907226562,0.0702184922884603,#D62728,False,
northeast,13,1,2024-07-04,621.5350952148438,0.3601079029916261,#D62728,False,
northeast,13,1,2024-07-05,621.1151123046875,0.1334446216383608,#D62728,False,
northeast,13,1,2024-07-06,621.5519409179688,0.192285970797651,#D62728,False,
northeast,13,1,2024-07-06,621.4467620849609,0.1286381607951194,#D62728,False,
northeast,13,1,2024-07-07,610.0286865234375,1.350479841456982,#CFCFCF,True,uncertainty_gt_1m
northeast,13,1,2024-07-07,621.72998046875,0.1423418652330516,#D62728,False,
northeast,13,1,2024-07-08,616.8657531738281,0.4721087931830834,,True,gray_between_red_segments_out_of_both_sides
northeast,13,1,2024-07-08,622.0651550292969,0.3083571816434203,#D62728,False,
northeast,13,1,2024-07-10,622.7496004971591,0.0669144001635254,#D62728,False,
northeast,13,1,2024-07-11,623.0894967215402,0.1099544219620978,#D62728,False,
northeast,13,1,2024-07-12,623.34517578125,0.2092519551000292,#D62728,False,
northeast,13,1,2024-07-16,623.8704833984375,0.1514890791298286,#D62728,False,
northeast,13,1,2024-07-16,623.8766479492188,0.1140665724812844,#D62728,False,
northeast,13,1,2024-07-17,623.9806847205529,0.1258449498172007,#D62728,False,
northeast,13,1,2024-07-17,623.8349609375,0.1003979122750183,#D62728,False,
northeast,13,1,2024-07-18,623.2576293945312,0.1844482580767354,#D62728,False,
northeast,13,1,2024-07-23,623.144521077474,0.0664535233499181,#D62728,False,
northeast,13,1,2024-07-23,635.5085381401909,3.3405308205575954,#CFCFCF,True,uncertainty_gt_1m
northeast,13,1,2024-07-25,622.6446533203125,0.2793606984067682,#D62728,False,
northeast,13,1,2024-07-26,622.43017578125,0.1332391002920016,#D62728,False,
northeast,13,1,2024-07-27,622.3048095703125,0.1072881376197446,#D62728,False,
northeast,13,1,2024-07-27,622.2623901367188,0.0747109487664894,#D62728,False,
northeast,13,1,2024-07-28,607.6082153320312,0.0,,True,gray_between_red_segments_out_of_both_sides
northeast,13,1,2024-07-28,622.0701293945312,0.0878014559725316,#D62728,False,
northeast,13,1,2024-08-01,610.1471110026042,0.057329839729618,,True,gray_between_red_segments_out_of_both_sides
northeast,13,1,2024-08-02,621.4089050292969,0.1185827071946914,#D62728,False,
northeast,13,1,2024-08-05,621.3201293945312,0.1939024539309377,#D62728,False,
northeast,13,1,2024-08-06,621.2290649414062,0.1013299631409127,#D62728,False,
northeast,13,1,2024-08-06,621.2149658203125,0.0926440713944637,#D62728,False,
northeast,13,1,2024-08-07,620.787839617048,0.2268967844838704,#D62728,False,
northeast,13,1,2024-08-07,621.04150390625,0.0976563471411641,#D62728,False,
northeast,13,1,2024-08-08,620.9846801757812,0.1560978285828165,#D62728,False,
northeast,13,1,2024-08-11,620.7315063476562,0.0770936429893727,#D62728,False,
northeast,13,1,2024-08-12,620.6312255859375,0.0715851681338661,#D62728,False,
northeast,13,1,2024-08-12,620.6312255859375,0.0715851681338661,#D62728,False,
northeast,13,1,2024-08-13,620.6511535644531,0.0575379126043697,#D62728,False,
northeast,13,1,2024-08-13,620.6038513183594,0.0538006951545985,#D62728,False,
northeast,13,1,2024-08-14,620.5805053710938,0.2444068377902779,#D62728,False,
northeast,140,1,2024-07-01,576.598903261382,0.1043751079067485,#D62728,False,
northeast,140,1,2024-07-02,576.7052001953125,0.0598529928230825,#D62728,False,
northeast,140,1,2024-07-04,578.0387268066406,0.200983055964399,#D62728,False,
northeast,140,1,2024-07-05,577.6250610351562,0.1606080834328253,#D62728,False,
northeast,140,1,2024-07-06,577.5030314127604,0.1059101704358543,#D62728,False,
northeast,140,1,2024-07-06,577.4525146484375,0.1086314189428876,#D62728,False,
northeast,140,1,2024-07-07,576.8069458007812,0.1151332886437715,#D62728,False,
northeast,140,1,2024-07-08,576.3493347167969,0.2861685910741694,#D62728,False,
northeast,140,1,2024-07-10,576.0783055623373,0.1053997637527066,#D62728,False,
northeast,140,1,2024-07-11,576.0201416015625,0.134731236539633,#D62728,False,
northeast,140,1,2024-07-12,575.8794555664062,0.0767388186722565,#D62728,False,
northeast,140,1,2024-07-13,575.79150390625,0.0774684816983916,#D62728,False,
northeast,140,1,2024-07-16,575.8430786132812,0.1073464164825842,#D62728,False,
northeast,140,1,2024-07-16,575.9202207907653,0.0799273966170063,#D62728,False,
northeast,140,1,2024-07-17,575.9561183763587,0.4824645699481529,#D62728,False,
northeast,140,1,2024-07-17,576.0287475585938,0.0965010026599822,#D62728,False,
northeast,140,1,2024-07-18,575.5225219726562,0.1739035027793788,#D62728,False,
northeast,141,1,2024-07-04,926.4936981201172,0.0341826885229385,#D62728,False,
northeast,141,1,2024-07-05,942.30029296875,0.0,,True,gray_between_red_segments_out_of_both_sides
northeast,141,1,2024-07-06,926.778350830078,0.1497161590549742,#D62728,False,
northeast,141,1,2024-07-06,926.7709350585938,0.1833901063495544,#D62728,False,
northeast,141,1,2024-07-07,926.9981079101562,0.0999664218087399,#D62728,False,
northeast,141,1,2024-07-07,926.9844970703124,0.1935405350296758,#D62728,False,
northeast,141,1,2024-07-08,927.2276611328124,0.0726261763863364,#D62728,False,
northeast,141,1,2024-07-08,927.14697265625,0.3529290830073023,#D62728,False,
northeast,141,1,2024-07-08,927.5628662109376,0.4104638293643806,#D62728,False,
northeast,141,1,2024-07-09,927.5048828125,0.0,#D62728,False,
northeast,141,1,2024-07-15,928.002675374349,0.2161432445133628,#D62728,False,
northeast,141,1,2024-07-16,927.9005737304688,0.2644664512235419,#D62728,False,
northeast,141,1,2024-07-16,939.144287109375,5.990725754479429,#CFCFCF,True,uncertainty_gt_1m
northeast,141,1,2024-07-17,927.923309326172,0.1336132689516639,#D62728,False,
northeast,141,1,2024-07-17,927.948954990932,0.1890740604717572,#D62728,False,
northeast,141,1,2024-07-18,927.6084594726562,0.131168574351563,#D62728,False,
northeast,141,1,2024-07-18,927.3230895996094,0.2972751633061395,#D62728,False,
northeast,141,1,2024-07-19,927.7695922851562,0.1589951702505213,#D62728,False,
northeast,141,1,2024-07-26,926.9701538085938,0.0947626137318924,#D62728,False,
northeast,141,1,2024-07-27,926.957763671875,0.1656174001643123,#D62728,False,
northeast,141,1,2024-07-27,926.9176330566406,0.1087668101158217,#D62728,False,
northeast,141,1,2024-07-28,926.861328125,0.1394561753801551,#D62728,False,
northeast,141,1,2024-08-05,926.1898336971508,0.3202785748227594,#D62728,False,
northeast,141,1,2024-08-06,926.4267578125,0.2736304315939477,#D62728,False,
northeast,141,1,2024-08-06,926.388427734375,0.0854311351213425,#D62728,False,
northeast,141,1,2024-08-07,926.2792358398438,0.198593018931211,#D62728,False,
northeast,141,1,2024-08-07,926.2592163085938,0.1536674813351411,#D62728,False,
northeast,141,1,2024-08-08,926.2277221679688,0.1066366416918907,#D62728,False,
northeast,141,1,2024-08-08,961.9910278320312,18.70718676311332,#CFCFCF,True,uncertainty_gt_1m
northeast,141,1,2024-08-09,926.2206327793962,0.1031599572588447,#D62728,False,
northeast,142,1,2024-07-04,392.1260070800781,0.1992919561910777,#D62728,False,
northeast,142,1,2024-07-07,393.1507873535156,0.2217989959212927,#D62728,False,
northeast,142,1,2024-07-09,393.8630065917969,0.1265993105753307,#D62728,False,
northeast,142,1,2024-07-10,393.9994812011719,0.163823667838785,#D62728,False,
northeast,142,1,2024-07-11,393.8572845458984,0.1219555371607146,#D62728,False,
northeast,142,1,2024-07-12,393.6956634521485,0.1552174880089277,#D62728,False,
northeast,142,1,2024-07-14,394.1853637695313,0.0,#D62728,False,
northeast,142,1,2024-07-15,393.2325439453125,0.1558021492777258,#D62728,False,
northeast,142,1,2024-07-17,392.9227294921875,0.3031711893409564,#D62728,False,
northeast,142,1,2024-07-18,392.476318359375,0.1861331104165396,#D62728,False,
northeast,142,1,2024-07-19,392.7105407714844,0.1886187791669498,#D62728,False,
northeast,143,1,2024-07-05,765.4530029296875,0.2193088428057683,#D62728,False,
northeast,143,1,2024-07-06,766.0207824707031,0.1200675558133115,#D62728,False,
northeast,143,1,2024-07-06,754.4521102905273,0.5355389899399484,,True,gray_between_red_segments_out_of_both_sides
northeast,143,1,2024-07-07,759.815263227983,1.894796698956154,#CFCFCF,True,uncertainty_gt_1m
northeast,143,1,2024-07-07,766.3909357244319,0.1131861753444689,#D62728,False,
northeast,143,1,2024-07-08,766.754150390625,0.1437711618277537,#D62728,False,
northeast,143,1,2024-07-11,759.227294921875,1.119004186332225,#CFCFCF,True,uncertainty_gt_1m
northeast,143,1,2024-07-12,767.172428837529,0.2112866497562029,#D62728,False,
northeast,143,1,2024-07-16,767.3436279296875,0.1569106903816515,#D62728,False,
northeast,143,1,2024-07-17,767.4044799804688,0.1246179467716095,#D62728,False,
northeast,143,1,2024-07-17,767.439697265625,0.4132541472753597,#D62728,False,
northeast,143,1,2024-07-18,764.2864685058594,0.1687642731693959,#CFCFCF,False,
northeast,143,1,2024-07-19,764.3307006835937,0.2782343494104431,#CFCFCF,False,
northeast,144,1,2024-07-01,639.548095703125,0.1016875738387301,#D62728,False,
northeast,144,1,2024-07-02,639.8085021972656,0.0978522862653837,#D62728,False,
northeast,144,1,2024-07-03,639.9556884765625,0.1157459691597479,#D62728,False,
northeast,144,1,2024-07-04,640.0557250976562,0.1246703887161894,#D62728,False,
northeast,144,1,2024-07-05,640.3390502929688,0.2104226695561495,#D62728,False,
northeast,144,1,2024-07-07,640.6922607421875,0.1948134586385052,#D62728,False,
northeast,144,1,2024-07-08,640.8102416992188,0.1753759613707241,#D62728,False,
northeast,144,1,2024-07-09,641.040771484375,0.1285932226784498,#D62728,False,
northeast,144,1,2024-07-10,641.192626953125,0.1014883710188524,#D62728,False,
northeast,144,1,2024-07-11,641.3159790039062,0.0915970978054697,#D62728,False,
northeast,144,1,2024-07-12,641.32861328125,0.092092477847117,#D62728,False,
northeast,144,1,2024-07-14,641.4769287109375,0.1303139344211948,#D62728,False,
northeast,144,1,2024-07-15,641.46728515625,0.1915549808865718,#D62728,False,
northeast,144,1,2024-07-16,641.37451171875,0.2409260412921316,#D62728,False,
northeast,144,1,2024-07-17,641.7597961425781,0.4021811954215251,#D62728,False,
northeast,144,1,2024-07-18,641.3650512695312,0.2473725003225626,#D62728,False,
northeast,144,1,2024-07-19,641.8963623046875,0.1497856235346675,,True,global_max_not_supported_by_neighbors
northeast,144,1,2024-07-23,640.4136962890625,0.1584041767359072,#D62728,False,
northeast,144,1,2024-07-26,639.1065368652344,0.1948467223340772,#D62728,False,
northeast,144,1,2024-07-31,637.8258666992188,0.1307375601916618,#D62728,False,
northeast,144,1,2024-08-01,637.638671875,0.1611681813013079,#D62728,False,
northeast,144,1,2024-08-02,637.5574951171875,0.164203153604928,#D62728,False,
northeast,144,1,2024-08-03,637.4624633789062,0.1813184755230212,#D62728,False,
northeast,144,1,2024-08-04,637.4759826660156,0.1282194359628812,#D62728,False,
northeast,145,1,2024-07-06,548.2711181640625,0.1974170357070883,#D62728,False,
northeast,145,1,2024-07-06,548.1887817382812,0.1584995972309059,#D62728,False,
northeast,145,1,2024-07-07,548.6003723144531,0.4991248757479399,#D62728,False,
northeast,145,1,2024-07-08,549.0982666015625,0.4216532305638192,#D62728,False,
northeast,145,1,2024-07-09,548.8970124617866,0.239773342975175,#D62728,False,
northeast,145,1,2024-07-10,548.5700276692709,0.3750514659306024,#D62728,False,
northeast,145,1,2024-07-11,548.5979485762747,0.3055395577040495,#D62728,False,
northeast,145,1,2024-07-12,548.4869452582466,0.1856072683502173,#D62728,False,
northeast,145,1,2024-07-14,548.315673828125,0.5119345161647175,#D62728,False,
northeast,145,1,2024-07-15,548.3647766113281,0.4290463921918889,#D62728,False,
northeast,145,1,2024-07-16,548.2405700683594,0.4824547927580859,#D62728,False,
northeast,145,1,2024-07-16,548.0971984863281,0.1714878347128114,#D62728,False,
northeast,145,1,2024-07-17,548.095458984375,0.1160457256688169,#D62728,False,
northeast,145,1,2024-07-17,548.0241394042969,0.4022001826156646,#D62728,False,
northeast,145,1,2024-07-18,547.8397827148438,0.4147728109465626,#D62728,False,
northeast,145,1,2024-07-19,548.0418090820312,0.4929838167909537,#D62728,False,
northeast,145,1,2024-07-23,547.6185913085938,0.1975775120058848,#D62728,False,
northeast,145,1,2024-07-24,547.6849365234375,0.1872494580707003,#D62728,False,
northeast,145,1,2024-07-26,547.4657592773438,0.1924901239959765,#D62728,False,
northeast,145,1,2024-07-27,546.9870300292969,1.09220894235156,#D62728,True,uncertainty_gt_1m
northeast,145,1,2024-07-27,547.5982055664062,0.1716840072973685,#D62728,False,
northeast,145,1,2024-07-29,547.5872192382812,0.3448821057003604,#D62728,False,
northeast,145,1,2024-07-30,548.4936218261719,0.2650325393670507,,True,local_max_extreme_gt_1m
northeast,145,1,2024-07-31,547.4973754882812,0.3017935876941532,#D62728,False,
northeast,145,1,2024-08-01,547.2074459300321,0.284522836753954,#D62728,False,
northeast,145,1,2024-08-02,547.4549338600852,0.3513638096591169,#D62728,False,
northeast,145,1,2024-08-03,548.3484802246094,0.021104444335951,#D62728,False,
northeast,146,1,2024-07-05,588.2392578125,0.2964841720143102,#D62728,False,
northeast,146,1,2024-07-05,588.3323974609375,0.0711635042213804,#D62728,False,
northeast,146,1,2024-07-06,588.5765991210938,0.1217011932788528,#D62728,False,
northeast,146,1,2024-07-06,588.4432373046875,0.1324422421466158,#D62728,False,
northeast,146,1,2024-07-07,588.767333984375,0.1019900914605981,#D62728,False,
northeast,146,1,2024-07-07,588.8339233398438,0.205827703141783,#D62728,False,
northeast,146,1,2024-07-08,588.9946189413265,0.1047471776253784,#D62728,False,
northeast,146,1,2024-07-14,589.2593346798059,0.1421449437582422,#D62728,False,
northeast,146,1,2024-07-15,589.1769409179688,0.1000934476601927,#D62728,False,
northeast,146,1,2024-07-16,589.0466918945312,0.1475036086820871,#D62728,False,
northeast,146,1,2024-07-16,589.0827026367188,0.0980587792151495,#D62728,False,
northeast,146,1,2024-07-17,589.0389709472656,0.0976480330205353,#D62728,False,
northeast,146,1,2024-07-17,589.0390625,0.1519508770916288,#D62728,False,
northeast,146,1,2024-07-18,588.7442626953125,0.1464754848496665,#D62728,False,
northeast,146,1,2024-07-18,588.2211303710938,0.6432040310740739,#D62728,False,
northeast,146,1,2024-07-26,588.3804931640625,0.1478601869286017,#D62728,False,
northeast,146,1,2024-07-26,588.3880615234375,0.0815493109457742,#D62728,False,
northeast,146,1,2024-07-27,588.3733215332031,0.1341249114006568,#D62728,False,
northeast,146,1,2024-07-27,588.3253173828125,0.1269461887444146,#D62728,False,
northeast,146,1,2024-07-28,588.2370300292969,0.191102020250416,#D62728,False,
northeast,146,1,2024-07-29,588.1943969726562,0.0515594594855697,#D62728,False,
northeast,146,1,2024-08-04,587.9572105407715,0.1014944562526625,#D62728,False,
northeast,146,1,2024-08-05,587.9921875,0.2840427231658524,#D62728,False,
northeast,146,1,2024-08-05,603.5778198242188,0.0,,True,gray_between_red_segments_out_of_both_sides
northeast,146,1,2024-08-06,587.899169921875,0.1476940690887622,#D62728,False,
northeast,146,1,2024-08-06,587.9481201171875,0.0964735446163354,#D62728,False,
northeast,146,1,2024-08-07,587.9125366210938,0.1009224973373241,#D62728,False,
northeast,146,1,2024-08-07,587.853759765625,0.1396669429911395,#D62728,False,
northeast,146,1,2024-08-08,587.778284773042,0.0970562646119322,#D62728,False,
northeast,146,1,2024-08-08,587.4740600585938,0.3306618105363486,#D62728,False,
northeast,146,1,2024-08-09,587.765217590332,0.0932732111809088,#D62728,False,
northeast,148,1,2024-07-03,909.3597412109376,0.1244886784196221,#D62728,False,
northeast,148,1,2024-07-04,909.4385375976562,0.1289928335407008,#D62728,False,
northeast,148,1,2024-07-05,909.6026611328124,0.1715475141484615,#D62728,False,
northeast,148,1,2024-07-06,909.7362060546876,0.2788700372976009,#D62728,False,
northeast,148,1,2024-07-06,909.8372802734376,0.1108699997390203,#D62728,False,
northeast,148,1,2024-07-07,909.9425964355468,0.2128760333050385,#D62728,False,
northeast,148,1,2024-07-07,909.785400390625,0.3072237198402994,#D62728,False,
northeast,148,1,2024-07-08,909.996826171875,0.1868718623453911,#D62728,False,
northeast,148,1,2024-07-09,910.129150390625,0.1298303521114702,#D62728,False,
northeast,148,1,2024-07-10,910.1956787109376,0.1240351792246213,#D62728,False,
northeast,148,1,2024-07-11,910.2386474609376,0.2540701310048706,#D62728,False,
northeast,148,1,2024-07-12,910.3942896525064,0.1354479250389671,#D62728,False,
northeast,148,1,2024-07-13,910.3836669921876,0.0882441100986057,#D62728,False,
northeast,148,1,2024-07-14,910.3495483398438,0.2643148082913367,#D62728,False,
northeast,148,1,2024-07-15,910.3836059570312,0.2247844704235563,#D62728,False,
northeast,148,1,2024-07-16,910.4788208007812,0.1230509390659577,#D62728,False,
northeast,148,1,2024-07-17,910.3839111328124,0.2169076221011937,#D62728,False,
northeast,148,1,2024-07-17,910.2842407226562,0.2299685170640998,#D62728,False,
northeast,148,1,2024-07-18,910.2237548828124,0.1401551767603383,#D62728,False,
northeast,148,1,2024-07-19,910.5491638183594,0.1567667540303018,#D62728,False,
northeast,148,1,2024-07-23,909.3765106201172,0.2346602985088767,#D62728,False,
northeast,148,1,2024-07-26,908.9575805664062,0.1638963679372562,#D62728,False,
northeast,148,1,2024-07-27,908.9718017578124,0.2927312974729019,#D62728,False,
northeast,148,1,2024-07-27,908.9199829101562,0.1989976458580698,#D62728,False,
northeast,148,1,2024-07-28,908.9133911132812,0.1629710643220648,#D62728,False,
northeast,148,1,2024-07-28,908.8028564453124,0.0,#D62728,False,
northeast,148,1,2024-07-29,909.3846435546876,0.0,#D62728,False,
northeast,148,1,2024-07-30,908.8923034667968,0.0835585704351244,#D62728,False,
northeast,148,1,2024-07-31,908.9762573242188,0.1054358451011013,#D62728,False,
northeast,148,1,2024-08-01,909.0582275390624,0.3285865480230465,#D62728,False,
northeast,148,1,2024-08-02,909.26806640625,0.2156104251063698,#D62728,False,
northeast,148,1,2024-08-03,908.7892150878906,0.2064119842949834,#D62728,False,
northeast,148,1,2024-08-04,909.0064086914062,0.2339313943220296,#D62728,False,
northeast,148,1,2024-08-05,908.7937622070312,0.1994065410446359,#D62728,False,
northeast,148,1,2024-08-06,908.9970703125,0.127114089720975,#D62728,False,
northeast,148,1,2024-08-07,908.9515991210938,0.1986406732317423,#D62728,False,
northeast,148,1,2024-08-07,908.8344116210938,0.2309946711799526,#D62728,False,
northeast,148,1,2024-08-08,908.7957153320312,0.1972580501981231,#D62728,False,
northeast,148,1,2024-08-09,908.685546875,0.1183057042717322,#D62728,False,
northeast,148,1,2024-08-10,908.510986328125,0.3290515194784659,#D62728,False,
northeast,148,1,2024-08-10,908.510986328125,0.3290515194784659,#D62728,False,
northeast,148,1,2024-08-11,909.1041870117188,0.3261352364297759,#D62728,False,
northeast,148,1,2024-08-12,908.8598785400392,0.5209387840371688,#D62728,False,
northeast,148,1,2024-08-12,908.8598785400392,0.5209387840371688,#D62728,False,
northeast,148,1,2024-08-13,908.6519470214844,0.1575278697047313,#D62728,False,
northeast,148,1,2024-08-14,909.0863647460938,0.3213839540581921,#D62728,False,
northeast,149,1,2024-06-29,742.3927081564199,0.4672109184184571,#D62728,False,
northeast,149,1,2024-06-30,742.6173706054688,0.3016216154531952,#D62728,False,
northeast,149,1,2024-07-01,743.030517578125,0.3044368462334952,#D62728,False,
northeast,149,1,2024-07-02,733.088148328993,4.854226544790939,#CFCFCF,True,uncertainty_gt_1m
northeast,149,1,2024-07-03,735.9557902018229,2.004663808411643,#CFCFCF,True,uncertainty_gt_1m
northeast,149,1,2024-07-04,743.9332275390625,0.254872394321154,#D62728,False,
northeast,149,1,2024-07-04,740.5756574358259,0.2226784082657169,,True,gray_between_red_segments_out_of_both_sides
northeast,149,1,2024-07-05,743.1392822265625,0.1757967593569264,#D62728,False,
northeast,149,1,2024-07-06,745.1949462890625,0.0,,True,gray_between_red_segments_out_of_both_sides
northeast,149,1,2024-07-07,742.9515075683594,0.1738982921730906,#D62728,False,
northeast,149,1,2024-07-08,742.8336486816406,0.1419184520867138,#D62728,False,
northeast,149,1,2024-07-09,743.0227457682291,0.3119258155431805,#D62728,False,
northeast,149,1,2024-07-09,742.8509521484375,0.2999632987486554,#D62728,False,
northeast,149,1,2024-07-10,738.4156860351562,1.88816123497359,#CFCFCF,True,uncertainty_gt_1m
northeast,149,1,2024-07-11,734.0600219726563,4.275419097824998,#CFCFCF,True,uncertainty_gt_1m
northeast,149,1,2024-07-12,742.5690851494818,0.1983551868232813,#D62728,False,
northeast,149,1,2024-07-13,737.418711344401,4.842321474311539,#CFCFCF,True,uncertainty_gt_1m
northeast,149,1,2024-07-14,742.3721458798364,0.2579909402149915,#D62728,False,
northeast,149,1,2024-07-16,742.4211730957031,0.4666547451047214,#D62728,False,
northeast,149,1,2024-07-17,742.5210793235085,0.2543386361668212,#D62728,False,
northeast,149,1,2024-07-17,730.3777814592634,0.7318564812764534,,True,gray_between_red_segments_out_of_both_sides
northeast,149,1,2024-07-18,741.9228515625,0.1720201667447816,#D62728,False,
northeast,149,1,2024-07-19,742.1419677734375,0.1832145192296149,#D62728,False,
northeast,149,1,2024-07-23,742.1140931447347,0.2323297705522213,#D62728,False,
northeast,149,1,2024-07-24,742.0446472167969,0.4645862906466966,#D62728,False,
northeast,149,1,2024-07-25,742.2367706298828,0.4586108896468691,#D62728,False,
northeast,149,1,2024-07-26,741.7335815429688,0.2099939990476369,#D62728,False,
northeast,149,1,2024-07-27,733.8803100585938,0.2697398304697218,,True,gray_between_red_segments_out_of_both_sides
northeast,149,1,2024-07-28,741.6939086914062,0.2439788862355234,#D62728,False,
northeast,149,1,2024-07-29,741.5194091796875,0.1516189057303953,#D62728,False,
northeast,149,1,2024-07-30,738.2856018066407,0.5348054071887678,,True,gray_between_red_segments_out_of_both_sides
northeast,149,1,2024-07-30,740.9411010742188,0.0,#D62728,False,
northeast,149,1,2024-07-31,728.1393714317909,0.8400072343842211,,True,gray_between_red_segments_out_of_both_sides
northeast,149,1,2024-08-01,732.5275611877441,3.0892595876243174,#D62728,True,uncertainty_gt_1m
northeast,149,1,2024-08-02,732.3228352864584,3.5624091295035654,#D62728,True,uncertainty_gt_1m
northeast,149,1,2024-08-03,734.8200350674716,3.13177432713795,#D62728,True,uncertainty_gt_1m
northeast,149,1,2024-08-04,734.5119541713169,0.6444837494253384,,True,gray_between_red_segments_out_of_both_sides
northeast,149,1,2024-08-05,741.4219055175781,0.1708869375876313,#D62728,False,
northeast,149,1,2024-08-06,741.3839721679688,0.1107390878996894,#D62728,False,
northeast,149,1,2024-08-07,730.56005859375,0.5949813284568936,,True,gray_between_red_segments_out_of_both_sides
northeast,149,1,2024-08-07,729.0096435546875,0.0,,True,gray_between_red_segments_out_of_both_sides
northeast,149,1,2024-08-08,741.1671752929688,0.1423306514312023,#D62728,False,
northeast,149,1,2024-08-09,741.130859375,0.3440666991468896,#D62728,False,
northeast,149,1,2024-08-10,732.2589721679688,0.7410582364538343,,True,gray_between_red_segments_out_of_both_sides
northeast,149,1,2024-08-11,737.4833374023438,0.0,,True,gray_between_red_segments_out_of_both_sides
northeast,149,1,2024-08-12,733.2810668945312,0.0,,True,gray_between_red_segments_out_of_both_sides
northeast,149,1,2024-08-12,733.2810668945312,0.0,,True,gray_between_red_segments_out_of_both_sides
northeast,149,1,2024-08-13,736.2554931640625,0.0,,True,gray_between_red_segments_out_of_both_sides
northeast,149,1,2024-08-14,741.3940124511719,0.2675236890232599,#D62728,False,
northeast,151,1,2024-06-28,387.8332061767578,0.1789881300403008,#D62728,False,
northeast,151,1,2024-06-29,388.3194885253906,0.1180057592479956,#D62728,False,
northeast,151,1,2024-06-30,388.9842834472656,0.0689339002336925,#D62728,False,
northeast,151,1,2024-07-01,388.8342133872529,0.0882972723102402,#D62728,False,
northeast,151,1,2024-07-02,388.6180877685547,0.1261443528843965,#D62728,False,
northeast,151,1,2024-07-03,388.64984130859375,0.5898762220639711,#D62728,False,
northeast,151,1,2024-07-03,388.45518510059645,0.1080859832361948,#D62728,False,
northeast,151,1,2024-07-04,388.78564453125,0.1287173913401408,#D62728,False,
northeast,151,1,2024-07-04,388.26668080975935,0.1119800450630917,#D62728,False,
northeast,151,1,2024-07-05,388.3053725560506,0.1021093789522769,#D62728,False,
northeast,151,1,2024-07-06,373.91278584798175,0.2642223823692649,,True,gray_between_red_segments_out_of_both_sides
northeast,151,1,2024-07-07,388.1364135742188,0.0959623287349507,#D62728,False,
northeast,151,1,2024-07-08,388.0175925806949,0.0881839768345693,#D62728,False,
northeast,151,1,2024-07-08,387.99847412109375,0.1388897408314574,#D62728,False,
northeast,151,1,2024-07-09,387.9461364746094,0.0779697103046355,#D62728,False,
northeast,151,1,2024-07-10,387.6117248535156,0.1080365412072726,#D62728,False,
northeast,151,1,2024-07-11,387.2675476074219,0.0981403315426609,#D62728,False,
northeast,151,1,2024-07-12,386.9620208740234,0.0869234036585836,#D62728,False,
northeast,151,1,2024-07-13,387.0653076171875,0.1423113495772264,#D62728,False,
northeast,151,1,2024-07-14,386.6964263916016,0.1975800108754687,#D62728,False,
northeast,151,1,2024-07-14,386.7445983886719,0.1060088524172801,#D62728,False,
northeast,152,1,2024-07-06,963.2428283691406,0.4300728117692499,#D62728,False,
northeast,152,1,2024-07-06,963.3766174316406,0.2322520185471673,#D62728,False,
northeast,152,1,2024-07-07,963.6148681640624,0.1749584811388225,#D62728,False,
northeast,152,1,2024-07-07,963.939422607422,0.3298172663619361,#D62728,False,
northeast,152,1,2024-07-08,963.968768780048,0.2910769643818436,#D62728,False,
northeast,152,1,2024-07-09,964.6632579456676,0.4517405141067309,#D62728,False,
northeast,152,1,2024-07-10,965.1338500976562,0.2979528781926971,#D62728,False,
northeast,152,1,2024-07-11,964.937530517578,0.2246450057309582,#D62728,False,
northeast,152,1,2024-07-12,965.2874145507812,0.1364284821171296,#D62728,False,
northeast,152,1,2024-07-13,965.5907348632812,1.1100202059049693,#D62728,True,uncertainty_gt_1m
northeast,152,1,2024-07-14,965.6902465820312,0.0,#D62728,False,
northeast,152,1,2024-07-15,965.894287109375,0.1604719279446516,#D62728,False,
northeast,152,1,2024-07-16,965.8916015625,0.1763736607763407,#D62728,False,
northeast,152,1,2024-07-17,965.833953857422,0.2932665294023888,#D62728,False,
northeast,152,1,2024-07-17,965.8690795898438,0.4007319146519214,#D62728,False,
northeast,152,1,2024-07-18,965.6487121582032,0.2833141889602447,#D62728,False,
northeast,152,1,2024-07-19,962.8231201171876,4.465015741912858,#CFCFCF,True,uncertainty_gt_1m
northeast,153,1,2024-06-29,759.1142568513164,0.2196094024294574,#D62728,False,
northeast,153,1,2024-06-30,780.2450154622396,0.9847594247229632,,True,gray_between_red_segments_out_of_both_sides
northeast,153,1,2024-07-01,759.2057742164249,0.4560692403885834,#D62728,False,
northeast,153,1,2024-07-02,758.8177373549518,0.2798342040147648,#D62728,False,
northeast,153,1,2024-07-03,758.6830885866855,0.3153493941933314,#D62728,False,
northeast,153,1,2024-07-04,758.449828092717,0.3046943349951392,#D62728,False,
northeast,153,1,2024-07-05,758.2846374511719,0.1996418218514551,#D62728,False,
northeast,153,1,2024-07-06,758.23193359375,0.2670395629140366,#D62728,False,
northeast,153,1,2024-07-06,758.154296875,0.1530571808729831,#D62728,False,
northeast,153,1,2024-07-07,758.0952758789062,0.1532967491473496,#D62728,False,
northeast,153,1,2024-07-07,757.9935302734375,0.2903557641192179,#D62728,False,
northeast,153,1,2024-07-08,757.9249572753906,0.1566242181274525,#D62728,False,
northeast,153,1,2024-07-09,757.9646911621094,0.3549331926614126,#D62728,False,
northeast,153,1,2024-07-10,752.6217839167668,13.623244093019672,#CFCFCF,True,uncertainty_gt_1m
northeast,153,1,2024-07-11,757.9076764142072,0.3062145693370768,#D62728,False,
northeast,153,1,2024-07-12,759.1035970052084,1.6054818930988106,#D62728,True,uncertainty_gt_1m
northeast,153,1,2024-07-14,757.9245457504735,0.2462182766051426,#D62728,False,
northeast,153,1,2024-07-15,757.6948054387019,0.269970517926427,#D62728,False,
northeast,153,1,2024-07-16,757.7486877441406,0.3891610138156381,#D62728,False,
northeast,153,1,2024-07-17,757.5260620117188,0.2753041762015396,#D62728,False,
northeast,153,1,2024-07-17,757.4489440917969,0.4135221129053085,#D62728,False,
northeast,153,1,2024-07-18,757.2844274184283,0.1674356796478729,#D62728,False,
northeast,153,1,2024-07-19,757.4442799886068,0.3524975032497515,#D62728,False,
northeast,153,1,2024-07-23,792.9625043171208,4.3274727978065615,#CFCFCF,True,uncertainty_gt_1m
northeast,153,1,2024-07-24,780.6599324544271,3.093338861146979,#CFCFCF,True,uncertainty_gt_1m
northeast,153,1,2024-07-26,757.7042134602865,0.2837901258262741,#D62728,False,
northeast,153,1,2024-07-27,757.4527587890625,0.2393808273102206,#D62728,False,
northeast,154,1,2024-07-09,966.99958703873,0.3771376507729693,#D62728,False,
northeast,154,1,2024-07-16,967.4765677315849,0.3110900935264017,#D62728,False,
northeast,154,1,2024-07-19,967.513112921464,0.2616402539969755,#D62728,False,
northeast,154,1,2024-07-24,1028.666748046875,0.0,,True,gray_between_red_segments_out_of_both_sides
northeast,154,1,2024-07-26,1015.4998779296876,0.0,,True,gray_between_red_segments_out_of_both_sides
northeast,154,1,2024-07-29,1026.685791015625,0.0,,True,gray_between_red_segments_out_of_both_sides
northeast,154,1,2024-07-30,968.1278076171876,0.2407431224422825,#D62728,False,
northeast,154,1,2024-08-01,968.2077884674072,0.310300524942567,#D62728,False,
northeast,154,1,2024-08-02,968.205047607422,0.1635272820802965,#D62728,False,
northeast,154,1,2024-08-04,1022.643798828125,0.0,,True,gray_between_red_segments_out_of_both_sides
northeast,154,1,2024-08-06,968.0916893368676,0.1411393411820914,#D62728,False,
northeast,154,1,2024-08-08,975.6353149414062,0.0,,True,gray_between_red_segments_out_of_both_sides
northeast,154,1,2024-08-09,967.8707408075747,0.409050569298196,#D62728,False,
northeast,154,1,2024-08-11,967.78517593876,0.2014534035167293,#D62728,False,
northeast,154,1,2024-08-14,1029.844482421875,0.0,,True,gray_between_red_segments_out_of_both_sides
northeast,154,1,2024-08-14,967.4808613545184,0.372121833639619,#D62728,False,
northeast,155,1,2024-07-02,494.2898106430516,0.2085291535771195,#D62728,False,
northeast,155,1,2024-07-04,495.11793518066406,0.2673622028468763,#D62728,False,
northeast,155,1,2024-07-05,494.7748565673828,0.1744239970086515,#D62728,False,
northeast,155,1,2024-07-06,494.9821322571997,0.1236433395876528,#D62728,False,
northeast,155,1,2024-07-06,494.96208572387695,0.1272212789193832,#D62728,False,
northeast,155,1,2024-07-07,494.9417724609375,0.1270664191195985,#D62728,False,
northeast,155,1,2024-07-08,494.81211853027344,0.2898218505897846,#D62728,False,
northeast,155,1,2024-07-10,494.49611002604166,0.0853209825347606,#D62728,False,
northeast,155,1,2024-07-11,494.659423828125,0.0012515928133795,#D62728,False,
northeast,155,1,2024-07-12,494.0478746202257,0.0691262149818179,#D62728,False,
northeast,157,1,2024-07-05,998.4075317382812,0.503016516834897,#D62728,False,
northeast,157,1,2024-07-08,1042.3861490885415,0.1556254541244928,,True,gray_between_red_segments_out_of_both_sides
northeast,157,1,2024-07-16,999.2548828125,0.2344081600891006,#D62728,False,
northeast,157,1,2024-07-17,999.1837517233456,0.3839178755241297,#D62728,False,
northeast,157,1,2024-07-19,999.1045247395832,0.4158430137103838,#D62728,False,
northeast,157,1,2024-07-26,999.724983215332,0.4108320824115614,#D62728,False,
northeast,157,1,2024-07-28,1000.47968639027,0.3811890665072716,#D62728,False,
northeast,157,1,2024-07-29,1036.0311279296875,0.0,,True,edge_short_gray_above_nearest_red
northeast,157,1,2024-08-09,1001.9037475585938,1.16004079619942,#CFCFCF,True,uncertainty_gt_1m
northeast,158,1,2024-06-26,817.7454223632812,0.0,#D62728,False,
northeast,158,1,2024-06-27,817.9346923828125,0.2965645233271401,#D62728,False,
northeast,158,1,2024-06-28,818.1829833984375,0.0900482616286161,#D62728,False,
northeast,158,1,2024-06-29,817.8315124511719,0.151665485924624,#D62728,False,
northeast,158,1,2024-06-30,818.7130126953125,0.1308406747975176,#D62728,False,
northeast,158,1,2024-07-01,818.8422053410457,0.2677504332573801,#D62728,False,
northeast,158,1,2024-07-02,819.1176350911459,0.4396509814681613,#D62728,False,
northeast,158,1,2024-07-04,820.2990417480469,0.4878671426956101,#D62728,False,
northeast,158,1,2024-07-05,819.821044921875,0.7378556090678784,#D62728,False,
northeast,158,1,2024-07-06,819.5126342773438,0.2053695689898587,#D62728,False,
northeast,158,1,2024-07-07,819.064697265625,0.1700575192705654,#D62728,False,
northeast,158,1,2024-07-08,819.2402954101562,0.1396951000854261,#D62728,False,
northeast,158,1,2024-07-09,818.9517211914062,0.3397750296675688,#D62728,False,
northeast,158,1,2024-07-10,818.74853515625,1.2543740874342426,#D62728,True,uncertainty_gt_1m
northeast,158,1,2024-07-11,818.3663330078125,0.2041211763134535,#D62728,False,
northeast,158,1,2024-07-12,818.0720443725586,0.3927466825385944,#D62728,False,
northeast,158,1,2024-07-14,818.4378784179687,0.4101688017766331,#D62728,False,
northeast,158,1,2024-07-16,818.0785522460938,0.3784703216649518,#D62728,False,
northeast,158,1,2024-07-17,818.6419067382812,0.1691973215755415,,True,local_max_extreme_gt_1m
northeast,158,1,2024-07-18,818.0469970703125,0.2991614387867913,#D62728,False,
northeast,158,1,2024-07-19,818.5442504882812,0.2449322755873344,#D62728,False,
northeast,158,1,2024-07-23,817.9653015136719,0.1872531689969884,#D62728,False,
northeast,158,1,2024-07-24,817.8877563476562,0.1605468054000398,#D62728,False,
northeast,158,1,2024-07-26,817.785888671875,0.3135917038873952,#D62728,False,
northeast,158,1,2024-07-28,823.1043701171875,1.9913273244596743,#CFCFCF,True,uncertainty_gt_1m
northeast,158,1,2024-07-30,817.0478515625,0.368797736116187,#D62728,False,
northeast,158,1,2024-08-02,816.4406585693359,0.4449525883890468,,True,local_min_extreme_gt_1m
northeast,158,1,2024-08-03,818.2335510253906,0.5480118418229281,,True,local_max_extreme_gt_1m
northeast,158,1,2024-08-04,817.3960571289062,0.0505150212945076,#D62728,False,
northeast,158,1,2024-08-04,817.243896484375,0.0667951616175307,#D62728,False,
northeast,158,1,2024-08-05,817.9796752929688,0.4178739604196,,True,local_max_extreme_gt_1m
northeast,158,1,2024-08-06,816.98594708309,0.3201068336443456,,True,local_min_extreme_gt_1m
northeast,158,1,2024-08-07,817.4914321899414,0.3589206912103456,#D62728,False,
northeast,158,1,2024-08-08,817.0351257324219,0.2787594252269678,#D62728,False,
northeast,158,1,2024-08-09,816.972900390625,0.235812909477596,#D62728,False,
northeast,158,1,2024-08-10,817.052734375,0.1638275797737702,#D62728,False,
northeast,158,1,2024-08-10,817.052734375,0.1638275797737702,#D62728,False,
northeast,158,1,2024-08-11,817.146481244992,0.1837681825666212,#D62728,False,
northeast,158,1,2024-08-13,816.8386203931725,0.2017329670268221,#D62728,False,
northeast,158,1,2024-08-14,818.0945129394531,0.5613609559871474,#D62728,False,
northeast,15,1,2024-07-06,670.6000366210938,0.0,#D62728,False,
northeast,15,1,2024-07-07,670.8560791015625,0.1398165193511472,#D62728,False,
northeast,15,1,2024-07-07,670.1972961425781,0.2640197272523752,,True,local_min_extreme_gt_1m
northeast,15,1,2024-07-08,670.9144433902788,0.1741860062910891,#D62728,False,
northeast,15,1,2024-07-10,671.4144841120793,0.1117338557359001,#D62728,False,
northeast,15,1,2024-07-11,671.5520629882812,0.1836251313194132,#D62728,False,
northeast,15,1,2024-07-12,671.7254028320312,0.2662027628152536,#D62728,False,
northeast,15,1,2024-07-13,685.5047607421875,0.2184409069510504,,True,gray_between_red_segments_out_of_both_sides
northeast,15,1,2024-07-14,671.845458984375,0.0956616017762496,#D62728,False,
northeast,15,1,2024-07-15,671.8929443359375,0.150200577110291,#D62728,False,
northeast,15,1,2024-07-16,671.9198608398438,0.3259581174331278,#D62728,False,
northeast,15,1,2024-07-16,671.9713439941406,0.126070587075556,#D62728,False,
northeast,15,1,2024-07-17,672.0253601074219,0.1442068574521421,#D62728,False,
northeast,15,1,2024-07-17,672.0582885742188,0.2283251421710534,#D62728,False,
northeast,15,1,2024-07-18,671.8782958984375,0.1163354674572068,#D62728,False,
northeast,15,1,2024-07-19,672.129358706267,0.1268677504796452,#D62728,False,
northeast,15,1,2024-07-23,671.1812744140625,0.2294081006834352,#D62728,False,
northeast,15,1,2024-07-24,670.9020792643229,0.2862293227898418,#D62728,False,
northeast,15,1,2024-07-26,670.8139038085938,0.1122841910516997,#D62728,False,
northeast,15,1,2024-07-27,670.6445617675781,0.2649415877505181,#D62728,False,
northeast,15,1,2024-07-27,670.64501953125,0.2286219184623222,#D62728,False,
northeast,15,1,2024-07-29,670.6552734375,0.1060339288324865,#D62728,False,
northeast,15,1,2024-07-31,683.8851377905869,0.1412937599447983,,True,gray_between_red_segments_out_of_both_sides
northeast,15,1,2024-08-01,670.7098291015625,0.3038562714562453,#D62728,False,
northeast,15,1,2024-08-02,670.6006913618608,0.1253776637841394,#D62728,False,
northeast,15,1,2024-08-03,670.5824279785156,0.2094898007711701,#D62728,False,
northeast,15,1,2024-08-04,670.6302490234375,0.1394138064666435,#D62728,False,
northeast,15,1,2024-08-05,670.6673889160156,0.1440760590505427,#D62728,False,
northeast,15,1,2024-08-06,670.6646118164062,0.2998711955940858,#D62728,False,
northeast,15,1,2024-08-06,670.5243530273438,0.1139308510462189,#D62728,False,
northeast,15,1,2024-08-07,670.5989379882812,0.1452820572308198,#D62728,False,
northeast,15,1,2024-08-07,670.5815124511719,0.1785956803771034,#D62728,False,
northeast,15,1,2024-08-08,670.4959106445312,0.1375305806510947,#D62728,False,
northeast,15,1,2024-08-09,670.5433654785156,0.1947650514146834,#D62728,False,
northeast,15,1,2024-08-10,670.620374891493,0.2299031469386353,#D62728,False,
northeast,15,1,2024-08-10,670.620374891493,0.2299031469386353,#D62728,False,
northeast,15,1,2024-08-11,670.5267944335938,0.0872055625530799,#D62728,False,
northeast,15,1,2024-08-12,670.5342712402344,1.0626883589941016,#D62728,True,uncertainty_gt_1m
northeast,15,1,2024-08-12,670.5342712402344,1.0626883589941016,#D62728,True,uncertainty_gt_1m
northeast,15,1,2024-08-13,670.4748382568359,0.3228162992788688,#D62728,False,
northeast,15,1,2024-08-14,664.8765462239584,6.61771906080936,#CFCFCF,True,uncertainty_gt_1m
northeast,160,1,2024-06-29,435.2886657714844,0.1148605514846685,#D62728,False,
northeast,160,1,2024-06-30,436.0994262695313,0.090519531656218,#D62728,False,
northeast,160,1,2024-07-01,436.2734680175781,0.0713271232477735,#D62728,False,
northeast,160,1,2024-07-03,436.6908874511719,0.3704578003270095,#D62728,False,
northeast,160,1,2024-07-04,436.8472290039063,0.1610487359766451,#D62728,False,
northeast,160,1,2024-07-05,436.8743896484375,0.2539964794324622,#D62728,False,
northeast,160,1,2024-07-07,436.4686584472656,0.1646156007688272,#D62728,False,
northeast,161,1,2024-07-23,956.0325317382812,0.1952323438694573,#D62728,False,
northeast,161,1,2024-07-24,956.4035034179688,0.2143716979349386,#D62728,False,
northeast,161,1,2024-07-30,956.6185607910156,0.4221337326324042,#D62728,False,
northeast,161,1,2024-07-31,956.6248779296876,0.2255313957603967,#D62728,False,
northeast,161,1,2024-08-01,956.5242919921876,0.2433835942327495,#D62728,False,
northeast,161,1,2024-08-02,956.6574096679688,0.2144045601013934,#D62728,False,
northeast,161,1,2024-08-03,956.57958984375,0.2101951934690366,#D62728,False,
northeast,161,1,2024-08-04,956.4257202148438,0.2905415683433744,#D62728,False,
northeast,161,1,2024-08-10,956.001085783306,0.2270069427089087,#D62728,False,
northeast,161,1,2024-08-10,956.001085783306,0.2270069427089087,#D62728,False,
northeast,161,1,2024-08-11,955.9427490234376,0.2352949208840165,#D62728,False,
northeast,161,1,2024-08-12,956.1072387695312,0.4329520860944006,#D62728,False,
northeast,161,1,2024-08-12,956.1072387695312,0.4329520860944006,#D62728,False,
northeast,161,1,2024-08-13,956.2677001953124,0.3586385680788403,#D62728,False,
northeast,161,1,2024-08-14,956.7203979492188,0.0,#D62728,False,
northeast,162,1,2024-06-29,453.8876953125,0.0901461580555388,#D62728,False,
northeast,162,1,2024-06-30,454.0091400146485,0.1085409690615613,#D62728,False,
northeast,162,1,2024-07-01,454.28265380859375,0.0833104896827228,#D62728,False,
northeast,162,1,2024-07-02,454.3855590820313,0.1010720412676473,#D62728,False,
northeast,162,1,2024-07-04,455.3116149902344,0.241740373043438,#D62728,False,
northeast,162,1,2024-07-04,446.1692810058594,0.0,,True,gray_between_red_segments_out_of_both_sides
northeast,162,1,2024-07-05,454.86258476011216,0.3821350577378065,#D62728,False,
northeast,162,1,2024-07-06,438.8622741699219,1.3373485002824432,#CFCFCF,True,uncertainty_gt_1m
northeast,162,1,2024-07-07,454.2673034667969,0.2204655595963096,#D62728,False,
northeast,162,1,2024-07-08,453.9300231933594,0.3201657201001937,#D62728,False,
northeast,162,1,2024-07-08,453.8135223388672,0.1263378297562343,#D62728,False,
northeast,164,1,2024-07-14,976.750457763672,0.314091610728465,#D62728,False,
northeast,164,1,2024-07-15,977.259033203125,0.2698442376189015,#D62728,False,
northeast,164,1,2024-07-16,977.2994995117188,0.5582717310774307,#D62728,False,
northeast,164,1,2024-07-19,1024.80126953125,0.0,,True,gray_between_red_segments_out_of_both_sides
northeast,164,1,2024-07-23,976.8988647460938,0.2267636303825246,#D62728,False,
northeast,164,1,2024-07-24,977.1868896484376,0.4982865233828603,#D62728,False,
northeast,164,1,2024-07-30,977.17578125,0.0,#D62728,False,
northeast,164,1,2024-07-31,996.9129943847656,27.26534522225236,#CFCFCF,True,uncertainty_gt_1m
northeast,164,1,2024-08-01,977.3033081054688,0.2332587266896352,#D62728,False,
northeast,164,1,2024-08-02,977.3112357003348,0.3968977546086781,#D62728,False,
northeast,164,1,2024-08-03,977.3804931640624,0.1687359688172564,#D62728,False,
northeast,164,1,2024-08-05,977.039520263672,0.132970946828354,#D62728,False,
northeast,164,1,2024-08-06,977.7446899414062,0.2446826979733113,#D62728,False,
northeast,164,1,2024-08-09,977.4977416992188,0.3624265672274849,#D62728,False,
northeast,164,1,2024-08-10,977.3171997070312,0.0635362882109704,#D62728,False,
northeast,164,1,2024-08-10,977.3171997070312,0.0635362882109704,#D62728,False,
northeast,164,1,2024-08-11,977.6197509765624,0.2395955349638935,#D62728,False,
northeast,164,1,2024-08-12,977.3258056640624,0.2808755830707961,#D62728,False,
northeast,164,1,2024-08-12,977.3258056640624,0.2808755830707961,#D62728,False,
northeast,164,1,2024-08-13,977.316650390625,0.272126457152045,#D62728,False,
northeast,164,1,2024-08-14,977.4909580775668,0.4096790359641579,#D62728,False,
northeast,166,1,2024-07-01,590.251542524858,0.3259685237559686,#D62728,False,
northeast,166,1,2024-07-02,588.4066349909856,3.3719694424989286,#CFCFCF,True,uncertainty_gt_1m
northeast,166,1,2024-07-03,591.4830525716146,0.1392939998829175,#D62728,False,
northeast,166,1,2024-07-04,591.8057250976562,0.2606097354256728,#D62728,False,
northeast,166,1,2024-07-05,591.7127685546875,0.1888262218193532,#D62728,False,
northeast,166,1,2024-07-06,591.6919555664062,0.364370819394403,#D62728,False,
northeast,166,1,2024-07-06,591.4863586425781,0.2972903032750336,#D62728,False,
northeast,166,1,2024-07-07,591.3632202148438,0.4966121594938082,#D62728,False,
northeast,166,1,2024-07-08,591.2471618652344,0.3182245571017445,#D62728,False,
northeast,166,1,2024-07-09,591.4639892578125,0.583630988091777,#D62728,False,
northeast,166,1,2024-07-10,590.9377150762649,0.365347756016391,#D62728,False,
northeast,166,1,2024-07-11,590.8210120567909,0.1655676793817259,#D62728,False,
northeast,166,1,2024-07-12,590.5071478949653,0.4534428561699661,#D62728,False,
northeast,166,1,2024-07-13,590.4779357910156,0.4565750941769891,#D62728,False,
northeast,166,1,2024-07-14,589.9854379330042,0.3193211437492089,#D62728,False,
northeast,166,1,2024-07-15,589.8980102539062,0.4422200105750129,#D62728,False,
northeast,166,1,2024-07-16,589.8033752441406,0.2093460614550949,#D62728,False,
northeast,166,1,2024-07-17,589.4037475585938,0.4077056344446083,#D62728,False,
northeast,166,1,2024-07-18,589.1646118164062,0.2998337460904157,#D62728,False,
northeast,166,1,2024-07-19,589.326171875,0.0,#D62728,False,
northeast,169,1,2024-07-03,678.8995361328125,0.0648429510405878,#D62728,False,
northeast,169,1,2024-07-04,679.0483093261719,0.120273066313596,#D62728,False,
northeast,169,1,2024-07-05,679.0624389648438,0.4321028034696625,#D62728,False,
northeast,169,1,2024-07-05,679.0798950195312,0.1257060758221708,#D62728,False,
northeast,169,1,2024-07-06,679.206298828125,0.1401037758143874,#D62728,False,
northeast,169,1,2024-07-06,679.182373046875,0.1698604325840174,#D62728,False,
northeast,169,1,2024-07-07,678.9010925292969,0.164068011104706,#D62728,False,
northeast,169,1,2024-07-07,678.7756958007812,0.2326599165514465,#D62728,False,
northeast,169,1,2024-07-08,678.75634765625,0.1320636132203109,#D62728,False,
northeast,169,1,2024-07-09,678.567626953125,0.1153646752141808,#D62728,False,
northeast,169,1,2024-07-14,677.4791259765625,0.1037683973493577,#D62728,False,
northeast,169,1,2024-07-15,677.0001831054688,0.1798453335041252,#D62728,False,
northeast,169,1,2024-07-16,677.118408203125,0.1900326247092081,#D62728,False,
northeast,169,1,2024-07-16,677.109619140625,0.1252386050361637,#D62728,False,
northeast,169,1,2024-07-17,677.2422790527344,0.1392551284815252,#D62728,False,
northeast,169,1,2024-07-17,677.0914306640625,0.2452455736001034,#D62728,False,
northeast,169,1,2024-07-18,677.3084411621094,0.13425993558708,#D62728,False,
northeast,169,1,2024-07-18,676.8840942382812,0.628576183373148,#D62728,False,
northeast,169,1,2024-07-19,677.6277512770432,0.1340566989593676,,True,local_max_extreme_gt_1m
northeast,169,1,2024-07-24,701.9859313964844,2.900836489215941,#CFCFCF,True,uncertainty_gt_1m
northeast,169,1,2024-07-26,674.9231567382812,0.23979576216474,#D62728,False,
northeast,169,1,2024-07-26,674.9105224609375,0.1119652817460258,#D62728,False,
northeast,169,1,2024-07-27,673.9459533691406,0.1366825668956174,,True,local_min_extreme_gt_1m
northeast,169,1,2024-07-27,674.7484741210938,0.935583946446552,#D62728,False,
northeast,169,1,2024-07-28,675.6587677001953,1.1052628218354543,#D62728,True,uncertainty_gt_1m
northeast,169,1,2024-07-28,675.791259765625,0.6005919169306638,#D62728,False,
northeast,169,1,2024-07-29,673.0123901367188,3.686535933113394,#CFCFCF,True,uncertainty_gt_1m
northeast,169,1,2024-07-30,675.6714782714844,0.7427987555543011,#D62728,False,
northeast,16,1,2024-06-26,745.0783429827009,5.141470947473131,#CFCFCF,True,uncertainty_gt_1m
northeast,16,1,2024-06-26,749.805029296875,0.126452949714128,#D62728,False,
northeast,16,1,2024-06-27,750.0374450683594,0.1288986688632032,#D62728,False,
northeast,16,1,2024-06-28,750.7982177734375,0.1768222932602145,#D62728,False,
northeast,16,1,2024-06-30,753.0764239767324,0.222012290033067,#D62728,False,
northeast,16,1,2024-07-01,753.6486735026042,0.1658946447504478,#D62728,False,
northeast,16,1,2024-07-02,753.9452514648438,0.315986665846676,#D62728,False,
northeast,16,1,2024-07-03,741.7508544921875,4.097340947442999,#CFCFCF,True,uncertainty_gt_1m
northeast,16,1,2024-07-04,755.243408203125,0.3157002060713315,#D62728,False,
northeast,16,1,2024-07-05,754.9182739257812,0.1714146294753303,#D62728,False,
northeast,16,1,2024-07-06,755.3193359375,0.1202446507212047,#D62728,False,
northeast,16,1,2024-07-06,755.6474761962891,0.4618737263574315,#D62728,False,
northeast,16,1,2024-07-07,753.5146240234375,4.000934411735374,#CFCFCF,True,uncertainty_gt_1m
northeast,16,1,2024-07-07,755.596435546875,0.1289857941617878,#D62728,False,
northeast,16,1,2024-07-08,755.8970336914062,0.193662744226346,#D62728,False,
northeast,16,1,2024-07-10,756.9403686523438,0.243395709064986,#D62728,False,
northeast,16,1,2024-07-11,756.4963165992914,0.1366450032251194,#D62728,False,
northeast,16,1,2024-07-12,756.6880493164062,0.1276358534125338,#D62728,False,
northeast,16,1,2024-07-16,756.9961547851562,0.1193298578702801,#D62728,False,
northeast,16,1,2024-07-17,757.1470947265625,0.1154779857949796,#D62728,False,
northeast,16,1,2024-07-17,757.1252746582031,0.116831651288826,#D62728,False,
northeast,16,1,2024-07-18,756.9992980957031,0.164408838407529,#D62728,False,
northeast,16,1,2024-07-19,757.6820678710938,0.2240582785208523,#D62728,False,
northeast,16,1,2024-07-23,758.4252294423629,0.1224306858601811,#D62728,False,
northeast,16,1,2024-07-24,758.6320581054688,0.0889236998515191,#D62728,False,
northeast,16,1,2024-07-26,758.5991821289062,0.1089920245263998,#D62728,False,
northeast,16,1,2024-07-27,758.7172241210938,0.1049759661060254,#D62728,False,
northeast,16,1,2024-07-27,758.6884740193685,0.2717860073110305,#D62728,False,
northeast,16,1,2024-07-28,736.2933959960938,0.0,,True,gray_between_red_segments_out_of_both_sides
northeast,16,1,2024-07-31,758.9980844350962,0.1334793534858109,#D62728,False,
northeast,16,1,2024-08-01,758.9420166015625,0.0762273653693154,#D62728,False,
northeast,16,1,2024-08-02,758.9555735868566,0.1446675406759334,#D62728,False,
northeast,16,1,2024-08-03,759.0120258946573,0.0809229358064625,#D62728,False,
northeast,16,1,2024-08-05,759.2819213867188,0.2866888472777327,#D62728,False,
northeast,16,1,2024-08-06,759.3629760742188,0.1297151838212398,#D62728,False,
northeast,16,1,2024-08-07,759.2564086914062,0.1100441617805947,#D62728,False,
northeast,16,1,2024-08-07,759.3134155273438,0.1026941944973051,#D62728,False,
northeast,16,1,2024-08-08,759.3030090332031,0.1141745091756421,#D62728,False,
northeast,16,1,2024-08-09,759.2409057617188,0.2415556904468314,#D62728,False,
northeast,16,1,2024-08-11,759.4153251647949,0.1057413666465087,#D62728,False,
northeast,16,2,2024-06-26,753.354478624132,0.20208549499526,#D62728,False,
northeast,16,2,2024-06-26,753.5140291101792,0.2331638359685077,#D62728,False,
northeast,16,2,2024-06-27,753.8480529785156,0.1129854594892767,#D62728,False,
northeast,16,2,2024-06-28,754.2494812011719,0.2271640447161033,#D62728,False,
northeast,16,2,2024-06-29,754.1424560546875,0.0,#D62728,False,
northeast,16,2,2024-06-30,754.273089090983,0.4994600669621593,#D62728,False,
northeast,16,2,2024-07-01,753.7357177734375,0.1408038957583219,#D62728,False,
northeast,16,2,2024-07-02,753.958740234375,0.1898270578512434,#D62728,False,
northeast,16,2,2024-07-03,749.4289143880209,0.5835443718807904,,True,gray_between_red_segments_out_of_both_sides
northeast,16,2,2024-07-04,755.283447265625,0.3288111320256334,#D62728,False,
northeast,16,2,2024-07-05,754.9611206054688,0.1883012008060945,#D62728,False,
northeast,16,2,2024-07-06,755.322265625,0.1443154744801812,#D62728,False,
northeast,16,2,2024-07-06,755.7042867726293,0.377855411003365,#D62728,False,
northeast,16,2,2024-07-07,737.2450244140625,0.4664928112742979,,True,gray_between_red_segments_out_of_both_sides
northeast,16,2,2024-07-07,755.6468505859375,0.1119290626868426,#D62728,False,
northeast,16,2,2024-07-08,728.2479248046875,0.0,,True,gray_between_red_segments_out_of_both_sides
northeast,16,2,2024-07-08,755.9141235351562,0.1447707935474085,#D62728,False,
northeast,16,2,2024-07-10,756.3786126498518,0.120271058558513,#D62728,False,
northeast,16,2,2024-07-11,756.5445209468177,0.155704254363985,#D62728,False,
northeast,16,2,2024-07-12,756.7281494140625,0.1432465850458258,#D62728,False,
northeast,16,2,2024-07-13,750.8078002929688,0.0,,True,gray_between_red_segments_out_of_both_sides
northeast,16,2,2024-07-16,756.9765625,0.1292121061006368,#D62728,False,
northeast,16,2,2024-07-17,757.2199401855469,0.2494738306948272,#D62728,False,
northeast,16,2,2024-07-17,757.1591491699219,0.1213654155256921,#D62728,False,
northeast,16,2,2024-07-18,756.9784545898438,0.1600955608672371,#D62728,False,
northeast,16,2,2024-07-19,757.607421875,0.2509969671710781,#D62728,False,
northeast,16,2,2024-07-23,758.4190436798392,0.2003732564964192,#D62728,False,
northeast,16,2,2024-07-24,758.506353041705,0.1642557274914913,#D62728,False,
northeast,16,2,2024-07-26,758.6629028320312,0.0947391501551922,#D62728,False,
northeast,16,2,2024-07-27,758.6886901855469,0.0939577012757411,#D62728,False,
northeast,16,2,2024-07-27,745.9087219238281,0.1316202989073352,,True,gray_between_red_segments_out_of_both_sides
northeast,16,2,2024-07-28,769.775634765625,0.0,,True,gray_between_red_segments_out_of_both_sides
northeast,16,2,2024-07-30,732.9961547851562,0.0,,True,gray_between_red_segments_out_of_both_sides
northeast,16,2,2024-07-31,758.9377120580428,0.1392761483143681,#D62728,False,
northeast,16,2,2024-08-01,758.9541009866966,0.1236200999468216,#D62728,False,
northeast,16,2,2024-08-02,758.941315273069,0.1314651456977889,#D62728,False,
northeast,16,2,2024-08-03,758.9994917436079,0.0919338149217817,#D62728,False,
northeast,16,2,2024-08-05,759.3511962890625,0.3106362198982929,#D62728,False,
northeast,16,2,2024-08-06,759.3684387207031,0.1135969064988586,#D62728,False,
northeast,16,2,2024-08-07,759.3591918945312,0.1473530823200898,#D62728,False,
northeast,16,2,2024-08-07,759.3682250976562,0.1280743840953464,#D62728,False,
northeast,16,2,2024-08-08,738.1694946289062,0.0,,True,gray_between_red_segments_out_of_both_sides
northeast,16,2,2024-08-08,759.3206481933594,0.1296450276770855,#D62728,False,
northeast,16,2,2024-08-09,759.2957153320312,0.2226871634145429,#D62728,False,
northeast,16,2,2024-08-11,759.3796305338542,0.1126778064048185,#D62728,False,
northeast,170,1,2024-06-29,396.15673828125,0.1996792793618711,#D62728,False,
northeast,170,1,2024-06-30,395.8118438720703,0.2762299881905511,#D62728,False,
northeast,170,1,2024-07-01,395.37646484375,0.2735344007575684,#D62728,False,
northeast,170,1,2024-07-02,395.157455444336,0.2739788965498211,#D62728,False,
northeast,170,1,2024-07-03,395.17958068847656,0.3160288944438922,#D62728,False,
northeast,170,1,2024-07-04,395.37644958496094,0.2169623782576268,#D62728,False,
northeast,170,1,2024-07-05,395.031494140625,0.3945533086867174,#D62728,False,
northeast,170,1,2024-07-06,395.1285552978516,2.5329185949454938,#D62728,True,uncertainty_gt_1m
northeast,170,1,2024-07-06,395.1443193543632,0.328362869517801,#D62728,False,
northeast,170,1,2024-07-07,394.8382263183594,0.1323040372211549,#D62728,False,
northeast,170,1,2024-07-08,394.61370849609375,0.5073897757226045,#D62728,False,
northeast,171,1,2024-07-09,516.8840942382812,0.3464471812634103,#D62728,False,
northeast,171,1,2024-07-10,517.9797156965229,0.1904274788595433,#D62728,False,
northeast,171,1,2024-07-11,517.7392277504081,0.1456689314470471,#D62728,False,
northeast,171,1,2024-07-12,517.5897904245477,0.1692587659621432,#D62728,False,
northeast,171,1,2024-07-13,523.037537356457,10.14950186110244,#CFCFCF,True,uncertainty_gt_1m
northeast,171,1,2024-07-14,517.22705078125,0.2964685587947423,#D62728,False,
northeast,171,1,2024-07-15,517.0195922851562,0.2299803013606523,#D62728,False,
northeast,171,1,2024-07-16,516.9602661132812,0.3169265647029577,#D62728,False,
northeast,171,1,2024-07-16,516.9556884765625,0.3896539102477977,#D62728,False,
northeast,171,1,2024-07-17,516.8648376464844,0.2125164865388439,#D62728,False,
northeast,171,1,2024-07-17,517.0327758789062,0.4937276648633995,#D62728,False,
northeast,171,1,2024-07-18,516.6323852539062,0.2998871399661408,#D62728,False,
northeast,171,1,2024-07-19,516.8263549804688,0.1905093367822563,#D62728,False,
northeast,171,1,2024-07-23,516.1197386242095,0.1846076648321304,#D62728,False,
northeast,171,1,2024-07-24,516.018489131221,0.1203958584947863,#D62728,False,
northeast,171,1,2024-07-26,515.61865234375,0.2303648543072411,#D62728,False,
northeast,171,1,2024-07-27,516.0223388671875,0.3799663147928689,#D62728,False,
northeast,171,1,2024-07-27,515.831787109375,0.8163197553711034,#D62728,False,
northeast,171,1,2024-07-28,515.4206771850586,0.2065962592575295,#D62728,False,
northeast,171,1,2024-07-29,515.568896484375,0.2319901478589439,#D62728,False,
northeast,172,1,2024-07-09,654.8070840490869,0.2639412172074921,#D62728,False,
northeast,172,1,2024-07-10,636.7791267163826,3.0059863697440607,#CFCFCF,True,uncertainty_gt_1m
northeast,172,1,2024-07-14,653.9673970540365,0.1851637871837813,#D62728,False,
northeast,172,1,2024-07-15,653.8112934440967,0.2146239534811171,#D62728,False,
northeast,172,1,2024-07-16,653.6860961914062,0.2680207189235626,#D62728,False,
northeast,172,1,2024-07-16,653.6780395507812,0.2228251353416276,#D62728,False,
northeast,172,1,2024-07-17,653.6807861328125,0.2634766187486669,#D62728,False,
northeast,172,1,2024-07-17,653.7238159179688,0.2339121780280704,#D62728,False,
northeast,172,1,2024-07-18,653.5149498655085,0.1666066600654793,#D62728,False,
northeast,172,1,2024-07-19,653.8411865234375,0.2614727276983032,#D62728,False,
northeast,173,1,2024-07-13,560.318904876709,0.1471344630289622,#D62728,False,
northeast,173,1,2024-07-14,560.3182373046875,0.136801254397497,#D62728,False,
northeast,173,1,2024-07-15,560.4888305664062,0.1681291019444335,#D62728,False,
northeast,173,1,2024-07-16,560.5509338378906,0.2642726904669965,#D62728,False,
northeast,173,1,2024-07-16,560.5283203125,0.205379715964296,#D62728,False,
northeast,173,1,2024-07-17,560.5895080566406,0.1277285240002734,#D62728,False,
northeast,173,1,2024-07-17,560.5491943359375,0.1730556684665241,#D62728,False,
northeast,173,1,2024-07-18,560.5444030761719,0.1931737052862414,#D62728,False,
northeast,173,1,2024-07-19,560.9459228515625,0.1502430004008755,#D62728,False,
northeast,174,1,2024-06-29,473.73675537109375,0.167994501980356,#D62728,False,
northeast,174,1,2024-06-30,474.7317199707031,0.155925399866221,#D62728,False,
northeast,174,1,2024-07-01,474.4787292480469,0.1403433611519091,#D62728,False,
northeast,174,1,2024-07-02,474.4936065673828,0.1986008285850278,#D62728,False,
northeast,174,1,2024-07-03,474.354248046875,0.2301990873794468,#D62728,False,
northeast,175,1,2024-07-14,1078.2262493631115,0.1465886517111973,#D62728,False,
northeast,175,1,2024-07-16,1078.0347900390625,0.1768913335521729,#D62728,False,
northeast,175,1,2024-07-17,1078.1849365234375,0.4514836453597944,#D62728,False,
northeast,175,1,2024-07-17,1078.2833489312063,0.293794028074754,#D62728,False,
northeast,175,1,2024-07-18,1077.9686279296875,0.1546912915314213,#D62728,False,
northeast,175,1,2024-07-19,1078.0841064453125,0.1318983952017345,#D62728,False,
northeast,175,1,2024-07-23,1078.356875,0.1110031063780699,#D62728,False,
northeast,175,1,2024-07-24,1078.78173828125,0.1773021145204981,#D62728,False,
northeast,175,1,2024-07-26,1078.810546875,0.1235591134745183,#D62728,False,
northeast,175,1,2024-07-27,1078.8529052734375,0.1958756751970668,#D62728,False,
northeast,175,1,2024-07-28,1078.887264737216,0.0774467621931711,#D62728,False,
northeast,175,1,2024-07-29,1070.4006123445472,2.203242837862608,#CFCFCF,True,uncertainty_gt_1m
northeast,175,1,2024-07-30,1078.9149169921875,0.1851861263120382,#D62728,False,
northeast,175,1,2024-07-31,1078.906270345052,0.3643141749789566,#D62728,False,
northeast,175,1,2024-08-01,1097.2137386924342,0.467996154435765,,True,gray_between_red_segments_out_of_both_sides
northeast,175,1,2024-08-02,1078.1171875,0.0498264240378485,#D62728,False,
northeast,175,1,2024-08-03,1078.5414428710938,0.1324030390547885,#D62728,False,
northeast,175,1,2024-08-04,1079.8153483072915,0.4103469829010249,,True,global_max_not_supported_by_neighbors
northeast,175,1,2024-08-05,1078.3649291992188,0.3067752579022911,,True,local_min_extreme_gt_1m
northeast,175,1,2024-08-06,1078.9905395507812,0.1414236154547467,#D62728,False,
northeast,175,1,2024-08-07,1079.047607421875,0.4680058447397076,#D62728,False,
northeast,175,1,2024-08-07,1078.955730091442,0.3461869877377343,#D62728,False,
northeast,175,1,2024-08-08,1078.903076171875,0.1034881494269184,#D62728,False,
northeast,175,1,2024-08-09,1078.8477783203125,0.2109970004106164,#D62728,False,
northeast,175,1,2024-08-10,1079.042596990412,0.1169102217783239,#D62728,False,
northeast,175,1,2024-08-10,1079.042596990412,0.1169102217783239,#D62728,False,
northeast,175,1,2024-08-11,1078.5650856711648,0.1722913192494478,#D62728,False,
northeast,175,1,2024-08-12,1081.4138590494792,5.002148222379925,#D62728,True,uncertainty_gt_1m
northeast,175,1,2024-08-12,1081.4138590494792,5.002148222379925,#D62728,True,uncertainty_gt_1m
northeast,175,1,2024-08-13,1083.6620154747595,6.21768734951662,#CFCFCF,True,uncertainty_gt_1m
northeast,175,1,2024-08-14,1078.8352813720703,0.1848964466554725,#D62728,False,
northeast,176,1,2024-07-08,977.5012817382812,0.2577766144712166,#D62728,False,
northeast,176,1,2024-07-09,977.47412109375,0.2389986475841323,#D62728,False,
northeast,176,1,2024-07-10,977.6931457519532,0.1563158828265146,#D62728,False,
northeast,176,1,2024-07-11,977.70947265625,0.1524893855936706,#D62728,False,
northeast,176,1,2024-07-12,977.6716918945312,0.1227357661458957,#D62728,False,
northeast,176,1,2024-07-13,977.6696166992188,0.1046018387954017,#D62728,False,
northeast,176,1,2024-07-14,977.7794799804688,0.17821375465756,#D62728,False,
northeast,176,1,2024-07-15,977.6002197265624,0.3057696350429806,#D62728,False,
northeast,176,1,2024-07-16,977.7261352539062,0.475390667232077,#D62728,False,
northeast,176,1,2024-07-18,977.915380859375,1.114819453328217,#D62728,True,uncertainty_gt_1m
northeast,176,1,2024-07-19,977.6632080078124,0.3033069857464279,#D62728,False,
northeast,176,1,2024-07-23,977.542236328125,0.1039940607895608,#D62728,False,
northeast,176,1,2024-07-31,977.4869859483508,0.1383801729342763,#D62728,False,
northeast,176,1,2024-08-01,977.575927734375,0.2262738296172957,#D62728,False,
northeast,176,1,2024-08-02,977.4945734197444,0.1730475622782298,#D62728,False,
northeast,176,1,2024-08-03,977.310577392578,0.3245972338575053,#D62728,False,
northeast,176,1,2024-08-04,977.7727294921876,0.3008607245389972,#D62728,False,
northeast,176,1,2024-08-05,977.0474243164062,0.0,,True,local_min_extreme_gt_1m
northeast,176,1,2024-08-06,977.6459045410156,0.4086834969132669,#D62728,False,
northeast,181,1,2024-07-14,561.8584594726562,0.1978903072685787,#D62728,False,
northeast,181,1,2024-07-15,561.7763671875,0.1768592266654017,#D62728,False,
northeast,181,1,2024-07-16,561.568115234375,0.3083241323954897,#D62728,False,
northeast,181,1,2024-07-16,561.664794921875,0.1865849262585403,#D62728,False,
northeast,181,1,2024-07-17,561.60546875,0.2036147926085416,#D62728,False,
northeast,181,1,2024-07-17,561.56396484375,0.2267824346622758,#D62728,False,
northeast,181,1,2024-07-18,561.3148193359375,0.2051974488434244,#D62728,False,
northeast,181,1,2024-07-19,561.4929068429129,0.153954277219323,#D62728,False,
northeast,183,1,2024-07-05,542.2866516113281,0.212789678789934,#D62728,False,
northeast,183,1,2024-07-05,542.2672119140625,0.1471792866840026,#D62728,False,
northeast,183,1,2024-07-06,542.4812622070312,0.1340508652269483,#D62728,False,
northeast,183,1,2024-07-06,542.4381713867188,0.1799681997037147,#D62728,False,
northeast,183,1,2024-07-07,542.6375427246094,0.1243940259900344,#D62728,False,
northeast,183,1,2024-07-07,542.6371765136719,0.2110374970446006,#D62728,False,
northeast,183,1,2024-07-08,542.708544921875,0.1539863286119435,#D62728,False,
northeast,183,1,2024-07-14,542.2176347212358,0.1289695845376624,#D62728,False,
northeast,183,1,2024-07-15,542.1067796186967,0.2372303345205675,#D62728,False,
northeast,183,1,2024-07-16,542.057373046875,0.1506399501968392,#D62728,False,
northeast,183,1,2024-07-16,542.0697631835938,0.1477905168454399,#D62728,False,
northeast,183,1,2024-07-17,542.027099609375,0.1563675067072452,#D62728,False,
northeast,183,1,2024-07-17,542.0299682617188,0.174788184504763,#D62728,False,
northeast,183,1,2024-07-18,541.8319091796875,0.172336328347789,#D62728,False,
northeast,183,1,2024-07-18,541.2003479003906,0.5516018958434714,#D62728,False,
northeast,183,1,2024-07-26,541.2973937988281,0.6299827688586447,#D62728,False,
northeast,183,1,2024-07-26,541.4351806640625,0.2913778330496552,#D62728,False,
northeast,186,1,2024-06-26,557.94189453125,0.0,,True,left_gray_far_from_nearest_red_gt_3m
northeast,186,1,2024-06-26,569.80322265625,0.0,,True,left_gray_far_from_nearest_red_gt_3m
northeast,186,1,2024-06-27,577.1321625454735,0.1346921128987509,#D62728,False,
northeast,186,1,2024-06-28,577.412353515625,0.1517009880650892,#D62728,False,
northeast,186,1,2024-06-29,577.3958740234375,0.1047323152578568,#D62728,False,
northeast,186,1,2024-06-30,576.4231567382812,0.1106885072569182,#D62728,False,
northeast,186,1,2024-07-01,576.0149536132812,0.1749311218300691,#D62728,False,
northeast,186,1,2024-07-02,576.1099548339844,0.2608568094681808,#D62728,False,
northeast,186,1,2024-07-03,575.94482421875,0.2945647913907851,#D62728,False,
northeast,186,1,2024-07-04,576.4029541015625,0.1590877177470362,#D62728,False,
northeast,186,1,2024-07-04,576.1241455078125,0.2543970084665561,#D62728,False,
northeast,189,1,2024-07-07,706.5976867675781,0.3107862718817679,#D62728,False,
northeast,189,1,2024-07-08,706.8416748046875,0.2179354359290207,#D62728,False,
northeast,189,1,2024-07-09,706.9959106445312,0.1136768258996462,#D62728,False,
northeast,189,1,2024-07-10,707.156494140625,0.1030802586281099,#D62728,False,
northeast,189,1,2024-07-11,707.2896118164062,0.1356618397844153,#D62728,False,
northeast,189,1,2024-07-12,707.34765625,0.1271624932393995,#D62728,False,
northeast,189,1,2024-07-13,706.789306640625,0.0,,True,local_min_extreme_gt_1m
northeast,189,1,2024-07-14,707.5120849609375,0.1488460534114656,#D62728,False,
northeast,189,1,2024-07-15,707.568359375,0.200139195399987,#D62728,False,
northeast,189,1,2024-07-16,707.5956420898438,0.3191834108992697,#D62728,False,
northeast,189,1,2024-07-17,707.5606994628906,0.4053162307384185,#D62728,False,
northeast,189,1,2024-07-18,705.1582641601562,0.3800191495696463,#D62728,False,
northeast,189,1,2024-07-19,705.2103271484375,0.4282735318069828,#D62728,False,
northeast,189,1,2024-07-23,705.0294189453125,0.4110403432629809,#D62728,False,
northeast,189,1,2024-07-31,703.1916137695313,3.879775410098642,#CFCFCF,True,uncertainty_gt_1m
northeast,189,1,2024-08-01,705.1499328613281,0.2961095962964418,#D62728,False,
northeast,192,1,2024-06-23,406.8254440307617,0.2667355086521947,#CFCFCF,False,
northeast,192,1,2024-06-27,408.3377380371094,0.1950158746186221,#D62728,False,
northeast,192,1,2024-06-29,407.20751953125,0.1444731012285064,#D62728,False,
northeast,192,1,2024-06-30,406.8601531982422,0.0419715176210887,#D62728,False,
northeast,192,1,2024-07-01,406.7099655999078,0.2159537450965304,#D62728,False,
northeast,192,1,2024-07-02,406.6945190429688,0.2805598834080961,#D62728,False,
northeast,192,1,2024-07-03,405.9977722167969,0.1947783017143325,#D62728,False,
northeast,194,1,2024-06-29,920.7015075683594,0.1630279197970612,#D62728,False,
northeast,194,1,2024-06-29,920.7130126953124,0.152210396839205,#D62728,False,
northeast,194,1,2024-06-30,920.7662048339844,0.2455432795618649,#D62728,False,
northeast,194,1,2024-07-01,920.7846069335938,0.2351526760103079,#D62728,False,
northeast,194,1,2024-07-02,920.96142578125,0.1221800689207096,#D62728,False,
northeast,194,1,2024-07-03,921.04296875,0.1675009964711806,#D62728,False,
northeast,194,1,2024-07-04,921.0326232910156,0.3107924264055242,#D62728,False,
northeast,194,1,2024-07-05,920.9266052246094,0.2692416933820062,#D62728,False,
northeast,194,1,2024-07-06,920.7647094726562,0.2966875095073575,#D62728,False,
northeast,194,1,2024-07-06,920.923828125,0.1879072185493141,#D62728,False,
northeast,194,1,2024-07-07,920.7539672851562,0.3765081126061697,#D62728,False,
northeast,194,1,2024-07-07,920.8027954101562,0.2456464876747835,#D62728,False,
northeast,194,1,2024-07-08,920.6076049804688,0.7097779286916722,#D62728,False,
northeast,194,1,2024-07-09,920.7174987792968,0.2874346259774655,#D62728,False,
northeast,194,1,2024-07-10,920.7486877441406,0.2104921510331834,#D62728,False,
northeast,194,1,2024-07-11,920.5025024414062,0.174154206477332,#D62728,False,
northeast,194,1,2024-07-12,920.5534362792968,0.2489641373627638,#D62728,False,
northeast,194,1,2024-07-13,920.3756103515624,0.1290719151974147,#D62728,False,
northeast,194,1,2024-07-14,920.4681396484376,4.048693230424672,#D62728,True,uncertainty_gt_1m
northeast,194,1,2024-07-15,920.1161499023438,0.2175610660525297,#D62728,False,
northeast,194,1,2024-07-16,920.3142700195312,0.2967852326353833,#D62728,False,
northeast,194,1,2024-07-17,920.35498046875,0.1903366619442084,#D62728,False,
northeast,194,1,2024-07-17,920.1442260742188,0.4052626208614399,#D62728,False,
northeast,194,1,2024-07-18,920.0680541992188,0.1183574253022409,#D62728,False,
northeast,194,1,2024-07-19,920.3265380859376,0.4132629268699335,#D62728,False,
northeast,194,1,2024-07-23,920.3264770507812,0.2123888217952021,#D62728,False,
northeast,194,1,2024-07-24,920.175048828125,0.1713843787368734,#D62728,False,
northeast,194,1,2024-07-26,919.7869567871094,0.378364977347706,#D62728,False,
northeast,194,1,2024-07-27,920.0003051757812,0.29694444273337,#D62728,False,
northeast,194,1,2024-07-27,919.8723754882812,0.3331860530671845,#D62728,False,
northeast,194,1,2024-07-28,920.069091796875,0.1772096533398969,#D62728,False,
northeast,194,1,2024-07-28,920.58837890625,0.0,,True,local_max_extreme_gt_1m
northeast,194,1,2024-07-29,918.9479675292968,0.6303280358416459,,True,local_min_extreme_gt_1m
northeast,194,1,2024-07-30,922.7203322190504,3.523835861662641,#CFCFCF,True,uncertainty_gt_1m
northeast,194,1,2024-07-31,920.1060231526692,0.2882677668694409,#D62728,False,
northeast,194,1,2024-08-01,919.97950914171,0.3767046010647371,#D62728,False,
northeast,194,1,2024-08-02,919.9273986816406,0.2691106554436945,#D62728,False,
northeast,194,1,2024-08-03,920.0257568359376,0.2100702044282227,#D62728,False,
northeast,194,1,2024-08-04,920.0079956054688,0.3366156345804317,#D62728,False,
northeast,194,1,2024-08-05,919.679718017578,0.6742674158573888,#D62728,False,
northeast,194,1,2024-08-06,919.5289916992188,0.2905297866493084,#D62728,False,
northeast,194,1,2024-08-07,919.7654113769532,0.1932285891418569,#D62728,False,
northeast,194,1,2024-08-07,919.6947326660156,0.2719999224765606,#D62728,False,
northeast,194,1,2024-08-08,919.8697509765624,0.5318581369597128,#D62728,False,
northeast,194,1,2024-08-09,920.51904296875,0.692699023379513,,True,local_max_extreme_gt_1m
northeast,194,1,2024-08-10,919.9295959472656,0.1178336033567902,#D62728,False,
northeast,194,1,2024-08-10,919.9295959472656,0.1178336033567902,#D62728,False,
northeast,194,1,2024-08-10,920.7488403320312,4.70048563358005,#D62728,True,uncertainty_gt_1m
northeast,194,1,2024-08-10,920.7488403320312,4.70048563358005,#D62728,True,uncertainty_gt_1m
northeast,194,1,2024-08-11,919.9902954101562,0.2586497336820872,#D62728,False,
northeast,194,1,2024-08-12,919.9326782226562,0.2807622399776528,#D62728,False,
northeast,194,1,2024-08-12,919.9326782226562,0.2807622399776528,#D62728,False,
northeast,194,1,2024-08-13,919.972686767578,0.4331005458666692,#D62728,False,
northeast,194,1,2024-08-14,919.9791259765624,0.0,#D62728,False,
northeast,197,1,2024-07-04,365.0783386230469,0.1876738422727318,#D62728,False,
northeast,197,1,2024-07-05,365.48291015625,0.4436611210442566,#D62728,False,
northeast,197,1,2024-07-05,365.6939697265625,0.1169052144190509,#D62728,False,
northeast,197,1,2024-07-06,366.3662109375,0.412328970015567,#D62728,False,
northeast,197,1,2024-07-06,366.32623291015625,0.2001624916420083,#D62728,False,
northeast,197,1,2024-07-07,365.9546813964844,0.4715986787307059,#D62728,False,
northeast,197,1,2024-07-08,365.24462890625,0.3875536058077006,#D62728,False,
northeast,197,1,2024-07-09,365.02272251674106,0.3221731567195553,#D62728,False,
northeast,19,1,2024-06-29,724.5995431453624,0.8839031079767418,#D62728,False,
northeast,19,1,2024-06-30,724.7601816813151,0.4922338392402484,#D62728,False,
northeast,19,1,2024-07-01,725.0903109463778,0.3816350458356345,#D62728,False,
northeast,19,1,2024-07-02,717.0923731877253,0.4948831851142495,,True,gray_between_red_segments_out_of_both_sides
northeast,19,1,2024-07-03,725.6119995117188,2.456339466697316,#D62728,True,uncertainty_gt_1m
northeast,19,1,2024-07-04,727.0840454101562,0.2599494485906553,#D62728,False,
northeast,19,1,2024-07-05,727.1713256835938,0.1402734296939969,#D62728,False,
northeast,19,1,2024-07-06,727.8597412109375,0.1330588273353797,#D62728,False,
northeast,19,1,2024-07-06,727.9579162597656,0.2635561879840549,#D62728,False,
northeast,19,1,2024-07-07,728.3679809570312,0.1514420569123604,#D62728,False,
northeast,19,1,2024-07-08,728.7882385253906,0.1395470994523149,#D62728,False,
northeast,19,1,2024-07-09,729.1095374738667,0.3754666025342396,#D62728,False,
northeast,19,1,2024-07-09,729.1627197265625,0.3341281887955318,#D62728,False,
northeast,19,1,2024-07-10,729.5802261273478,0.2625525375333433,#D62728,False,
northeast,19,1,2024-07-11,729.1111145019531,0.0873560966746821,#D62728,False,
northeast,19,1,2024-07-12,728.6693115234375,0.1094513575765389,#D62728,False,
northeast,19,1,2024-07-13,728.3172302246094,0.1257449082158936,#D62728,False,
northeast,19,1,2024-07-14,728.057690131955,0.3982475237449822,#D62728,False,
northeast,19,1,2024-07-16,727.707275390625,0.131222402156799,#D62728,False,
northeast,19,1,2024-07-17,714.5684814453125,0.0,,True,gray_between_red_segments_out_of_both_sides
northeast,19,1,2024-07-17,727.5635703175338,0.1977028007682855,#D62728,False,
northeast,19,1,2024-07-18,727.0258483886719,0.1178212976600312,#D62728,False,
northeast,19,1,2024-07-19,727.2217407226562,0.2471978360971101,#D62728,False,
northeast,19,1,2024-07-23,726.4365844726562,0.0743814622777864,#D62728,False,
northeast,19,1,2024-07-24,726.1250305175781,0.0790565333148816,#D62728,False,
northeast,19,1,2024-07-26,725.6982421875,0.0979962331077621,#D62728,False,
northeast,19,1,2024-07-27,725.4340209960938,0.1059666691752969,#D62728,False,
northeast,19,1,2024-07-27,723.1394227225826,3.4142884721345736,#CFCFCF,True,uncertainty_gt_1m
northeast,19,1,2024-07-28,725.1688537597656,0.0859684980372096,#D62728,False,
northeast,19,1,2024-07-31,724.6438598632812,0.1248974726910288,#D62728,False,
northeast,19,1,2024-08-01,724.3616943359375,0.1460248636436721,#D62728,False,
northeast,19,1,2024-08-02,715.5751647949219,0.9929044056074332,,True,gray_between_red_segments_out_of_both_sides
northeast,19,1,2024-08-03,724.0953674316406,0.1255316795984786,#D62728,False,
northeast,19,1,2024-08-04,724.1126380333534,0.4148721857731357,#D62728,False,
northeast,19,1,2024-08-05,724.0537719726562,0.2127423751416489,#D62728,False,
northeast,19,1,2024-08-06,723.7206726074219,0.1001361019215277,#D62728,False,
northeast,19,1,2024-08-07,718.4788513183594,4.948582192238203,#CFCFCF,True,uncertainty_gt_1m
northeast,19,1,2024-08-07,723.5238647460938,0.0985849672434481,#D62728,False,
northeast,19,1,2024-08-08,723.4939880371094,0.1004723356402109,#D62728,False,
northeast,19,1,2024-08-09,723.3718872070312,0.1810430447677363,#D62728,False,
northeast,19,1,2024-08-10,723.5175170898438,0.1979482475623162,#D62728,False,
northeast,19,1,2024-08-11,723.4274291992188,0.1148237854069685,#D62728,False,
northeast,19,1,2024-08-12,723.3366088867188,0.105629704524937,#D62728,False,
northeast,19,1,2024-08-12,723.3366088867188,0.105629704524937,#D62728,False,
northeast,19,1,2024-08-13,723.3868713378906,0.119705654700735,#D62728,False,
northeast,19,1,2024-08-14,723.3850402832031,0.1658305319625095,#D62728,False,
northeast,19,1,2024-08-14,723.3178100585938,0.3173184038728132,#D62728,False,
northeast,1,1,2024-06-26,671.7288393766984,0.3626414252559431,#D62728,False,
northeast,1,1,2024-06-28,672.541015625,0.2712718517221709,#D62728,False,
northeast,1,1,2024-06-29,673.0067333984375,0.1725764120574416,#D62728,False,
northeast,1,1,2024-06-30,673.470794101931,0.1338185308553396,#D62728,False,
northeast,1,1,2024-07-01,673.8597564697266,0.1398593452256384,#D62728,False,
northeast,1,1,2024-07-02,674.1688322179458,0.161739202579239,#D62728,False,
northeast,1,1,2024-07-04,677.8383178710938,0.305933673860033,#D62728,False,
northeast,1,1,2024-07-05,678.7921142578125,0.1410133635559891,#D62728,False,
northeast,1,1,2024-07-06,679.9896850585938,0.4845080532234465,#D62728,False,
northeast,1,1,2024-07-06,679.8984832763672,0.2527340244207395,#D62728,False,
northeast,1,1,2024-07-07,681.3681030273438,0.0012084344405043,#D62728,False,
northeast,1,1,2024-07-07,681.3948974609375,0.0922266044264081,#D62728,False,
northeast,1,1,2024-07-08,682.0941772460938,0.1890974714348446,#D62728,False,
northeast,1,1,2024-07-10,683.4665929916057,0.1875074734427628,#D62728,False,
northeast,1,1,2024-07-11,684.5115904727224,0.1106522349908505,#D62728,False,
northeast,1,1,2024-07-12,685.4595356925589,0.0915649676934402,#D62728,False,
northeast,1,1,2024-07-13,685.93621190389,0.0766447286590658,#D62728,False,
northeast,1,1,2024-07-16,687.0668334960938,0.3390087400434566,#D62728,False,
northeast,1,1,2024-07-17,687.4909454345703,0.1233312548501012,#D62728,False,
northeast,1,1,2024-07-18,687.576904296875,0.1456237131784377,#D62728,False,
northeast,1,1,2024-07-19,688.2735595703125,0.2735442649360647,#D62728,False,
northeast,1,1,2024-07-23,675.5002721567623,0.0886418889677021,,True,gray_between_red_segments_out_of_both_sides
northeast,1,1,2024-07-24,679.5177970554518,0.0999972299815412,,True,gray_between_red_segments_out_of_both_sides
northeast,1,1,2024-07-27,691.3451427781438,0.2163445751254971,#D62728,False,
northeast,1,1,2024-07-27,685.9529418945312,0.0,,True,gray_between_red_segments_out_of_both_sides
northeast,1,1,2024-07-28,691.4284466437574,0.1487687577670531,#D62728,False,
northeast,1,1,2024-07-31,679.0453066618546,0.1090389917518067,,True,gray_between_red_segments_out_of_both_sides
northeast,1,1,2024-08-01,676.3945779800415,0.1114895625254735,,True,gray_between_red_segments_out_of_both_sides
northeast,1,1,2024-08-02,675.9571376702725,0.1076719573725912,,True,gray_between_red_segments_out_of_both_sides
northeast,1,1,2024-08-03,677.8020928565492,0.1411117850177929,,True,gray_between_red_segments_out_of_both_sides
northeast,1,1,2024-08-05,690.6026611328125,0.3254425224744934,#D62728,False,
northeast,1,1,2024-08-06,690.1663818359375,0.2767663763980583,#D62728,False,
northeast,1,1,2024-08-06,674.8317565917969,7.143875986905862,#CFCFCF,True,uncertainty_gt_1m
northeast,1,1,2024-08-07,690.2418767755681,3.470108100304074,#D62728,True,uncertainty_gt_1m
northeast,1,1,2024-08-07,689.8902587890625,0.1991897756946782,#D62728,False,
northeast,1,1,2024-08-08,689.5550537109375,0.1832957317956179,#D62728,False,
northeast,1,1,2024-08-09,689.3482666015625,0.2343970922775566,#D62728,False,
northeast,1,1,2024-08-10,678.7917292668269,0.1164624453205768,,True,gray_between_red_segments_out_of_both_sides
northeast,1,1,2024-08-11,674.7667083740234,0.134453071723868,,True,gray_between_red_segments_out_of_both_sides
northeast,1,1,2024-08-12,689.1504556624616,0.0903986256608021,#D62728,False,
northeast,1,1,2024-08-12,689.1504556624616,0.0903986256608021,#D62728,False,
northeast,1,1,2024-08-13,674.1590154738653,0.1103517185196865,,True,gray_between_red_segments_out_of_both_sides
northeast,1,1,2024-08-14,677.3116455078125,0.1276410340715741,,True,gray_between_red_segments_out_of_both_sides
northeast,1,1,2024-08-14,688.242919921875,0.2982206794815639,#D62728,False,
northeast,1,2,2024-06-26,683.4018020629883,0.1071789256820518,#D62728,False,
northeast,1,2,2024-06-26,683.2866821289062,0.147219998758924,#D62728,False,
northeast,1,2,2024-06-27,683.4097900390625,0.122640182988309,#D62728,False,
northeast,1,2,2024-06-28,683.6597290039062,0.2066992977334867,#D62728,False,
northeast,1,2,2024-06-29,683.9531749378551,0.1545642848961223,#D62728,False,
northeast,1,2,2024-06-30,684.0905961834017,0.095729916073761,#D62728,False,
northeast,1,2,2024-07-01,667.957727432251,0.1496439336015147,,True,gray_between_red_segments_out_of_both_sides
northeast,1,2,2024-07-02,669.6183120265151,0.2091733059715018,,True,gray_between_red_segments_out_of_both_sides
northeast,1,2,2024-07-03,686.033131475034,0.1364363586555675,#D62728,False,
northeast,1,2,2024-07-04,686.0578918457031,0.2807020479909373,#D62728,False,
northeast,1,2,2024-07-05,684.9865417480469,0.1544039266551112,#D62728,False,
northeast,1,2,2024-07-06,684.648681640625,0.214680294966739,#D62728,False,
northeast,1,2,2024-07-06,684.7143700009301,0.1262624142710893,#D62728,False,
northeast,1,2,2024-07-07,684.3721618652344,0.0829599560712845,#D62728,False,
northeast,1,2,2024-07-08,684.1067504882812,0.1449894728631812,#D62728,False,
northeast,1,2,2024-07-10,683.9548750896843,0.124196801448128,#D62728,False,
northeast,1,2,2024-07-11,684.6055822539748,0.0810551400743187,#D62728,False,
northeast,1,2,2024-07-12,685.4756459381621,0.0729117677073039,#D62728,False,
northeast,1,2,2024-07-13,685.83154296875,0.0729273283754643,#D62728,False,
northeast,1,2,2024-07-14,686.3269805908203,0.0774409988027006,#D62728,False,
northeast,1,2,2024-07-16,687.0807189941406,0.1078446278012282,#D62728,False,
northeast,1,2,2024-07-17,687.51171875,0.2627611478708617,#D62728,False,
northeast,1,2,2024-07-17,687.4662895202637,0.1308320898937012,#D62728,False,
northeast,1,2,2024-07-18,687.5768432617188,0.1795150676266191,#D62728,False,
northeast,1,2,2024-07-19,688.3572998046875,0.2552192098766612,#D62728,False,
northeast,1,2,2024-07-23,674.8555806477865,0.1307898551075644,,True,gray_between_red_segments_out_of_both_sides
northeast,1,2,2024-07-24,678.8491777692523,0.1109045459304711,,True,gray_between_red_segments_out_of_both_sides
northeast,1,2,2024-07-26,691.24169921875,0.1872141015900875,#D62728,False,
northeast,1,2,2024-07-27,691.3944962298284,0.2027700426687391,#D62728,False,
northeast,1,2,2024-07-27,677.8176523844401,0.252721342921441,,True,gray_between_red_segments_out_of_both_sides
northeast,1,2,2024-07-28,675.8357340494791,1.950404562793054,#CFCFCF,True,uncertainty_gt_1m
northeast,1,2,2024-07-28,691.3475952148438,0.1765227885489372,#D62728,False,
northeast,1,2,2024-07-31,678.3967640011809,0.1135622902968151,,True,gray_between_red_segments_out_of_both_sides
northeast,1,2,2024-08-01,675.7786070357921,0.1603525658406132,,True,gray_between_red_segments_out_of_both_sides
northeast,1,2,2024-08-02,675.28088113536,0.2044458207027645,,True,gray_between_red_segments_out_of_both_sides
northeast,1,2,2024-08-03,677.1424201516544,0.1639493742962658,,True,gray_between_red_segments_out_of_both_sides
northeast,1,2,2024-08-05,690.4772338867188,0.1861301747059232,#D62728,False,
northeast,1,2,2024-08-06,690.1702880859375,0.1126959702232193,#D62728,False,
northeast,1,2,2024-08-07,674.1396789550781,0.1658447047738552,,True,gray_between_red_segments_out_of_both_sides
northeast,1,2,2024-08-07,689.8108867938702,0.0963108034386837,#D62728,False,
northeast,1,2,2024-08-08,689.5721130371094,0.13837842732425,#D62728,False,
northeast,1,2,2024-08-09,689.4426879882812,0.2303849838813872,#D62728,False,
northeast,1,2,2024-08-10,677.8082427978516,0.1756462737327357,,True,gray_between_red_segments_out_of_both_sides
northeast,1,2,2024-08-11,674.1528079870975,0.1907793063086235,,True,gray_between_red_segments_out_of_both_sides
northeast,1,2,2024-08-12,689.121922492981,0.067469687020097,#D62728,False,
northeast,1,2,2024-08-12,689.121922492981,0.067469687020097,#D62728,False,
northeast,1,2,2024-08-13,673.4129674574908,0.1023611397715476,,True,gray_between_red_segments_out_of_both_sides
northeast,1,2,2024-08-14,676.69140625,0.1470451362635488,,True,gray_between_red_segments_out_of_both_sides
northeast,1,2,2024-08-14,688.4385681152344,0.3099544111607906,#D62728,False,
northeast,200,1,2024-07-02,337.0567569732666,0.2858311401080255,#D62728,False,
northeast,200,1,2024-07-03,337.42429937318315,0.2668385381772782,#D62728,False,
northeast,200,1,2024-07-04,337.9217834472656,0.2372398047161184,#D62728,False,
northeast,200,1,2024-07-05,337.7820739746094,0.1680768898640592,#D62728,False,
northeast,200,1,2024-07-06,337.62270458324537,0.2886251883233936,#D62728,False,
northeast,201,1,2024-07-10,636.7615356445312,0.2640086132541524,#D62728,False,
northeast,201,1,2024-07-11,636.6526794433594,0.2231155845609122,#D62728,False,
northeast,201,1,2024-07-12,636.7199096679688,0.3243970683439708,#D62728,False,
northeast,201,1,2024-07-23,636.1337280273438,0.4106368818011811,#D62728,False,
northeast,201,1,2024-07-31,635.8597717285156,0.3105401402239128,#D62728,False,
northeast,201,1,2024-08-01,635.6724243164062,0.2744144060050203,#D62728,False,
northeast,201,1,2024-08-02,635.7839965820312,0.4818559771218251,#D62728,False,
northeast,202,1,2024-07-06,682.0377762165475,0.1686405599325852,#D62728,False,
northeast,202,1,2024-07-07,669.1792602539062,0.5271676651229147,,True,gray_between_red_segments_out_of_both_sides
northeast,202,1,2024-07-07,682.32177734375,0.1123078785920647,#D62728,False,
northeast,202,1,2024-07-08,682.4957275390625,0.2201354487384905,#D62728,False,
northeast,202,1,2024-07-11,682.1135814228996,0.1009601725411562,#D62728,False,
northeast,202,1,2024-07-12,681.9771118164062,0.1192304055525175,#D62728,False,
northeast,202,1,2024-07-16,681.8893737792969,0.1491575016721732,#D62728,False,
northeast,202,1,2024-07-16,681.8742065429688,0.1606197518649103,#D62728,False,
northeast,202,1,2024-07-17,681.8888549804688,0.20254779557109,#D62728,False,
northeast,202,1,2024-07-17,681.83740234375,0.1684970613966931,#D62728,False,
northeast,202,1,2024-07-18,681.3066101074219,0.2071583428608726,#D62728,False,
northeast,202,1,2024-07-23,681.555425734747,0.0873759469962801,#D62728,False,
northeast,202,1,2024-07-26,681.3329467773438,0.199861172923845,#D62728,False,
northeast,202,1,2024-07-27,681.3863525390625,0.1975541652221056,#D62728,False,
northeast,202,1,2024-07-27,681.3267822265625,0.2336558755986195,#D62728,False,
northeast,202,1,2024-07-28,681.0783081054688,0.4253599187014466,#D62728,False,
northeast,202,1,2024-07-28,681.2396850585938,0.1656589685033799,#D62728,False,
northeast,202,1,2024-08-01,681.177689401727,0.1537978242171611,#D62728,False,
northeast,202,1,2024-08-02,681.2021891276041,0.1701069555975465,#D62728,False,
northeast,203,1,2024-07-03,583.5838522309239,0.2125906459890602,#D62728,False,
northeast,203,1,2024-07-04,584.3855590820312,0.1816060026257882,#D62728,False,
northeast,203,1,2024-07-05,583.7720947265625,0.1170551468955354,#D62728,False,
northeast,203,1,2024-07-06,583.5945839259936,0.2414498766760671,#D62728,False,
northeast,203,1,2024-07-07,583.5614624023438,0.1098371575366869,#D62728,False,
northeast,203,1,2024-07-08,583.4725646972656,0.1856170749156086,#D62728,False,
northeast,203,1,2024-07-09,583.2449951171875,0.2033189065019748,#D62728,False,
northeast,203,1,2024-07-10,582.8819580078125,0.2113598347778628,#D62728,False,
northeast,203,1,2024-07-11,582.8630981445312,0.1567988078426281,#D62728,False,
northeast,203,1,2024-07-12,582.9010620117188,0.1353238649215368,#D62728,False,
northeast,203,1,2024-07-13,582.7891235351562,0.1274347760112943,#D62728,False,
northeast,206,1,2024-07-14,532.3943255024571,0.1599407860076511,#D62728,False,
northeast,206,1,2024-07-15,532.4350700378418,0.1486780585307394,#D62728,False,
northeast,206,1,2024-07-16,532.1307373046875,0.3318437287887998,#D62728,False,
northeast,206,1,2024-07-16,532.0551452636719,0.2681590934077679,#D62728,False,
northeast,206,1,2024-07-17,532.0448608398438,0.2352363343886175,#D62728,False,
northeast,206,1,2024-07-17,531.8678283691406,0.3353876988259007,#D62728,False,
northeast,206,1,2024-07-18,531.7105853740985,0.2462508098882415,#D62728,False,
northeast,207,1,2024-07-09,527.7356567382812,0.3097828588191801,#D62728,False,
northeast,207,1,2024-07-10,528.1117194680606,0.1727620138369656,#D62728,False,
northeast,207,1,2024-07-11,528.2163696289062,0.1764302816212426,#D62728,False,
northeast,207,1,2024-07-12,528.1904500325521,0.1637455667789733,#D62728,False,
northeast,207,1,2024-07-13,523.7158813476562,5.042467859030234,#CFCFCF,True,uncertainty_gt_1m
northeast,207,1,2024-07-14,528.0989990234375,0.1579499683233023,#D62728,False,
northeast,207,1,2024-07-15,527.6631774902344,0.0916047011621349,#D62728,False,
northeast,209,1,2024-07-06,1033.8701171875,0.1452564029021125,#D62728,False,
northeast,209,1,2024-07-06,1033.7982177734375,0.2919232271785965,#D62728,False,
northeast,209,1,2024-07-07,1034.119952033548,0.1760618924070285,#D62728,False,
northeast,209,1,2024-07-07,1034.240234375,0.1869068426555745,#D62728,False,
northeast,209,1,2024-07-08,1034.3737526633522,0.1896470839679282,#D62728,False,
northeast,209,1,2024-07-08,1034.325927734375,0.2667002500074379,#D62728,False,
northeast,209,1,2024-07-11,1007.9640299479166,0.3375582783216448,,True,gray_between_red_segments_out_of_both_sides
northeast,209,1,2024-07-12,1010.2892456054688,0.3856413407627256,,True,gray_between_red_segments_out_of_both_sides
northeast,209,1,2024-07-16,1033.4362182617188,0.2129668596378532,#D62728,False,
northeast,209,1,2024-07-16,1033.4607954545454,0.2216703933154634,#D62728,False,
northeast,209,1,2024-07-17,1033.3782348632812,0.2311984584693435,#D62728,False,
northeast,209,1,2024-07-17,1033.4824829101562,0.3350398167862659,#D62728,False,
northeast,209,1,2024-07-18,1033.4371141003023,0.1696105446278753,#D62728,False,
northeast,209,1,2024-07-18,1032.978759765625,0.3522068598413412,#D62728,False,
northeast,209,1,2024-07-19,1033.73046875,0.4472771891183532,#D62728,False,
northeast,209,1,2024-07-23,1018.7676289876302,0.133860517015985,,True,gray_between_red_segments_out_of_both_sides
northeast,209,1,2024-07-26,1033.8759155273438,0.7677874534490161,#D62728,False,
northeast,209,1,2024-07-26,1033.0983276367188,0.7115089352198134,#D62728,False,
northeast,209,1,2024-07-27,1033.026123046875,0.2316474902172455,#D62728,False,
northeast,209,1,2024-07-27,1032.944580078125,0.167452796183249,#D62728,False,
northeast,209,1,2024-07-28,1032.8199462890625,0.2573153879404563,#D62728,False,
northeast,209,1,2024-07-28,1032.8330078125,0.2965198683864163,#D62728,False,
northeast,209,1,2024-07-29,1032.8959585336538,0.2105710672400761,#D62728,False,
northeast,209,1,2024-08-01,1010.5496571858724,1.8477048406453385,#D62728,True,uncertainty_gt_1m
northeast,209,1,2024-08-02,1011.6825387137276,0.3719004341089057,,True,right_gray_below_global_red_min_gt_3m
northeast,209,1,2024-08-03,1008.6372985839844,0.0034095114571372,,True,right_gray_below_global_red_min_gt_3m
northeast,20,1,2024-07-05,606.688443964178,0.4711194636187886,#D62728,False,
northeast,20,1,2024-07-05,628.1192626953125,3.1525098577859727,#CFCFCF,True,uncertainty_gt_1m
northeast,20,1,2024-07-06,636.2264404296875,0.0,,True,gray_between_red_segments_out_of_both_sides
northeast,20,1,2024-07-06,608.020592948718,0.4132275539683109,#D62728,False,
northeast,20,1,2024-07-07,609.2772216796875,0.0,#D62728,False,
northeast,20,1,2024-07-07,608.9458923339844,0.1810608173401138,#D62728,False,
northeast,20,1,2024-07-08,609.6917724609375,0.3459095550385054,,True,global_max_not_supported_by_neighbors
northeast,20,1,2024-07-15,607.5096771240235,0.2760946079776045,#D62728,False,
northeast,20,1,2024-07-16,607.2796447753906,0.3347336728761176,#D62728,False,
northeast,20,1,2024-07-17,607.7522583007812,0.0,#D62728,False,
northeast,20,1,2024-07-17,607.2984008789062,0.2690427083522841,#D62728,False,
northeast,20,1,2024-07-18,615.9305114746094,3.151985446191231,#CFCFCF,True,uncertainty_gt_1m
northeast,20,1,2024-07-18,606.6650390625,0.251124459698846,#D62728,False,
northeast,20,1,2024-07-26,605.0891723632812,0.3752483515771006,#D62728,False,
northeast,20,1,2024-07-26,625.3525390625,0.0,,True,gray_between_red_segments_out_of_both_sides
northeast,20,1,2024-07-27,604.9673461914062,0.449288548069675,#D62728,False,
northeast,20,1,2024-07-27,604.8668823242188,0.1161823397799185,#D62728,False,
northeast,20,1,2024-07-28,605.66064453125,0.6444074613010267,#D62728,False,
northeast,20,1,2024-07-29,607.3784790039062,0.3786715636066142,,True,edge_short_gray_above_nearest_red
northeast,210,1,2024-07-02,448.6692810058594,0.3725984396192222,#D62728,False,
northeast,210,1,2024-07-04,450.1682586669922,0.2126430700579884,#D62728,False,
northeast,210,1,2024-07-05,449.8612823486328,0.2989567195743806,#D62728,False,
northeast,210,1,2024-07-05,450.0444030761719,0.2874715984864039,#D62728,False,
northeast,210,1,2024-07-06,449.9648132324219,0.3058428570636448,#D62728,False,
northeast,210,1,2024-07-06,449.9662628173828,0.297728698610927,#D62728,False,
northeast,210,1,2024-07-07,449.4837341308594,0.1129693080301249,#D62728,False,
northeast,210,1,2024-07-08,449.36744689941406,0.3552730862896443,#D62728,False,
northeast,210,1,2024-07-10,449.2579650878906,0.3927417848063185,#D62728,False,
northeast,211,1,2024-07-02,461.85787302652994,0.0955025505314077,#D62728,False,
northeast,211,1,2024-07-04,463.17425537109375,0.228062422489911,#D62728,False,
northeast,211,1,2024-07-05,462.35247802734375,0.140024869823254,#D62728,False,
northeast,211,1,2024-07-06,461.6702668161103,0.2528809954574309,#D62728,False,
northeast,211,1,2024-07-06,461.7183182327836,0.286095637200654,#D62728,False,
northeast,211,1,2024-07-07,461.3386535644531,0.4987751551561337,#D62728,False,
northeast,211,1,2024-07-08,461.7514953613281,0.5885596667413816,#D62728,False,
northeast,211,1,2024-07-10,479.6129935128348,0.4259236396807677,,True,gray_between_red_segments_out_of_both_sides
northeast,211,1,2024-07-11,481.4719136555989,0.2966150700850117,,True,gray_between_red_segments_out_of_both_sides
northeast,211,1,2024-07-12,445.2369384765625,0.0,,True,gray_between_red_segments_out_of_both_sides
northeast,211,1,2024-07-13,460.7744405110677,0.1215073059141011,#D62728,False,
northeast,211,1,2024-07-16,460.861572265625,0.2392792965851297,#D62728,False,
northeast,211,1,2024-07-16,460.6804976029829,0.2735282305881671,#D62728,False,
northeast,211,1,2024-07-17,472.0728759765625,0.4832111207644337,,True,gray_between_red_segments_out_of_both_sides
northeast,211,1,2024-07-17,460.8262176513672,0.5367299958644514,#D62728,False,
northeast,213,1,2024-07-23,1010.2848510742188,0.5801037858466325,#D62728,False,
northeast,213,1,2024-07-24,1009.15234375,0.0,,True,local_min_extreme_gt_1m
northeast,213,1,2024-07-31,1010.1571655273438,0.0,#D62728,False,
northeast,213,1,2024-08-01,1010.34912109375,0.0,#D62728,False,
northeast,213,1,2024-08-02,1009.9924926757812,0.6400608577437766,#D62728,False,
northeast,213,1,2024-08-03,1010.2384338378906,0.3352275437492074,#D62728,False,
northeast,213,1,2024-08-11,1010.3129272460938,0.4475580179696833,#D62728,False,
northeast,213,1,2024-08-12,1010.2134399414062,0.4570199701487669,#D62728,False,
northeast,213,1,2024-08-12,1010.2134399414062,0.4570199701487669,#D62728,False,
northeast,213,1,2024-08-13,1010.0836181640624,0.3754041385139903,#D62728,False,
northeast,213,1,2024-08-14,1010.0787353515624,0.3606947796975534,#D62728,False,
northeast,214,1,2024-07-04,679.7943115234375,0.0940999536952934,#D62728,False,
northeast,214,1,2024-07-05,680.8346252441406,0.2704011730153791,#D62728,False,
northeast,214,1,2024-07-05,680.749267578125,0.1187817741899937,#D62728,False,
northeast,214,1,2024-07-06,679.3350219726562,0.1746135387479001,#D62728,False,
northeast,214,1,2024-07-06,679.28271484375,0.1212447738926953,#D62728,False,
northeast,214,1,2024-07-07,678.9578857421875,0.1777209349541789,#D62728,False,
northeast,214,1,2024-07-07,678.8496704101562,0.2573392124963595,#D62728,False,
northeast,214,1,2024-07-08,678.8939514160156,0.1114784475354228,#D62728,False,
northeast,215,1,2024-07-05,668.8743286132812,0.2912329602866061,#D62728,False,
northeast,215,1,2024-07-06,652.5947760087025,0.9777941404624227,,True,gray_between_red_segments_out_of_both_sides
northeast,215,1,2024-07-06,654.8876303140219,4.910641771140459,#D62728,True,uncertainty_gt_1m
northeast,215,1,2024-07-07,654.8435668945312,0.0,,True,gray_between_red_segments_out_of_both_sides
northeast,215,1,2024-07-07,668.9889619009836,0.3063893793949895,#D62728,False,
northeast,215,1,2024-07-08,668.79443359375,0.2640943160735209,#D62728,False,
northeast,215,1,2024-07-09,657.8344277121804,0.4900338634667286,,True,gray_between_red_segments_out_of_both_sides
northeast,215,1,2024-07-10,652.9788274895654,0.6622501191788611,,True,gray_between_red_segments_out_of_both_sides
northeast,215,1,2024-07-11,650.6026211442619,0.4778775382387257,,True,gray_between_red_segments_out_of_both_sides
northeast,215,1,2024-07-12,650.566650390625,0.0,,True,gray_between_red_segments_out_of_both_sides
northeast,215,1,2024-07-13,668.3616203539299,0.228710554379538,#D62728,False,
northeast,215,1,2024-07-14,658.7802269977072,1.051847758072985,#CFCFCF,True,uncertainty_gt_1m
northeast,215,1,2024-07-16,668.2888280356802,0.1902701633107956,#D62728,False,
northeast,215,1,2024-07-17,653.9798426474295,1.012916107284776,#CFCFCF,True,uncertainty_gt_1m
northeast,215,1,2024-07-18,667.83251953125,0.2315303796033507,#D62728,False,
northeast,215,1,2024-07-19,668.0006103515625,0.3628984977775978,#D62728,False,
northeast,215,1,2024-07-23,668.0473442077637,0.2858282683956844,#D62728,False,
northeast,215,1,2024-07-24,667.970739364624,0.2943082265130644,#D62728,False,
northeast,215,1,2024-07-25,668.112060546875,1.074915077631028,#D62728,True,uncertainty_gt_1m
northeast,215,1,2024-07-26,668.3028897372159,0.4415666462102202,#D62728,False,
northeast,215,1,2024-07-27,651.6114065987723,1.1430583780010468,#CFCFCF,True,uncertainty_gt_1m
northeast,215,1,2024-07-27,650.0915800395765,0.6598153932139734,,True,gray_between_red_segments_out_of_both_sides
northeast,215,1,2024-07-28,667.8972036000845,0.3314347213367015,#D62728,False,
northeast,215,1,2024-07-29,668.0228881835938,0.3491209858595556,#D62728,False,
northeast,215,1,2024-07-30,657.9573287963867,0.3885444552736409,,True,gray_between_red_segments_out_of_both_sides
northeast,215,1,2024-07-31,667.8642338547751,0.2531134632930881,#D62728,False,
northeast,215,1,2024-08-01,650.2488505045573,0.463340128663837,,True,gray_between_red_segments_out_of_both_sides
northeast,215,1,2024-08-02,650.411099243164,0.4090921300751637,,True,gray_between_red_segments_out_of_both_sides
northeast,215,1,2024-08-03,653.6450528231534,1.0580910803704795,#CFCFCF,True,uncertainty_gt_1m
northeast,215,1,2024-08-04,658.4471276855469,0.8439410341750723,,True,gray_between_red_segments_out_of_both_sides
northeast,215,1,2024-08-05,667.6982727050781,0.2315998797557592,#D62728,False,
northeast,215,1,2024-08-06,667.5754089355469,0.412646299838772,#D62728,False,
northeast,217,1,2024-07-09,571.690786089216,0.1391696498506827,#D62728,False,
northeast,217,1,2024-07-13,571.8340558503803,0.151433197522205,#D62728,False,
northeast,217,1,2024-07-14,571.8115515615426,0.1948598887439211,#D62728,False,
northeast,217,1,2024-07-15,571.7635418435801,0.130550930485374,#D62728,False,
northeast,217,1,2024-07-16,571.6926879882812,0.0,#D62728,False,
northeast,217,1,2024-07-16,571.67236328125,0.2219087158290903,#D62728,False,
northeast,217,1,2024-07-17,571.6507873535156,0.1794782424957743,#D62728,False,
northeast,217,1,2024-07-17,571.4338073730469,0.3181587544037398,#D62728,False,
northeast,217,1,2024-07-18,571.3515773866235,0.2265591694243752,#D62728,False,
northeast,217,1,2024-07-19,571.5270683092949,0.1661296056127182,#D62728,False,
northeast,217,1,2024-07-26,570.9620593843006,0.1823273285866599,#D62728,False,
northeast,217,1,2024-07-27,570.8919677734375,0.249393857537849,#D62728,False,
northeast,217,1,2024-07-27,570.880126953125,0.3394969493928854,#D62728,False,
northeast,217,1,2024-07-28,570.7760925292969,0.1647355092644685,#D62728,False,
northeast,217,1,2024-07-29,571.0965067545573,0.2861137186304397,#D62728,False,
northeast,217,1,2024-07-30,570.8297213040865,0.2005821767692613,#D62728,False,
northeast,217,1,2024-08-04,570.7057627085093,0.1633573515574898,#D62728,False,
northeast,217,1,2024-08-05,570.5342829777644,0.2238722070763113,#D62728,False,
northeast,218,1,2024-07-15,977.753271484375,0.6408629696503492,#D62728,False,
northeast,218,1,2024-07-16,976.7686971028646,0.4944653945290987,,True,local_min_extreme_gt_1m
northeast,218,1,2024-07-23,977.6217041015624,0.1128369477714691,#D62728,False,
northeast,218,1,2024-07-26,978.112548828125,0.2201270036107973,#D62728,False,
northeast,218,1,2024-07-30,977.505859375,0.2358847285170852,#D62728,False,
northeast,218,1,2024-07-31,977.470947265625,0.1260620800696197,#D62728,False,
northeast,218,1,2024-08-01,977.364713228666,0.1592263671834931,#D62728,False,
northeast,218,1,2024-08-02,977.4457168579102,0.1369563203088644,#D62728,False,
northeast,218,1,2024-08-03,977.4633178710938,0.1606026228196314,#D62728,False,
northeast,218,1,2024-08-04,977.4637451171876,0.2920216013805791,#D62728,False,
northeast,218,1,2024-08-05,977.2667846679688,0.0,#D62728,False,
northeast,218,1,2024-08-06,977.3753662109376,0.3406008343794116,#D62728,False,
northeast,218,1,2024-08-08,977.507293701172,0.5205990836674536,#D62728,False,
northeast,218,1,2024-08-09,977.2959594726562,0.3980099488440063,#D62728,False,
northeast,218,1,2024-08-10,977.3624877929688,0.2144374914246687,#D62728,False,
northeast,218,1,2024-08-10,977.3624877929688,0.2144374914246687,#D62728,False,
northeast,218,1,2024-08-11,977.4671630859376,0.119232317098093,#D62728,False,
northeast,219,1,2024-07-07,655.4420471191406,0.1449954595946851,#D62728,False,
northeast,219,1,2024-07-07,655.6168518066406,0.3362447985924273,#D62728,False,
northeast,219,1,2024-07-08,656.4948120117188,0.1327132015611144,#D62728,False,
northeast,219,1,2024-07-09,656.2685185185185,0.1058142336518686,#D62728,False,
northeast,219,1,2024-07-10,640.3003540039062,0.4200172848210132,,True,gray_between_red_segments_out_of_both_sides
northeast,219,1,2024-07-14,655.7432278719815,0.0988688700890299,#D62728,False,
northeast,219,1,2024-07-15,655.6611328125,0.1358258398737459,#D62728,False,
northeast,219,1,2024-07-16,655.4648132324219,0.1808134735852941,#D62728,False,
northeast,219,1,2024-07-16,655.5474853515625,0.118671916463727,#D62728,False,
northeast,219,1,2024-07-17,655.556396484375,0.1196864915346094,#D62728,False,
northeast,219,1,2024-07-17,655.5794372558594,0.188599035759409,#D62728,False,
northeast,219,1,2024-07-18,655.5523071289062,0.1287359788106787,#D62728,False,
northeast,219,1,2024-07-19,655.5123291015625,0.0924165034184603,#D62728,False,
northeast,219,1,2024-07-26,655.1577758789062,0.2462015174081749,#D62728,False,
northeast,219,1,2024-07-26,655.0669555664062,0.1122413104082391,#D62728,False,
northeast,219,1,2024-07-27,654.98974609375,0.114589959146286,#D62728,False,
northeast,219,1,2024-07-27,654.878173828125,0.1579805464573848,#D62728,False,
northeast,219,1,2024-07-28,655.0392150878906,0.2759405073362053,#D62728,False,
northeast,219,1,2024-07-29,655.3212890625,0.2457082505001625,#D62728,False,
northeast,219,1,2024-07-30,655.0082397460938,0.131819346761526,#D62728,False,
northeast,219,1,2024-08-04,654.833674678096,0.1897813294261971,#D62728,False,
northeast,219,1,2024-08-05,654.6679382324219,0.1703098689159243,#D62728,False,
northeast,219,1,2024-08-06,654.5804748535156,0.2473383183066098,#D62728,False,
northeast,219,1,2024-08-06,654.593017578125,0.1202190681633751,#D62728,False,
northeast,220,1,2024-07-05,670.6492004394531,0.4169317937248282,#D62728,False,
northeast,220,1,2024-07-05,670.6482849121094,0.147580631166508,#D62728,False,
northeast,220,1,2024-07-06,671.3416748046875,0.1711416313543878,#D62728,False,
northeast,220,1,2024-07-06,671.4328308105469,0.1813164012114,#D62728,False,
northeast,220,1,2024-07-07,671.9385375976562,0.1083301811001889,#D62728,False,
northeast,220,1,2024-07-07,671.9968872070312,0.2051663202839604,#D62728,False,
northeast,220,1,2024-07-08,672.2426449283139,0.1367797743750443,#D62728,False,
northeast,220,1,2024-07-09,671.869140625,0.140336113358755,#D62728,False,
northeast,220,1,2024-07-10,650.9360427856445,0.3433976875793996,,True,right_gray_below_global_red_min_gt_3m
northeast,220,1,2024-07-13,670.2223510742188,0.3679721882059489,#CFCFCF,False,
northeast,221,1,2024-06-29,644.5731811523438,0.1195318373056306,#D62728,False,
northeast,221,1,2024-06-30,644.9012756347656,0.1029133599384427,#D62728,False,
northeast,221,1,2024-07-01,645.126953125,0.0963941462276604,#D62728,False,
northeast,221,1,2024-07-02,645.4341735839844,0.1082925666097474,#D62728,False,
northeast,221,1,2024-07-03,645.677734375,0.0,#D62728,False,
northeast,221,1,2024-07-04,645.5550537109375,0.1372287601771293,#D62728,False,
northeast,221,1,2024-07-05,645.3366088867188,0.2158315333097947,#D62728,False,
northeast,221,1,2024-07-07,645.1176452636719,0.2406447990269132,#D62728,False,
northeast,221,1,2024-07-08,645.0348510742188,0.1535277275395629,#D62728,False,
northeast,221,1,2024-07-09,644.8704833984375,0.1384609785897781,#D62728,False,
northeast,221,1,2024-07-10,644.8710327148438,0.0917396168872426,#D62728,False,
northeast,221,1,2024-07-11,644.6483764648438,0.0999986943766875,#D62728,False,
northeast,221,1,2024-07-12,644.4175415039062,0.076427981719868,#D62728,False,
northeast,221,1,2024-07-14,644.1423950195312,0.1491647682493324,#D62728,False,
northeast,221,1,2024-07-15,643.9602966308594,0.2338464420778054,#D62728,False,
northeast,221,1,2024-07-16,643.9990844726562,0.4140647199859127,#D62728,False,
northeast,221,1,2024-07-17,643.8513793945312,0.4665083820103962,#D62728,False,
northeast,221,1,2024-07-18,643.5888671875,0.2200560374681044,#D62728,False,
northeast,221,1,2024-07-19,643.8826904296875,0.1452521528411043,#D62728,False,
northeast,222,1,2024-07-07,794.6376037597656,0.2114253357055271,#D62728,False,
northeast,222,1,2024-07-07,794.6409301757812,0.1576695943564048,#D62728,False,
northeast,222,1,2024-07-08,795.0811699761284,0.2383063354452267,#D62728,False,
northeast,222,1,2024-07-09,795.2253913879395,0.4844779916288947,#D62728,False,
northeast,222,1,2024-07-15,794.9210205078125,0.2951965871523174,#D62728,False,
northeast,222,1,2024-07-16,794.6630554199219,0.2389553704708879,#D62728,False,
northeast,222,1,2024-07-16,794.8258056640625,0.1589517127256725,#D62728,False,
northeast,222,1,2024-07-17,794.7780456542969,0.186762297024867,#D62728,False,
northeast,222,1,2024-07-17,794.6741333007812,0.162355083023282,#D62728,False,
northeast,222,1,2024-07-18,794.5306396484375,0.2400029128972989,#D62728,False,
northeast,222,1,2024-07-18,794.1865234375,0.3771225048090161,#D62728,False,
northeast,222,1,2024-07-19,794.8463134765625,2.252371550917801,#D62728,True,uncertainty_gt_1m
northeast,222,1,2024-07-26,793.8508911132812,0.274388330878495,#D62728,False,
northeast,222,1,2024-07-26,793.96826171875,0.2156808310677618,#D62728,False,
northeast,222,1,2024-07-27,794.03125,0.1421581878802305,#D62728,False,
northeast,222,1,2024-07-27,794.00341796875,0.1251443594291187,#D62728,False,
northeast,222,1,2024-07-28,793.6842515733507,0.1650561915754445,#D62728,False,
northeast,222,1,2024-07-29,790.7377563476563,6.856837093508449,#CFCFCF,True,uncertainty_gt_1m
northeast,223,1,2024-06-27,333.4941711425781,0.1550673945980945,#D62728,False,
northeast,223,1,2024-06-28,334.25634765625,0.2772687935234819,#D62728,False,
northeast,223,1,2024-06-29,333.852545844184,0.197713707604471,#D62728,False,
northeast,223,1,2024-06-30,334.0058288574219,0.3474942018498151,#D62728,False,
northeast,223,1,2024-07-01,333.87989807128906,0.2628554213795884,#D62728,False,
northeast,223,1,2024-07-02,333.7379617130055,0.140265085793482,#D62728,False,
northeast,223,1,2024-07-03,333.73216247558594,0.3067009809918215,#D62728,False,
northeast,223,1,2024-07-04,334.0604553222656,0.1821370936530728,#D62728,False,
northeast,223,1,2024-07-05,332.29026794433594,0.0788719264293466,#CFCFCF,False,
northeast,223,1,2024-07-06,341.3362121582031,0.0,,True,right_gray_above_nearest_red
northeast,223,1,2024-07-06,345.48795645577565,0.3122981583262077,,True,right_gray_above_nearest_red
northeast,225,1,2024-07-03,914.3713338216146,0.1760579043324649,#D62728,False,
northeast,225,1,2024-07-04,915.0557556152344,0.2969053145187076,#D62728,False,
northeast,225,1,2024-07-05,914.9297027587892,0.3077661965773141,#D62728,False,
northeast,225,1,2024-07-06,915.016944885254,0.2414319955785599,#D62728,False,
northeast,225,1,2024-07-06,915.0697021484376,0.4932231510450959,#D62728,False,
northeast,225,1,2024-07-07,914.9319019317628,0.2427158077506906,#D62728,False,
northeast,225,1,2024-07-07,914.9818115234376,0.3024003447292631,#D62728,False,
northeast,225,1,2024-07-08,913.6937046051024,1.2529344794911723,#D62728,True,uncertainty_gt_1m
northeast,225,1,2024-07-09,914.7175554547993,0.4055256916480734,#D62728,False,
northeast,225,1,2024-07-10,914.0745239257812,0.3285443544747358,#D62728,False,
northeast,227,1,2024-07-07,671.4830932617188,0.0,#D62728,False,
northeast,227,1,2024-07-07,670.8678894042969,0.3894242896254459,,True,local_min_extreme_gt_1m
northeast,227,1,2024-07-08,672.2593780202964,0.1370232726657658,,True,global_max_not_supported_by_neighbors
northeast,227,1,2024-07-10,648.6991916232639,0.2224249581921005,,True,gray_between_red_segments_out_of_both_sides
northeast,227,1,2024-07-13,682.6251579733456,0.4639987864585112,,True,gray_between_red_segments_out_of_both_sides
northeast,227,1,2024-07-14,671.0266723632812,0.1913112745360122,#D62728,False,
northeast,227,1,2024-07-15,670.9627380371094,0.2612110504909381,#D62728,False,
northeast,227,1,2024-07-16,670.8768920898438,0.2855663651562838,#D62728,False,
northeast,227,1,2024-07-16,670.9573974609375,0.2222104352659901,#D62728,False,
northeast,227,1,2024-07-17,670.820068359375,0.2789208409976047,#D62728,False,
northeast,227,1,2024-07-17,670.8336791992188,0.2209451073230041,#D62728,False,
northeast,227,1,2024-07-18,670.6073608398438,0.1962375151435727,#D62728,False,
northeast,227,1,2024-07-19,670.8093872070312,0.173852544277538,#D62728,False,
northeast,22,1,2024-06-27,499.9480438232422,0.2242177766672978,#D62728,False,
northeast,22,1,2024-06-29,500.529289832482,0.2556914754009065,#D62728,False,
northeast,22,1,2024-07-01,501.1564353942871,0.219322737989374,#D62728,False,
northeast,22,1,2024-07-02,501.5591735839844,0.224658835708036,#D62728,False,
northeast,22,1,2024-07-04,502.90574645996094,0.1907067869255223,,True,global_max_not_supported_by_neighbors
northeast,22,1,2024-07-05,502.2049865722656,0.1213877672847831,,True,local_min_extreme_gt_1m
northeast,22,1,2024-07-06,502.8066864013672,0.1486364276720447,#D62728,False,
northeast,22,1,2024-07-06,502.7763366699219,0.1044784351035461,#D62728,False,
northeast,22,1,2024-07-07,502.1931457519531,0.1010040843807343,#D62728,False,
northeast,22,1,2024-07-08,501.6595916748047,0.2228401362067167,#D62728,False,
northeast,22,1,2024-07-09,501.6150817871094,0.0,#D62728,False,
northeast,22,1,2024-07-10,501.4635620117188,0.2091652926975984,#D62728,False,
northeast,22,1,2024-07-11,501.0769805908203,0.1464125873772668,#D62728,False,
northeast,22,1,2024-07-12,500.83685467694255,0.2244614555133244,#D62728,False,
northeast,22,1,2024-07-13,500.5762939453125,0.1231779744316943,#D62728,False,
northeast,22,1,2024-07-14,500.2589111328125,0.0,#D62728,False,
northeast,22,1,2024-07-16,500.17913818359375,0.1349125609691582,#D62728,False,
northeast,22,1,2024-07-16,500.1427307128906,0.0809314284432187,#D62728,False,
northeast,22,1,2024-07-17,500.2512817382813,0.2950973720906306,#D62728,False,
northeast,22,1,2024-07-17,500.0903625488281,0.0885709597471053,#D62728,False,
northeast,22,1,2024-07-18,499.60205078125,0.1459496519637995,#D62728,False,
northeast,22,1,2024-07-23,518.6904067993164,5.652928698882267,#CFCFCF,True,uncertainty_gt_1m
northeast,22,1,2024-07-26,498.9300537109375,0.1350932987093292,#D62728,False,
northeast,22,1,2024-07-27,499.0591430664063,0.0853137022528747,#D62728,False,
northeast,22,1,2024-07-27,498.8179016113281,0.1210935941816291,#D62728,False,
northeast,22,1,2024-07-28,498.7734069824219,0.0765050562541362,#D62728,False,
northeast,22,1,2024-07-30,498.7643324908088,0.1664896365107144,#D62728,False,
northeast,22,1,2024-08-01,498.8631988525391,0.4646168103903102,#D62728,False,
northeast,22,1,2024-08-02,503.9408843994141,6.479770919377825,#CFCFCF,True,uncertainty_gt_1m
northeast,22,2,2024-06-27,500.1727600097656,0.0,#D62728,False,
northeast,22,2,2024-06-29,492.7994079589844,0.2235603714933054,,True,gray_between_red_segments_out_of_both_sides
northeast,22,2,2024-06-30,500.47698338826496,0.1630171534604936,#D62728,False,
northeast,22,2,2024-07-01,500.6288299560547,0.1129835624036665,#D62728,False,
northeast,22,2,2024-07-02,500.85260009765625,0.1099182160016885,#D62728,False,
northeast,22,2,2024-07-04,502.0434265136719,0.2076860839438627,#D62728,False,
northeast,22,2,2024-07-05,502.1309814453125,0.1604855624974118,#D62728,False,
northeast,22,2,2024-07-06,502.9017639160156,0.1263205161901395,#D62728,False,
northeast,22,2,2024-07-06,502.7801818847656,0.0870706191733691,#D62728,False,
northeast,22,2,2024-07-07,502.1389770507813,0.1385783826680589,#D62728,False,
northeast,22,2,2024-07-08,500.9854736328125,0.2297961315052868,#D62728,False,
northeast,22,2,2024-07-09,498.1950378417969,0.0,,True,gray_between_red_segments_out_of_both_sides
northeast,22,2,2024-07-10,500.2911376953125,0.4193423429508268,#D62728,False,
northeast,22,2,2024-07-11,499.9119720458984,0.2707090524744368,#D62728,False,
northeast,22,2,2024-07-12,499.7156110491072,0.1310345528716563,#D62728,False,
northeast,22,2,2024-07-13,499.5230407714844,0.0934615636488108,#D62728,False,
northeast,22,2,2024-07-16,499.65065002441406,0.1333175657813503,#D62728,False,
northeast,22,2,2024-07-16,499.5276336669922,0.0727264380694401,#D62728,False,
northeast,22,2,2024-07-17,499.5421600341797,0.1422225389685559,#D62728,False,
northeast,22,2,2024-07-17,499.4864501953125,0.1505508628632027,#D62728,False,
northeast,22,2,2024-07-18,499.21168518066406,0.2315937589264287,#D62728,False,
northeast,22,2,2024-07-23,516.1825866699219,4.419978441263299,#CFCFCF,True,uncertainty_gt_1m
northeast,22,2,2024-07-26,498.9780578613281,0.1160503198701782,#D62728,False,
northeast,22,2,2024-07-27,498.8557739257813,0.0871779398063738,#D62728,False,
northeast,22,2,2024-07-27,498.7848510742188,0.1428031246471811,#D62728,False,
northeast,22,2,2024-07-28,498.7135620117188,0.0962719710604257,#D62728,False,
northeast,22,2,2024-07-31,497.1662388851768,2.6129058244875862,#D62728,True,uncertainty_gt_1m
northeast,22,2,2024-08-01,498.6084911205151,0.0940523733114578,#D62728,False,
northeast,22,2,2024-08-02,498.5487037941261,0.0987787825973526,#D62728,False,
northeast,231,1,2024-07-14,562.7771864513422,0.1739558048971628,#D62728,False,
northeast,231,1,2024-07-15,562.6828838845958,0.1500986800322912,#D62728,False,
northeast,231,1,2024-07-16,562.6153564453125,0.3246891824014422,#D62728,False,
northeast,231,1,2024-07-16,562.4846801757812,0.19420924031652,#D62728,False,
northeast,231,1,2024-07-17,562.6304321289062,0.2067016062091936,#D62728,False,
northeast,231,1,2024-07-17,562.6164245605469,0.269407410547764,#D62728,False,
northeast,231,1,2024-07-18,562.3403293385226,0.1788741682848359,#D62728,False,
northeast,231,1,2024-07-19,562.4197278703962,0.1726143324385326,#D62728,False,
northeast,231,1,2024-07-24,562.056396484375,0.1711187466763297,#D62728,False,
northeast,231,1,2024-07-26,562.0530072380515,0.2714476673071419,#D62728,False,
northeast,231,1,2024-07-26,561.9778653368538,0.1568378159660198,#D62728,False,
northeast,231,1,2024-07-27,561.9651489257812,0.2217370485873065,#D62728,False,
northeast,231,1,2024-07-27,561.9804077148438,0.3249859051062759,#D62728,False,
northeast,231,1,2024-07-28,562.0078811645508,0.2279791734413582,#D62728,False,
northeast,231,1,2024-07-29,562.0681588309152,0.1975051785458198,#D62728,False,
northeast,231,1,2024-07-30,561.9555257161459,0.1949767657044807,#D62728,False,
northeast,231,1,2024-08-03,561.806711002272,0.2602828716274445,#D62728,False,
northeast,231,1,2024-08-04,561.8002171566612,0.1960143177556859,#D62728,False,
northeast,231,1,2024-08-05,561.6851512495293,0.1657895050238921,#D62728,False,
northeast,231,1,2024-08-06,561.8594741821289,0.3295651961500948,#D62728,False,
northeast,231,1,2024-08-06,561.67333984375,0.2072592254746462,#D62728,False,
northeast,233,1,2024-07-06,601.8414306640625,0.3426007452572323,#D62728,False,
northeast,233,1,2024-07-06,601.921875,0.3868492613011743,#D62728,False,
northeast,233,1,2024-07-07,602.0483093261719,0.1773435090561253,#D62728,False,
northeast,233,1,2024-07-08,602.0287260167739,0.2930630067799684,#D62728,False,
northeast,233,1,2024-07-09,602.1047390208524,0.3926616154791385,#D62728,False,
northeast,233,1,2024-07-11,589.1457316080729,0.0734700663370375,,True,gray_between_red_segments_out_of_both_sides
northeast,233,1,2024-07-14,601.6860205421985,0.2760055823056804,#D62728,False,
northeast,233,1,2024-07-15,601.6149229711416,0.2817275237649675,#D62728,False,
northeast,233,1,2024-07-16,601.2513427734375,0.5018965742462991,#D62728,False,
northeast,233,1,2024-07-16,601.5034790039062,0.3670680392907124,#D62728,False,
northeast,233,1,2024-07-17,601.3675419734075,0.2128874010449013,#D62728,False,
northeast,233,1,2024-07-17,601.1436157226562,0.0,#D62728,False,
northeast,233,1,2024-07-18,601.1519094613882,0.2553867087770938,#D62728,False,
northeast,233,1,2024-07-19,601.330468021222,0.2793688831751728,#D62728,False,
northeast,234,1,2024-07-10,544.9601025851267,0.1600306735090119,#D62728,False,
northeast,234,1,2024-07-13,544.9017712402343,0.2080367998731309,#D62728,False,
northeast,234,1,2024-07-14,545.06544045841,0.1703279118876874,#D62728,False,
northeast,234,1,2024-07-15,544.8526272243923,0.1472709811658432,#D62728,False,
northeast,234,1,2024-07-16,544.5960083007812,0.3309115563812183,#D62728,False,
northeast,234,1,2024-07-16,544.7925109863281,0.2425492255460498,#D62728,False,
northeast,234,1,2024-07-17,544.5921563042534,0.2243591455138841,#D62728,False,
northeast,234,1,2024-07-17,544.586669921875,0.53948316559719,#D62728,False,
northeast,235,1,2024-07-05,490.9454345703125,0.3303562965518266,#D62728,False,
northeast,235,1,2024-07-05,486.32958984375,0.0,,True,gray_between_red_segments_out_of_both_sides
northeast,235,1,2024-07-06,490.89186096191406,0.2432768216567936,#D62728,False,
northeast,235,1,2024-07-06,490.9331698574863,0.3205383662757682,#D62728,False,
northeast,235,1,2024-07-07,490.9739990234375,0.2796700059725888,#D62728,False,
northeast,235,1,2024-07-08,490.8660583496094,0.4212433698506778,#D62728,False,
northeast,235,1,2024-07-10,491.20323503521126,0.1871791739758389,#D62728,False,
northeast,235,1,2024-07-11,490.79437255859375,0.1874523226109069,#D62728,False,
northeast,235,1,2024-07-12,490.603744506836,0.1054229057294573,#D62728,False,
northeast,235,1,2024-07-13,490.3939655848912,0.1455380831136372,#D62728,False,
northeast,235,1,2024-07-16,490.4268798828125,0.159936303931908,#D62728,False,
northeast,235,1,2024-07-16,490.3793004353841,0.113974405455437,#D62728,False,
northeast,235,1,2024-07-17,491.21038208007815,1.0140281864224558,#D62728,True,uncertainty_gt_1m
northeast,235,1,2024-07-17,490.4553680419922,0.1427587135404926,#D62728,False,
northeast,235,1,2024-07-18,490.16400146484375,0.2717299303804071,#D62728,False,
northeast,235,1,2024-07-23,506.6929947702508,0.2911635714540285,,True,gray_between_red_segments_out_of_both_sides
northeast,235,1,2024-07-25,489.16295369466144,0.508576281211409,,True,local_min_extreme_gt_1m
northeast,235,1,2024-07-26,489.9488830566406,0.1938354352338184,#D62728,False,
northeast,235,1,2024-07-27,489.8141725980319,0.2161348527810354,#D62728,False,
northeast,235,1,2024-07-27,489.7476181030273,0.3245593796852732,#D62728,False,
northeast,235,1,2024-07-28,489.61029052734375,0.1773722951102257,#D62728,False,
northeast,235,1,2024-07-29,489.6991729736328,0.2891660614069891,#D62728,False,
northeast,235,1,2024-07-31,489.83035843460647,0.1657416111498073,#D62728,False,
northeast,235,1,2024-08-01,489.7223545290389,0.2578677335327256,#D62728,False,
northeast,235,1,2024-08-02,489.6573501586914,0.2522356752679935,#D62728,False,
northeast,235,1,2024-08-03,481.3986460367839,1.383760042150972,#CFCFCF,True,uncertainty_gt_1m
northeast,236,1,2024-07-08,546.715087890625,0.2623640827638409,#D62728,False,
northeast,236,1,2024-07-09,546.8543121780174,0.2230458287759034,#D62728,False,
northeast,236,1,2024-07-10,546.8400094168527,0.22761522436826,#D62728,False,
northeast,236,1,2024-07-11,546.6998818887247,0.2385537198558227,#D62728,False,
northeast,236,1,2024-07-12,546.6370239257812,0.2104864553001168,#D62728,False,
northeast,236,1,2024-07-14,546.5175476074219,0.2093770091709858,#D62728,False,
northeast,236,1,2024-07-15,546.5891723632812,0.2719625692518759,#D62728,False,
northeast,236,1,2024-07-16,546.6743469238281,0.2863163199862456,#D62728,False,
northeast,236,1,2024-07-16,546.5159301757812,0.3026539297455877,#D62728,False,
northeast,236,1,2024-07-17,546.5358581542969,0.2356031520550202,#D62728,False,
northeast,236,1,2024-07-17,546.495361328125,0.2897497789794401,#D62728,False,
northeast,236,1,2024-07-18,546.2548217773438,0.2094545478495947,#D62728,False,
northeast,236,1,2024-07-19,546.557712916324,0.3010771890151372,#D62728,False,
northeast,237,1,2024-07-23,1010.6351445515952,0.1610498343608783,#D62728,False,
northeast,237,1,2024-07-24,1010.826629638672,0.3390093835540995,#D62728,False,
northeast,237,1,2024-07-26,1009.823974609375,2.6970959581714835,#D62728,True,uncertainty_gt_1m
northeast,237,1,2024-07-26,1000.211669921875,0.2228344265732188,,True,gray_between_red_segments_out_of_both_sides
northeast,237,1,2024-07-28,1011.0687168666294,0.5060280550961685,#D62728,False,
northeast,237,1,2024-07-28,1010.831787109375,0.0785482386327829,#D62728,False,
northeast,237,1,2024-07-29,1011.11376953125,0.0,#D62728,False,
northeast,237,1,2024-07-31,1016.7664031982422,2.904268672259331,#CFCFCF,True,uncertainty_gt_1m
northeast,237,1,2024-08-01,1011.2967872619628,1.0800910100389631,#D62728,True,uncertainty_gt_1m
northeast,237,1,2024-08-03,1012.7166748046876,2.352835736437287,#D62728,True,uncertainty_gt_1m
northeast,237,1,2024-08-04,1014.9455362955728,7.204142860172535,#CFCFCF,True,uncertainty_gt_1m
northeast,237,1,2024-08-05,1011.290008544922,0.1877594779390555,#D62728,False,
northeast,237,1,2024-08-06,1011.2181549072266,0.4650348086364829,#D62728,False,
northeast,237,1,2024-08-07,1000.2760009765624,0.0,,True,gray_between_red_segments_out_of_both_sides
northeast,237,1,2024-08-08,1011.2843322753906,0.3312461032372436,#D62728,False,
northeast,237,1,2024-08-09,978.9592895507812,0.0,,True,gray_between_red_segments_out_of_both_sides
northeast,237,1,2024-08-09,1011.3436889648438,0.2819775571986889,#D62728,False,
northeast,237,1,2024-08-10,1013.5300903320312,4.99083504119365,#D62728,True,uncertainty_gt_1m
northeast,237,1,2024-08-10,1013.5300903320312,4.99083504119365,#D62728,True,uncertainty_gt_1m
northeast,237,1,2024-08-11,1011.1734890407986,0.5042742757374857,#D62728,False,
northeast,237,1,2024-08-12,1011.0480128696988,0.4010278392565405,#D62728,False,
northeast,237,1,2024-08-12,1011.0480128696988,0.4010278392565405,#D62728,False,
northeast,237,1,2024-08-13,1011.723156156994,0.234139267961625,,True,global_max_not_supported_by_neighbors
northeast,237,1,2024-08-14,1011.0373229980468,0.1396252312752217,#D62728,False,
northeast,237,1,2024-08-14,1011.3955688476562,0.6518698235692113,#D62728,False,
northeast,238,1,2024-07-04,510.9594319661458,0.1193810039153852,#D62728,False,
northeast,238,1,2024-07-05,510.9641418457031,0.1398534082084482,#D62728,False,
northeast,238,1,2024-07-05,511.03278138207605,0.085112744759323,#D62728,False,
northeast,238,1,2024-07-06,511.0681457519531,0.1840839042527987,#D62728,False,
northeast,238,1,2024-07-06,511.0260925292969,0.1665786589124079,#D62728,False,
northeast,238,1,2024-07-07,510.9249810939882,0.1330008712769824,#D62728,False,
northeast,238,1,2024-07-07,510.6528015136719,0.3448701270052447,#D62728,False,
northeast,238,1,2024-07-15,510.6484856856497,0.1904242333600508,#D62728,False,
northeast,238,1,2024-07-16,510.4186706542969,0.1439998630182298,#D62728,False,
northeast,238,1,2024-07-16,510.49832807268416,0.151548424869328,#D62728,False,
northeast,238,1,2024-07-17,510.54452732631137,0.1196359470423134,#D62728,False,
northeast,238,1,2024-07-17,510.5224609375,0.1219476361875397,#D62728,False,
northeast,238,1,2024-07-18,510.4276123046875,0.1686896349195696,#D62728,False,
northeast,238,1,2024-07-18,509.7835998535156,0.0,#D62728,False,
northeast,238,1,2024-07-26,509.7641410827637,0.360873296916408,#D62728,False,
northeast,238,1,2024-07-26,510.1792297363281,0.1205844938131844,#D62728,False,
northeast,238,1,2024-07-27,509.6246948242188,0.1521255215645543,#D62728,False,
northeast,238,1,2024-07-27,509.5192108154297,0.11264019929828,#D62728,False,
northeast,238,1,2024-07-28,509.6963806152344,0.1553883276166589,#D62728,False,
northeast,238,1,2024-07-28,509.7136622837612,0.2840516706096338,#D62728,False,
northeast,23,1,2024-06-28,892.341796875,0.425359243863622,#CFCFCF,False,
northeast,23,1,2024-07-05,894.7855834960938,0.186694396255958,#D62728,False,
northeast,23,1,2024-07-06,895.097900390625,0.1514615367156165,#D62728,False,
northeast,23,1,2024-07-06,895.1788533528646,0.1259128295279757,#D62728,False,
northeast,23,1,2024-07-07,895.5758666992188,0.1260699896684355,#D62728,False,
northeast,23,1,2024-07-07,895.4945068359375,0.1181472453704086,#D62728,False,
northeast,23,1,2024-07-08,895.7890014648438,0.1876103866491433,#D62728,False,
northeast,23,1,2024-07-14,870.921875,0.7168237055747115,,True,gray_between_red_segments_out_of_both_sides
northeast,23,1,2024-07-16,897.0901489257812,0.167530076676554,#D62728,False,
northeast,23,1,2024-07-16,897.0479736328125,0.089685211113051,#D62728,False,
northeast,23,1,2024-07-17,897.2625350952148,0.1631692355221484,#D62728,False,
northeast,23,1,2024-07-17,897.15283203125,0.0851977119273869,#D62728,False,
northeast,23,1,2024-07-18,897.2840026855469,0.10908554014272,#D62728,False,
northeast,23,1,2024-07-18,896.8096313476562,0.1209163571605161,#D62728,False,
northeast,23,1,2024-07-19,897.4981689453125,0.4129616298260007,#D62728,False,
northeast,23,1,2024-07-27,899.4345092773438,0.1625601487819371,#D62728,False,
northeast,23,1,2024-07-27,899.3818664550781,0.0498028642657287,#D62728,False,
northeast,23,1,2024-07-29,889.2875366210938,3.218406182046095,#CFCFCF,True,uncertainty_gt_1m
northeast,23,1,2024-08-05,900.4490966796875,0.4476411201982214,#D62728,False,
northeast,23,1,2024-08-06,900.5820922851562,0.1413829467272724,#D62728,False,
northeast,23,1,2024-08-06,900.6083121921705,0.1138920998851395,#D62728,False,
northeast,240,1,2024-07-06,458.0686950683594,0.4168043375600601,#D62728,False,
northeast,240,1,2024-07-06,458.06591796875,0.3404681234071696,#D62728,False,
northeast,240,1,2024-07-07,458.2466063893169,0.3277179341783743,#D62728,False,
northeast,240,1,2024-07-09,458.0531680719639,0.2725200591804098,#D62728,False,
northeast,240,1,2024-07-10,458.0110315286888,0.2213769803818561,#D62728,False,
northeast,240,1,2024-07-11,457.6628212442204,0.1948808009152305,#D62728,False,
northeast,240,1,2024-07-12,457.4430541992188,0.2178534709674503,#D62728,False,
northeast,240,1,2024-07-14,457.31998625255767,0.1884004834518541,#D62728,False,
northeast,24,1,2024-06-28,492.3096923828125,0.3288111500684582,#D62728,False,
northeast,24,1,2024-06-29,493.0994567871094,0.4606884889324416,#D62728,False,
northeast,24,1,2024-06-30,493.8437194824219,0.3170149784416836,#D62728,False,
northeast,24,1,2024-07-01,494.32313537597656,0.219352668068931,#D62728,False,
northeast,24,1,2024-07-02,494.8400573730469,0.2223314578137134,#D62728,False,
northeast,24,1,2024-07-03,491.375364078705,7.107123839976456,#CFCFCF,True,uncertainty_gt_1m
northeast,24,1,2024-07-04,496.3356323242188,0.1676796391206865,,True,local_max_extreme_gt_1m
northeast,24,1,2024-07-04,495.7286995497326,0.1700393771008818,,True,local_min_extreme_gt_1m
northeast,24,1,2024-07-05,496.4472961425781,0.1423806378062972,,True,global_max_not_supported_by_neighbors
northeast,24,1,2024-07-06,480.8823699951172,3.3733031426059665,#CFCFCF,True,uncertainty_gt_1m
northeast,24,1,2024-07-06,493.6514118473704,0.4697523674101249,#D62728,False,
northeast,24,1,2024-07-07,491.89361767891126,0.4720718042002115,#D62728,False,
northeast,24,1,2024-07-08,485.5465281559871,0.3738931670126765,,True,gray_between_red_segments_out_of_both_sides
northeast,24,1,2024-07-08,491.6927795410156,0.1724197930260858,#D62728,False,
northeast,24,1,2024-07-09,491.63230895996094,0.3707302151706199,#D62728,False,
northeast,24,1,2024-07-10,491.50189208984375,0.359362432611689,#D62728,False,
northeast,24,1,2024-07-11,491.6754302978516,0.4717988866408416,#D62728,False,
northeast,24,1,2024-07-12,491.3458709716797,0.1696501455008468,#D62728,False,
northeast,24,1,2024-07-13,491.4295959472656,0.3619409736360079,#D62728,False,
northeast,24,1,2024-07-14,491.3135223388672,0.2542186743508901,#D62728,False,
northeast,24,1,2024-07-14,471.6769166673933,8.81958937940409,#CFCFCF,True,uncertainty_gt_1m
northeast,24,1,2024-07-16,486.4893261137463,6.568719363470815,#CFCFCF,True,uncertainty_gt_1m
northeast,24,1,2024-07-17,491.4062280487596,0.4733149883443688,#D62728,False,
northeast,24,1,2024-07-18,490.8844604492188,0.1408623178794264,#D62728,False,
northeast,24,1,2024-07-19,482.1893768310547,0.4002024099646201,,True,gray_between_red_segments_out_of_both_sides
northeast,24,1,2024-07-19,490.7192840576172,0.2920728761231305,#D62728,False,
northeast,25,1,2024-06-27,326.6230773925781,0.1728890654886504,#CFCFCF,False,
northeast,25,1,2024-06-28,328.7154541015625,0.2549284651761581,#D62728,False,
northeast,25,1,2024-06-29,330.14784240722656,0.1334390461418352,#D62728,False,
northeast,25,1,2024-06-30,331.2935333251953,0.0944715512214469,#D62728,False,
northeast,25,1,2024-07-01,332.0312957763672,0.0278155713180377,#D62728,False,
northeast,25,1,2024-07-02,333.25537109375,0.0,#D62728,False,
northeast,25,1,2024-07-03,349.65879821777344,0.4844603097220982,,True,gray_between_red_segments_out_of_both_sides
northeast,25,1,2024-07-04,333.4552154541016,0.1381160030050174,#D62728,False,
northeast,25,1,2024-07-04,323.68242797851565,0.1126935289331048,,True,gray_between_red_segments_out_of_both_sides
northeast,25,1,2024-07-05,332.8446044921875,0.0983171095218695,#D62728,False,
northeast,25,1,2024-07-06,332.2493082682292,0.097438233404161,#D62728,False,
northeast,25,1,2024-07-07,331.6165771484375,0.0848866451666022,#D62728,False,
northeast,26,1,2024-06-13,554.5640563964844,1.142790555361242,#CFCFCF,True,uncertainty_gt_1m
northeast,26,1,2024-06-14,581.6284790039062,0.2812756486959473,,True,left_gray_far_from_nearest_red_gt_3m
northeast,26,1,2024-06-16,573.1763916015625,0.0,,True,left_gray_far_from_nearest_red_gt_3m
northeast,26,1,2024-06-17,576.0034993489584,1.3939351674279463,#CFCFCF,True,uncertainty_gt_1m
northeast,26,1,2024-06-18,585.2928670247396,2.8435186809037725,#CFCFCF,True,uncertainty_gt_1m
northeast,26,1,2024-06-19,587.1879272460938,0.3607600680597391,#D62728,False,
northeast,26,1,2024-06-20,587.1480102539062,0.4819307312155167,#D62728,False,
northeast,26,1,2024-06-21,586.8705749511719,0.1795051567484877,#D62728,False,
northeast,26,1,2024-06-22,587.2249145507812,0.0,#D62728,False,
northeast,26,1,2024-06-23,587.4706420898438,0.0,#D62728,False,
northeast,26,1,2024-06-24,587.4595336914062,0.1011984011102732,#D62728,False,
northeast,26,1,2024-06-24,587.49658203125,0.0952411239616693,#D62728,False,
northeast,26,1,2024-06-25,587.8271484375,0.3113189723554818,#D62728,False,
northeast,26,1,2024-06-27,588.0977783203125,0.2941301069773451,#D62728,False,
northeast,26,1,2024-06-28,588.1988830566406,0.1088795261420546,#D62728,False,
northeast,26,1,2024-06-29,588.3817138671875,0.0879352099064707,#D62728,False,
northeast,26,1,2024-06-30,588.6245727539062,0.0753242381396793,#D62728,False,
northeast,26,1,2024-07-01,588.723388671875,0.0970622277264534,#D62728,False,
northeast,26,1,2024-07-02,589.0528564453125,0.2005191974242884,#D62728,False,
northeast,26,1,2024-07-03,588.9525756835938,0.1227869010074972,#D62728,False,
northeast,26,1,2024-07-04,589.7264404296875,0.1399361929539668,,True,local_max_extreme_gt_1m
northeast,26,1,2024-07-04,589.0841064453125,0.0942102910432967,#D62728,False,
northeast,26,1,2024-07-05,589.2150268554688,0.2384429924597464,#D62728,False,
northeast,26,1,2024-07-05,589.45751953125,0.0,#D62728,False,
northeast,26,1,2024-07-07,589.6020202636719,0.2415222767599266,#D62728,False,
northeast,26,1,2024-07-08,589.694091796875,0.0983342662734287,#D62728,False,
northeast,26,1,2024-07-08,589.7117309570312,0.1095387390020921,#D62728,False,
northeast,26,1,2024-07-09,589.8689270019531,0.0756034096792543,#D62728,False,
northeast,26,1,2024-07-09,589.865478515625,0.1838520162570406,#D62728,False,
northeast,26,1,2024-07-10,590.0065307617188,0.089369134003004,#D62728,False,
northeast,26,1,2024-07-11,590.0957336425781,0.063928685764919,#D62728,False,
northeast,26,1,2024-07-12,590.121826171875,0.0787929295006748,#D62728,False,
northeast,26,1,2024-07-14,590.2595825195312,0.2582458333793679,#D62728,False,
northeast,26,1,2024-07-14,590.189208984375,0.0703696235197599,#D62728,False,
northeast,26,1,2024-07-15,590.2481689453125,0.087355210118166,#D62728,False,
northeast,26,1,2024-07-16,590.4015431123621,0.5484997735550009,#D62728,False,
northeast,26,1,2024-07-18,590.2668762207031,0.1510448525186657,#D62728,False,
northeast,26,1,2024-07-19,590.6258544921875,0.1119644875599088,#D62728,False,
northeast,26,1,2024-07-19,590.489990234375,0.1348776665683093,#D62728,False,
northeast,26,1,2024-07-23,590.0259399414062,0.0245070656948513,#D62728,False,
northeast,26,1,2024-07-24,589.7957763671875,0.0986326538171191,#D62728,False,
northeast,26,1,2024-07-26,579.2467651367188,0.0,,True,gray_between_red_segments_out_of_both_sides
northeast,26,1,2024-07-27,576.5538330078125,0.0426404724006536,,True,gray_between_red_segments_out_of_both_sides
northeast,26,1,2024-07-28,588.1748657226562,0.1007472258772688,#D62728,False,
northeast,26,1,2024-07-30,587.7135620117188,0.0860319070328742,#D62728,False,
northeast,26,1,2024-07-30,587.698486328125,0.1555670588883274,#D62728,False,
northeast,26,1,2024-07-31,587.4487609863281,0.0821776668495499,#D62728,False,
northeast,26,1,2024-08-01,587.2550048828125,0.1109773954242876,#D62728,False,
northeast,26,1,2024-08-02,587.0565185546875,0.0961843079759661,#D62728,False,
northeast,26,1,2024-08-03,586.8677062988281,0.1306977400284528,#D62728,False,
northeast,26,1,2024-08-04,586.8319702148438,0.2968695144951099,#D62728,False,
northeast,26,1,2024-08-04,586.8193969726562,0.1115225847503412,#D62728,False,
northeast,26,1,2024-08-05,586.6819152832031,0.1164926483660389,#D62728,False,
northeast,26,1,2024-08-05,586.654296875,0.1689900035788848,#D62728,False,
northeast,26,1,2024-08-06,586.37353515625,0.2445399394397128,#D62728,False,
northeast,26,1,2024-08-08,586.1994813034654,0.1695171482643209,#D62728,False,
northeast,26,1,2024-08-09,586.132568359375,0.1180729574044993,#D62728,False,
northeast,26,1,2024-08-09,586.04052734375,0.1425955108459073,#D62728,False,
northeast,26,1,2024-08-10,586.078857421875,0.1173342380179881,#D62728,False,
northeast,26,1,2024-08-11,586.0004272460938,0.1310341866042919,#D62728,False,
northeast,26,1,2024-08-12,585.958984375,0.1019668082934831,#D62728,False,
northeast,26,1,2024-08-12,585.958984375,0.1019668082934831,#D62728,False,
northeast,26,1,2024-08-13,585.9271240234375,0.0970361014798816,#D62728,False,
northeast,26,1,2024-08-14,586.0042114257812,0.0825521849705572,#D62728,False,
northeast,26,1,2024-08-14,586.0204162597656,0.1599849560331704,#D62728,False,
northeast,26,2,2024-06-13,586.7484130859375,0.0,#D62728,False,
northeast,26,2,2024-06-13,585.725101047092,2.207532713769648,#D62728,True,uncertainty_gt_1m
northeast,26,2,2024-06-15,603.2797241210938,0.0,,True,gray_between_red_segments_out_of_both_sides
northeast,26,2,2024-06-16,585.8545532226562,0.0,#D62728,False,
northeast,26,2,2024-06-17,583.653076171875,1.8560720235983792,#CFCFCF,True,uncertainty_gt_1m
northeast,26,2,2024-06-18,586.3237915039062,0.4571019624236452,#D62728,False,
northeast,26,2,2024-06-19,586.5522766113281,0.4801235509530511,#D62728,False,
northeast,26,2,2024-06-20,586.3080749511719,0.4728972918168854,#D62728,False,
northeast,26,2,2024-06-21,586.2912292480469,0.1106319489456513,#D62728,False,
northeast,26,2,2024-06-22,586.5098266601562,0.1709396740576983,#D62728,False,
northeast,26,2,2024-06-23,586.7100219726562,0.2050022711569885,#D62728,False,
northeast,26,2,2024-06-24,587.3552856445312,0.2325926743812382,#D62728,False,
northeast,26,2,2024-06-24,587.20166015625,0.1307437508518025,#D62728,False,
northeast,26,2,2024-06-25,587.4443664550781,0.2186114326670109,#D62728,False,
northeast,26,2,2024-06-27,588.0328979492188,0.3679090809273573,#D62728,False,
northeast,26,2,2024-06-28,588.1854858398438,0.11244629986244,#D62728,False,
northeast,26,2,2024-06-29,588.3794250488281,0.0863032443009176,#D62728,False,
northeast,26,2,2024-06-30,588.59814453125,0.0783605066356653,#D62728,False,
northeast,26,2,2024-07-01,588.7149047851562,0.104623744842861,#D62728,False,
northeast,26,2,2024-07-02,588.7852172851562,0.0770154933511451,#D62728,False,
northeast,26,2,2024-07-03,588.9514770507812,0.1248024053536142,#D62728,False,
northeast,26,2,2024-07-04,589.7114868164062,0.1484351453075983,,True,local_max_extreme_gt_1m
northeast,26,2,2024-07-04,589.1126708984375,0.0724743482963493,#D62728,False,
northeast,26,2,2024-07-05,589.4529418945312,0.2988335236442533,#D62728,False,
northeast,26,2,2024-07-05,589.4683227539062,0.3353484303944695,#D62728,False,
northeast,26,2,2024-07-07,589.6124077874262,0.2438021006334458,#D62728,False,
northeast,26,2,2024-07-08,589.7634887695312,0.0907019230412949,#D62728,False,
northeast,26,2,2024-07-08,589.7297668457031,0.1362332646064311,#D62728,False,
northeast,26,2,2024-07-09,589.8320922851562,0.1005748164552852,#D62728,False,
northeast,26,2,2024-07-09,589.8249206542969,0.1817648265208432,#D62728,False,
northeast,26,2,2024-07-10,590.0293579101562,0.0762725429562209,#D62728,False,
northeast,26,2,2024-07-11,590.0635070800781,0.0860888011917376,#D62728,False,
northeast,26,2,2024-07-12,590.1341552734375,0.0815836091587528,#D62728,False,
northeast,26,2,2024-07-14,590.299072265625,0.2178976738615573,#D62728,False,
northeast,26,2,2024-07-14,590.1988525390625,0.1001419505370334,#D62728,False,
northeast,26,2,2024-07-15,590.2784729003906,0.090177649730216,#D62728,False,
northeast,26,2,2024-07-16,590.189208984375,0.3566333222659987,#D62728,False,
northeast,26,2,2024-07-18,589.7265014648438,0.3434784012835029,#D62728,False,
northeast,26,2,2024-07-19,590.5963134765625,0.0917075975004763,#D62728,False,
northeast,26,2,2024-07-19,590.6257934570312,0.1481059609544892,#D62728,False,
northeast,26,2,2024-07-23,590.2947692871094,0.121191077051368,#D62728,False,
northeast,26,2,2024-07-24,589.7730712890625,0.0836329496941538,#D62728,False,
northeast,26,2,2024-07-28,588.3270874023438,0.0,#D62728,False,
northeast,26,2,2024-07-29,588.0533681233724,0.0739319165670833,#D62728,False,
northeast,26,2,2024-07-30,587.6884765625,0.0782064285212439,#D62728,False,
northeast,26,2,2024-07-30,587.6804809570312,0.1759968402721003,#D62728,False,
northeast,26,2,2024-07-31,587.4742431640625,0.0836894123960165,#D62728,False,
northeast,26,2,2024-08-01,587.2389526367188,0.0953004279407419,#D62728,False,
northeast,26,2,2024-08-02,587.0696411132812,0.0886700268632467,#D62728,False,
northeast,26,2,2024-08-03,586.9236145019531,0.0972994375146278,#D62728,False,
northeast,26,2,2024-08-04,586.8485107421875,0.2758481566007997,#D62728,False,
northeast,26,2,2024-08-04,586.8388061523438,0.0913646814457269,#D62728,False,
northeast,26,2,2024-08-05,586.691650390625,0.2569170455123432,#D62728,False,
northeast,26,2,2024-08-05,586.7599487304688,0.1601392107589307,#D62728,False,
northeast,26,2,2024-08-06,586.7225036621094,0.314274587440066,#D62728,False,
northeast,26,2,2024-08-08,586.1726821373248,0.1945792062779438,#D62728,False,
northeast,26,2,2024-08-09,586.1224670410156,0.1198546732556982,#D62728,False,
northeast,26,2,2024-08-09,586.0901489257812,0.1175754325902629,#D62728,False,
northeast,26,2,2024-08-10,586.0425720214844,0.0902740443527711,#D62728,False,
northeast,26,2,2024-08-11,585.96337890625,0.1022114619744724,#D62728,False,
northeast,26,2,2024-08-12,585.9916687011719,0.112972126800832,#D62728,False,
northeast,26,2,2024-08-12,585.9916687011719,0.112972126800832,#D62728,False,
northeast,26,2,2024-08-13,585.9888610839844,0.1136206991677934,#D62728,False,
northeast,26,2,2024-08-14,586.0327758789062,0.0918327603724079,#D62728,False,
northeast,26,2,2024-08-14,586.0736083984375,0.1735101335406302,#D62728,False,
northeast,27,1,2024-07-06,726.0649108886719,0.1355051839214087,#D62728,False,
northeast,27,1,2024-07-06,707.9610703412225,0.3973340921863902,,True,gray_between_red_segments_out_of_both_sides
northeast,27,1,2024-07-07,712.9093627929688,1.8706199474831529,#CFCFCF,True,uncertainty_gt_1m
northeast,27,1,2024-07-07,726.4356079101562,0.1272821252422687,#D62728,False,
northeast,27,1,2024-07-08,726.8525085449219,0.2559388610602475,#D62728,False,
northeast,27,1,2024-07-16,727.8359375,0.1611088913643289,#D62728,False,
northeast,27,1,2024-07-16,727.8478432847706,0.1058459031831921,#D62728,False,
northeast,27,1,2024-07-17,727.969958696209,0.1195307933157028,#D62728,False,
northeast,27,1,2024-07-17,727.970458984375,0.114282816665469,#D62728,False,
northeast,27,1,2024-07-18,717.6930847167969,6.201038173075216,#CFCFCF,True,uncertainty_gt_1m
northeast,27,1,2024-07-18,727.6229858398438,0.1915437441558454,#D62728,False,
northeast,27,1,2024-07-19,711.7333221435547,0.531073359441432,,True,gray_between_red_segments_out_of_both_sides
northeast,27,1,2024-07-26,728.4850463867188,0.128109344100621,#D62728,False,
northeast,27,1,2024-07-26,718.6855812072754,0.4698562056699788,,True,gray_between_red_segments_out_of_both_sides
northeast,27,1,2024-07-27,728.4110717773438,0.1080989523659317,#D62728,False,
northeast,27,1,2024-07-27,728.3839376252904,0.1121021586516466,#D62728,False,
northeast,27,1,2024-07-28,712.4027709960938,0.0,,True,gray_between_red_segments_out_of_both_sides
northeast,27,1,2024-07-28,728.3029174804688,0.1350286141541031,#D62728,False,
northeast,27,1,2024-07-29,701.5931701660156,0.3467775260518743,,True,gray_between_red_segments_out_of_both_sides
northeast,27,1,2024-08-05,727.9732360839844,0.2229928836962704,#D62728,False,
northeast,27,1,2024-08-06,727.9439697265625,0.1160107979051501,#D62728,False,
northeast,27,1,2024-08-06,712.6768521395596,0.1529366528870135,,True,gray_between_red_segments_out_of_both_sides
northeast,27,1,2024-08-07,727.827903768461,0.1021047045633303,#D62728,False,
northeast,27,1,2024-08-07,727.8392944335938,0.1117338871154978,#D62728,False,
northeast,27,1,2024-08-08,727.8518135579427,0.1167535145999935,#D62728,False,
northeast,27,1,2024-08-08,727.7771301269531,0.15813308902282,#D62728,False,
northeast,27,1,2024-08-09,707.7364501953125,0.0,,True,gray_between_red_segments_out_of_both_sides
northeast,27,1,2024-08-12,727.782041015625,0.0875107848667822,#D62728,False,
northeast,27,1,2024-08-12,727.782041015625,0.0875107848667822,#D62728,False,
northeast,28,1,2024-06-26,437.00362758949154,0.1487909832065595,#D62728,False,
northeast,28,1,2024-06-27,437.3729705810547,0.1260202871847321,#D62728,False,
northeast,28,1,2024-06-28,438.0126647949219,0.2163937180121121,#D62728,False,
northeast,28,1,2024-06-29,438.35931396484375,0.1072274674516799,#D62728,False,
northeast,28,1,2024-06-30,438.9400024414063,0.0780394438267443,#D62728,False,
northeast,28,1,2024-07-01,439.33245849609375,0.1374003757050177,#D62728,False,
northeast,28,1,2024-07-02,439.6676635742188,0.1481261229462551,#D62728,False,
northeast,28,1,2024-07-03,440.1389465332031,0.3201001963108711,#D62728,False,
northeast,28,1,2024-07-04,440.9683074951172,0.1927845288906863,,True,local_max_extreme_gt_1m
northeast,28,1,2024-07-04,440.3919982910156,0.1843454931005809,,True,local_min_extreme_gt_1m
northeast,28,1,2024-07-05,441.4580993652344,0.2340641036885266,#D62728,False,
northeast,28,1,2024-07-06,430.81346638997394,0.9955846601681118,,True,gray_between_red_segments_out_of_both_sides
northeast,28,1,2024-07-06,442.3880126953125,0.3953277662149558,,True,local_max_extreme_gt_1m
northeast,28,1,2024-07-07,441.6435852050781,0.1225435628399097,#D62728,False,
northeast,28,1,2024-07-08,441.8362401845504,0.1470970169243545,#D62728,False,
northeast,28,1,2024-07-08,441.80224609375,0.1990413579498222,#D62728,False,
northeast,28,1,2024-07-09,442.04931640625,0.0964661572483011,#D62728,False,
northeast,28,1,2024-07-10,442.336181640625,0.112132112799489,#D62728,False,
northeast,28,1,2024-07-11,442.497314453125,0.0935145573100079,#D62728,False,
northeast,28,1,2024-07-12,442.5572509765625,0.1408945444172108,#D62728,False,
northeast,28,1,2024-07-13,442.6376037597656,0.1550715289181838,#D62728,False,
northeast,28,1,2024-07-14,442.7713928222656,0.2496846697645009,#D62728,False,
northeast,28,1,2024-07-14,442.73828125,0.1293354991388781,#D62728,False,
northeast,28,1,2024-07-16,442.8829650878906,0.1862627870608783,#D62728,False,
northeast,28,1,2024-07-17,443.0243438720703,0.2822670150630458,#D62728,False,
northeast,28,1,2024-07-18,439.9336395263672,0.1936612988942013,#D62728,False,
northeast,28,1,2024-07-19,439.93458557128906,0.1349494486622983,#D62728,False,
northeast,28,1,2024-07-19,439.8985595703125,0.2236176518325975,#D62728,False,
northeast,28,1,2024-07-23,439.2754211425781,0.0765118988098641,#D62728,False,
northeast,28,1,2024-07-24,439.1664443670535,0.1210847175797963,#D62728,False,
northeast,28,1,2024-07-26,439.49375871930806,0.3927728142128914,#D62728,False,
northeast,28,1,2024-07-27,415.9490737915039,4.488946181018321,#CFCFCF,True,uncertainty_gt_1m
northeast,28,1,2024-07-27,439.0133163864548,0.2724469334160882,#D62728,False,
northeast,28,1,2024-07-28,438.6245880126953,0.1010192504618381,#D62728,False,
northeast,28,1,2024-07-29,433.8401794433594,0.0,,True,gray_between_red_segments_out_of_both_sides
northeast,28,1,2024-07-29,415.3731689453125,0.0,,True,gray_between_red_segments_out_of_both_sides
northeast,28,1,2024-07-30,438.5977783203125,0.1081878252719475,#D62728,False,
northeast,28,1,2024-07-31,438.5778198242188,0.0906251974491368,#D62728,False,
northeast,28,1,2024-08-01,438.4596862792969,0.0809827471223259,#D62728,False,
northeast,28,1,2024-08-02,438.308349609375,0.0960922391576187,#D62728,False,
northeast,28,1,2024-08-03,438.2434692382813,0.0752183519055781,#D62728,False,
northeast,28,1,2024-08-04,438.4591522216797,0.2630351033500118,#D62728,False,
northeast,28,1,2024-08-04,438.37288522720337,0.1472579837668357,#D62728,False,
northeast,28,1,2024-08-05,438.6562194824219,0.4996671026111648,#D62728,False,
northeast,28,1,2024-08-06,438.345604550522,0.1831193010922406,#D62728,False,
northeast,28,1,2024-08-06,417.52979070490056,1.4667042300315778,#CFCFCF,True,uncertainty_gt_1m
northeast,28,1,2024-08-07,460.431396484375,0.0,,True,gray_between_red_segments_out_of_both_sides
northeast,28,1,2024-08-08,437.7613220214844,0.1084881101626088,#D62728,False,
northeast,28,1,2024-08-09,437.7672119140625,0.0806025269891296,#D62728,False,
northeast,28,1,2024-08-09,437.6481628417969,0.2170308250166689,#D62728,False,
northeast,28,1,2024-08-10,437.7173461914063,0.1320864245886218,#D62728,False,
northeast,28,1,2024-08-11,437.6067810058594,0.098593257079957,#D62728,False,
northeast,28,1,2024-08-12,437.5212707519531,0.0902051181119111,#D62728,False,
northeast,28,1,2024-08-12,437.5212707519531,0.0902051181119111,#D62728,False,
northeast,28,1,2024-08-13,437.5448303222656,0.0964338411750542,#D62728,False,
northeast,28,1,2024-08-14,437.5404357910156,0.0930211036967676,#D62728,False,
northeast,28,1,2024-08-14,437.5539855957031,0.3592921443573039,#D62728,False,
northeast,29,1,2024-07-02,740.1875842866443,0.1834308850244614,#D62728,False,
northeast,29,1,2024-07-03,740.7406102960759,0.1737245066669704,#D62728,False,
northeast,29,1,2024-07-04,741.2515258789062,0.1679996103056274,#D62728,False,
northeast,29,1,2024-07-05,742.1768798828125,0.1783121836819644,#D62728,False,
northeast,29,1,2024-07-06,742.6863403320312,0.3393538363641302,#D62728,False,
northeast,29,1,2024-07-07,743.24951171875,0.235399090906803,#D62728,False,
northeast,29,1,2024-07-08,742.775390625,0.1520130695729276,#D62728,False,
northeast,29,1,2024-07-09,742.442626953125,0.1592493591005487,#D62728,False,
northeast,29,1,2024-07-10,741.9981015333489,0.1082703767692112,#D62728,False,
northeast,29,1,2024-07-11,741.3617502848307,0.0987325036446951,#D62728,False,
northeast,29,1,2024-07-12,740.9912716297621,0.1200300101556018,#D62728,False,
northeast,29,1,2024-07-14,740.5469665527344,0.1282741179727271,#D62728,False,
northeast,29,1,2024-07-15,740.3665466308594,0.2375913382353951,#D62728,False,
northeast,29,1,2024-07-16,740.3706665039062,0.3301437633493925,#D62728,False,
northeast,29,1,2024-07-17,740.470361328125,0.4859175344151508,#D62728,False,
northeast,29,1,2024-07-18,740.0445272511449,0.2578493520405372,#D62728,False,
northeast,29,1,2024-07-19,740.4576866513207,0.1914891481009744,#D62728,False,
northeast,29,1,2024-07-26,739.4008178710938,0.2301870547792631,#D62728,False,
northeast,29,1,2024-07-27,739.1968078613281,0.3576277121600438,#D62728,False,
northeast,29,1,2024-08-04,739.2702933175224,0.2202101797630626,#D62728,False,
northeast,29,1,2024-08-05,739.1260375976562,0.2574226917003145,#D62728,False,
northeast,29,1,2024-08-06,738.808349609375,0.2231090470404525,#D62728,False,
northeast,29,1,2024-08-07,738.571205587948,0.4040146635543588,#D62728,False,
northeast,2,1,2024-06-26,731.4459838867188,0.193586461294532,#D62728,False,
northeast,2,1,2024-06-26,731.4280395507812,0.2096544150516374,#D62728,False,
northeast,2,1,2024-06-27,731.9334411621094,0.1505635081585399,#D62728,False,
northeast,2,1,2024-06-28,732.5632629394531,0.2313082623131599,#D62728,False,
northeast,2,1,2024-06-30,733.5313720703125,0.1614191059314564,#D62728,False,
northeast,2,1,2024-07-01,733.8494336231645,0.1133159565025602,#D62728,False,
northeast,2,1,2024-07-02,734.1320402725884,0.122367269085776,#D62728,False,
northeast,2,1,2024-07-03,741.2981228298611,0.204015136542741,,True,gray_between_red_segments_out_of_both_sides
northeast,2,1,2024-07-05,735.2460327148438,0.1695347748882794,#D62728,False,
northeast,2,1,2024-07-06,735.7685546875,0.1297850618655598,#D62728,False,
northeast,2,1,2024-07-06,735.8554077148438,0.1459252541944053,#D62728,False,
northeast,2,1,2024-07-07,735.1221313476562,1.2435653560247302,#D62728,True,uncertainty_gt_1m
northeast,2,1,2024-07-07,735.9129028320312,0.1141127835372919,#D62728,False,
northeast,2,1,2024-07-08,735.5265502929688,0.2053593112812431,#D62728,False,
northeast,2,1,2024-07-10,734.8876583214962,0.2258054929117055,#D62728,False,
northeast,2,1,2024-07-11,734.2805786132812,0.1018208837291001,#D62728,False,
northeast,2,1,2024-07-12,733.953367966872,0.1444218661268597,#D62728,False,
northeast,2,1,2024-07-13,736.966064453125,7.249139258348367,#CFCFCF,True,uncertainty_gt_1m
northeast,2,1,2024-07-16,732.5094604492188,0.1124127529477839,#D62728,False,
northeast,2,1,2024-07-17,732.3572387695312,0.1701237712437637,#D62728,False,
northeast,2,1,2024-07-17,732.2828674316406,0.1871940989629735,#D62728,False,
northeast,2,1,2024-07-18,732.0381164550781,0.1599671888223804,#D62728,False,
northeast,2,1,2024-07-19,732.7197875976562,0.3687369280589176,#D62728,False,
northeast,2,1,2024-07-23,738.1035340137971,5.723497192327972,#CFCFCF,True,uncertainty_gt_1m
northeast,2,1,2024-07-24,743.0908145904541,0.1275068511404141,,True,gray_between_red_segments_out_of_both_sides
northeast,2,1,2024-07-26,734.6206665039062,0.1182488919620355,#D62728,False,
northeast,2,1,2024-07-27,734.6859130859375,0.1361154695164846,#D62728,False,
northeast,2,1,2024-07-27,734.7646006266276,0.2863394713537218,#D62728,False,
northeast,2,1,2024-07-28,735.882194519043,3.749418786318172,#D62728,True,uncertainty_gt_1m
northeast,2,1,2024-07-31,735.1602172851562,0.1511689470939875,#D62728,False,
northeast,2,1,2024-08-01,747.3905193622296,0.1188894805678492,,True,gray_between_red_segments_out_of_both_sides
northeast,2,1,2024-08-02,735.2479872270064,0.1215653109086065,#D62728,False,
northeast,2,1,2024-08-03,745.944583208133,0.1152257252055302,,True,gray_between_red_segments_out_of_both_sides
northeast,2,1,2024-08-05,735.7180786132812,0.3118164180993722,#D62728,False,
northeast,2,1,2024-08-05,737.5345153808594,1.7772085945386047,#CFCFCF,True,uncertainty_gt_1m
northeast,2,1,2024-08-06,735.8316040039062,0.1140682175642569,#D62728,False,
northeast,2,1,2024-08-07,735.787353515625,0.1273895494161152,#D62728,False,
northeast,2,1,2024-08-07,735.769287109375,0.1415137128507072,#D62728,False,
northeast,2,1,2024-08-08,735.7215576171875,0.1457633744589709,#D62728,False,
northeast,2,1,2024-08-09,735.8046875,0.2752921891740211,#D62728,False,
northeast,2,1,2024-08-11,735.8551330566406,0.0820840124644329,#D62728,False,
northeast,2,1,2024-08-12,735.8062744140625,0.0892436621966823,#D62728,False,
northeast,2,1,2024-08-12,735.8062744140625,0.0892436621966823,#D62728,False,
northeast,2,1,2024-08-13,735.8352661132812,0.0870426672792609,#D62728,False,
northeast,2,1,2024-08-14,744.761757590554,0.0835104245061308,,True,edge_short_gray_above_nearest_red
northeast,2,2,2024-06-26,735.7059326171875,0.0,,True,edge_short_gray_above_nearest_red
northeast,2,2,2024-06-26,758.11083984375,0.1439342628172652,,True,edge_short_gray_above_nearest_red
northeast,2,2,2024-06-28,722.7086791992188,0.2916736640413937,#D62728,False,
northeast,2,2,2024-07-05,724.0396866861979,0.2393127278594836,#D62728,False,
northeast,2,2,2024-07-06,724.6981957477072,0.3498678735668818,#D62728,False,
northeast,2,2,2024-07-06,731.1429036458334,10.482815979114868,#CFCFCF,True,uncertainty_gt_1m
northeast,2,2,2024-07-07,725.3096593221029,0.2427134548123938,#D62728,False,
northeast,2,2,2024-07-08,726.4569091796875,0.1867889195872545,#D62728,False,
northeast,2,2,2024-07-11,729.3415164039249,0.1243976108896509,#D62728,False,
northeast,2,2,2024-07-12,730.1656098236908,0.1131492007860991,#D62728,False,
northeast,2,2,2024-07-16,731.7367611839658,0.2169504532433552,#D62728,False,
northeast,2,2,2024-07-16,741.515625,0.0,,True,gray_between_red_segments_out_of_both_sides
northeast,2,2,2024-07-17,736.4178100585938,8.89210034181749,#CFCFCF,True,uncertainty_gt_1m
northeast,2,2,2024-07-17,754.3449096679688,0.0,,True,gray_between_red_segments_out_of_both_sides
northeast,2,2,2024-07-18,731.905517578125,0.1581119211157126,#D62728,False,
northeast,2,2,2024-07-19,732.7744750976562,0.4558117914347503,#D62728,False,
northeast,2,2,2024-07-23,744.9876098632812,0.0236622839404447,,True,gray_between_red_segments_out_of_both_sides
northeast,2,2,2024-07-26,734.5337829589844,0.1617935852595158,#D62728,False,
northeast,2,2,2024-07-27,734.7352572354404,0.202653513554353,#D62728,False,
northeast,2,2,2024-07-28,740.6359008789062,7.161189445429927,#CFCFCF,True,uncertainty_gt_1m
northeast,2,2,2024-07-28,734.7022094726562,0.3444191522551415,#D62728,False,
northeast,2,2,2024-08-01,735.1506915425146,0.0765312371909804,#D62728,False,
northeast,2,2,2024-08-02,735.2473707932693,0.1318083921820907,#D62728,False,
northeast,2,2,2024-08-03,735.2315455845425,0.1255120477424219,#D62728,False,
northeast,2,2,2024-08-05,735.5349731445312,0.3108463282168575,#D62728,False,
northeast,2,2,2024-08-06,752.326904296875,0.0,,True,gray_between_red_segments_out_of_both_sides
northeast,2,2,2024-08-06,756.6643310546875,0.3152568999664252,,True,gray_between_red_segments_out_of_both_sides
northeast,2,2,2024-08-07,756.2595728824014,0.1395035808935955,,True,gray_between_red_segments_out_of_both_sides
northeast,2,2,2024-08-07,758.2132179953835,0.1977173517245442,,True,gray_between_red_segments_out_of_both_sides
northeast,2,2,2024-08-08,751.0140380859375,0.0,,True,gray_between_red_segments_out_of_both_sides
northeast,2,2,2024-08-08,735.7507629394531,0.2120167004801303,#D62728,False,
northeast,2,2,2024-08-09,735.8013305664062,0.3305557002744295,#D62728,False,
northeast,2,2,2024-08-11,735.8019388834635,0.0698352571961902,#D62728,False,
northeast,2,2,2024-08-12,735.7788252397017,0.1140951655824462,#D62728,False,
northeast,2,2,2024-08-12,735.7788252397017,0.1140951655824462,#D62728,False,
northeast,2,2,2024-08-13,735.7773212633634,0.0877223705171488,#D62728,False,
northeast,30,1,2024-07-05,669.476806640625,0.1708863882563648,#D62728,False,
northeast,30,1,2024-07-06,670.1024169921875,0.0945800375402385,#D62728,False,
northeast,30,1,2024-07-06,670.10791015625,0.1128301572224584,#D62728,False,
northeast,30,1,2024-07-07,661.1066665649414,1.505675434315044,#CFCFCF,True,uncertainty_gt_1m
northeast,30,1,2024-07-07,670.5473022460938,0.116292504151855,#D62728,False,
northeast,30,1,2024-07-08,670.9808654785156,0.2179075028607836,#D62728,False,
northeast,30,1,2024-07-10,671.9281005859375,0.1879426892100864,#D62728,False,
northeast,30,1,2024-07-11,672.2264099121094,0.1705883820535873,#D62728,False,
northeast,30,1,2024-07-12,672.3946228027344,0.1819344039350897,#D62728,False,
northeast,30,1,2024-07-13,672.5166015625,0.109515428409066,#D62728,False,
northeast,30,1,2024-07-16,672.8311157226562,0.103119277767848,#D62728,False,
northeast,30,1,2024-07-16,672.94091796875,0.0786361290287109,#D62728,False,
northeast,30,1,2024-07-17,673.01904296875,0.1736535965747593,#D62728,False,
northeast,30,1,2024-07-17,673.0159301757812,0.0923814476569954,#D62728,False,
northeast,30,1,2024-07-18,672.85986328125,0.2095978800469386,#D62728,False,
northeast,31,1,2024-07-04,744.649658203125,0.0,,True,left_gray_far_from_nearest_red_gt_3m
northeast,31,1,2024-07-05,745.8309936523438,0.4676988958101008,,True,left_gray_far_from_nearest_red_gt_3m
northeast,31,1,2024-07-05,756.7258605957031,2.66049789588896,#CFCFCF,True,uncertainty_gt_1m
northeast,31,1,2024-07-06,747.5286254882812,0.3163136460501642,,True,left_gray_far_from_nearest_red_gt_3m
northeast,31,1,2024-07-06,746.9264640808105,0.9934436080811958,,True,left_gray_far_from_nearest_red_gt_3m
northeast,31,1,2024-07-07,748.6881137424045,0.5042529856960608,,True,left_gray_far_from_nearest_red_gt_3m
northeast,31,1,2024-07-07,748.895263671875,0.3242202775730914,,True,left_gray_far_from_nearest_red_gt_3m
northeast,31,1,2024-07-08,749.7816467285156,0.3635989514833833,,True,left_gray_far_from_nearest_red_gt_3m
northeast,31,1,2024-07-16,753.2245483398438,0.3935489823647767,#D62728,False,
northeast,31,1,2024-07-16,753.5204772949219,0.227906785612066,#D62728,False,
northeast,31,1,2024-07-17,753.4639292399089,0.2298249363210958,#D62728,False,
northeast,31,1,2024-07-17,753.5254516601562,0.4752197897771104,#D62728,False,
northeast,31,1,2024-07-18,753.786994934082,0.2689367602186003,#D62728,False,
northeast,31,1,2024-07-18,753.5527954101562,0.3683758349936725,#D62728,False,
northeast,31,1,2024-07-26,756.792724609375,0.2390632766635093,#D62728,False,
northeast,31,1,2024-07-26,756.5033874511719,0.2142931297912309,#D62728,False,
northeast,31,1,2024-07-27,756.9027709960938,0.1321188279131858,#D62728,False,
northeast,31,1,2024-07-27,756.8987672593859,0.187264442694669,#D62728,False,
northeast,31,1,2024-07-28,755.0111694335938,2.249618093253794,#CFCFCF,True,uncertainty_gt_1m
northeast,31,1,2024-08-05,758.26123046875,0.4933563574265752,#D62728,False,
northeast,31,1,2024-08-06,758.4688720703125,0.2092843781385894,#D62728,False,
northeast,31,1,2024-08-06,758.4592817590592,0.140389130962408,#D62728,False,
northeast,31,1,2024-08-07,758.5098571777344,0.1472612379518482,#D62728,False,
northeast,31,1,2024-08-07,758.5112753259131,0.2478717633256635,#D62728,False,
northeast,31,1,2024-08-08,758.6121673583984,1.2704794882036827,#D62728,True,uncertainty_gt_1m
northeast,31,1,2024-08-08,758.39599609375,0.3925841516540039,#D62728,False,
northeast,32,1,2024-06-26,785.5192328559028,0.3190558010849668,#D62728,False,
northeast,32,1,2024-06-26,785.6696166992188,0.1149775585145157,#D62728,False,
northeast,32,1,2024-06-27,785.5041809082031,0.1357442377071186,#D62728,False,
northeast,32,1,2024-06-27,785.664680480957,0.286827273367038,#D62728,False,
northeast,32,1,2024-06-28,786.0240783691406,0.5328354783165028,#D62728,False,
northeast,32,1,2024-07-05,788.9217834472656,0.1989853794707151,#D62728,False,
northeast,32,1,2024-07-05,783.6499176025391,2.931016108877808,#CFCFCF,True,uncertainty_gt_1m
northeast,32,1,2024-07-06,789.7232666015625,0.4620886183234478,#D62728,False,
northeast,32,1,2024-07-07,790.1217585383234,0.1928425569434935,#D62728,False,
northeast,32,1,2024-07-07,790.01806640625,0.104985082461945,#D62728,False,
northeast,32,1,2024-07-08,790.3324584960938,0.2257004660658119,#D62728,False,
northeast,32,1,2024-07-16,792.3817749023438,0.2336647697370005,#D62728,False,
northeast,32,1,2024-07-16,792.456298828125,0.0597484717758882,#D62728,False,
northeast,32,1,2024-07-17,791.9820251464844,0.1629243757297198,#D62728,False,
northeast,32,1,2024-07-17,792.501220703125,0.1573660895696395,#D62728,False,
northeast,32,1,2024-07-18,792.330078125,0.2610752971874829,#D62728,False,
northeast,32,1,2024-07-18,792.2513427734375,0.1235363664833141,#D62728,False,
northeast,32,1,2024-07-19,792.6497802734375,0.5066735839559902,#D62728,False,
northeast,32,1,2024-07-26,794.3645935058594,0.1086381533200527,#D62728,False,
northeast,32,1,2024-07-26,794.0064832899305,0.1504576328717828,#D62728,False,
northeast,32,1,2024-07-27,794.3900451660156,0.4796876670723088,#D62728,False,
northeast,32,1,2024-07-27,814.9208414713542,0.0983657687652905,,True,gray_between_red_segments_out_of_both_sides
northeast,32,1,2024-07-28,794.1926676432291,0.1204297462567996,#D62728,False,
northeast,32,1,2024-07-28,771.6884765625,0.0,,True,gray_between_red_segments_out_of_both_sides
northeast,32,1,2024-08-05,794.8797607421875,0.415362614609433,#D62728,False,
northeast,32,1,2024-08-06,795.3289794921875,0.1467919301916523,#D62728,False,
northeast,32,1,2024-08-06,795.5724487304688,0.198177310726205,#D62728,False,
northeast,32,1,2024-08-07,794.7916564941406,0.4278838896397668,#D62728,False,
northeast,32,1,2024-08-07,795.2642822265625,0.1357282859437261,#D62728,False,
northeast,32,1,2024-08-08,795.28857421875,0.2900536296049356,#D62728,False,
northeast,32,1,2024-08-08,795.329345703125,0.1824093773928849,#D62728,False,
northeast,32,1,2024-08-09,795.3426513671875,0.3650411098315134,#D62728,False,
northeast,33,1,2024-07-06,721.7604064941406,0.1740875569583389,#D62728,False,
northeast,33,1,2024-07-06,721.8049926757812,0.1723411184847758,#D62728,False,
northeast,33,1,2024-07-07,722.7683782467897,0.1148439088186037,#D62728,False,
northeast,33,1,2024-07-07,722.8118591308594,0.1447002908802679,#D62728,False,
northeast,33,1,2024-07-08,723.4421997070312,0.4157517810574783,#D62728,False,
northeast,33,1,2024-07-15,725.9912509918213,0.1360336395859788,#D62728,False,
northeast,33,1,2024-07-16,726.1642150878906,0.1791286805459554,#D62728,False,
northeast,33,1,2024-07-16,726.2154333326552,0.1346853977891144,#D62728,False,
northeast,33,1,2024-07-17,726.3983154296875,0.1638958662607628,#D62728,False,
northeast,33,1,2024-07-17,726.3864135742188,0.194594459825825,#D62728,False,
northeast,33,1,2024-07-18,726.5282783508301,0.1524064133007263,#D62728,False,
northeast,33,1,2024-07-18,726.11083984375,0.2736038684694147,#D62728,False,
northeast,33,1,2024-07-26,719.8815569196429,0.1037677588709826,#D62728,False,
northeast,33,1,2024-07-26,719.756790687298,0.3181765743690598,#D62728,False,
northeast,33,1,2024-07-27,719.6964170874619,0.2528139507967911,#D62728,False,
northeast,33,1,2024-07-27,719.6747436523438,0.103477497923461,#D62728,False,
northeast,33,1,2024-07-28,719.727281358507,0.2712148893878017,#D62728,False,
northeast,33,1,2024-07-28,719.6346435546875,0.2735704456433276,#D62728,False,
northeast,33,1,2024-07-29,717.2628479003906,4.523183383517592,#CFCFCF,True,uncertainty_gt_1m
northeast,33,1,2024-07-29,720.1310424804688,0.1702166226196132,#D62728,False,
northeast,34,1,2024-07-07,582.1276245117188,0.4354596509378011,#CFCFCF,False,
northeast,34,1,2024-07-07,582.135986328125,0.2198962810817226,#CFCFCF,False,
northeast,34,1,2024-07-08,582.6874234474311,0.1327514989988643,#CFCFCF,False,
northeast,34,1,2024-07-14,584.8851956040112,0.1189281254334386,#D62728,False,
northeast,34,1,2024-07-15,585.0431601034628,0.2801847681914982,#D62728,False,
northeast,34,1,2024-07-16,585.2068786621094,0.1836800700143433,#D62728,False,
northeast,34,1,2024-07-16,585.2183227539062,0.2049214350543874,#D62728,False,
northeast,34,1,2024-07-17,585.4372863769531,0.1699837871644427,#D62728,False,
northeast,34,1,2024-07-17,585.4902954101562,0.1642030790601693,#D62728,False,
northeast,34,1,2024-07-18,585.5919452742035,0.2636716165201974,#D62728,False,
northeast,34,1,2024-07-18,585.0502319335938,0.4947235794337751,,True,local_min_extreme_gt_1m
northeast,34,1,2024-07-19,591.6010430518617,10.037293365002888,#CFCFCF,True,uncertainty_gt_1m
northeast,34,1,2024-07-26,587.1022033691406,0.2178131200522212,#D62728,False,
northeast,34,1,2024-07-26,587.0576171875,0.1871837856828322,#D62728,False,
northeast,34,1,2024-07-27,587.0277099609375,0.2030673384549219,#D62728,False,
northeast,34,1,2024-07-27,586.96484375,0.2047733766962649,#D62728,False,
northeast,34,1,2024-07-28,586.7876586914062,0.2584123550125477,#D62728,False,
northeast,34,1,2024-07-29,585.769645690918,1.5835969853183862,#D62728,True,uncertainty_gt_1m
northeast,34,1,2024-08-04,585.7959690093994,0.1115653736072258,#D62728,False,
northeast,34,1,2024-08-05,585.7176513671875,0.3758817160797791,#D62728,False,
northeast,34,1,2024-08-05,585.6439470038357,0.4938936439549287,#D62728,False,
northeast,34,1,2024-08-06,585.6372680664062,0.2098798644684822,#D62728,False,
northeast,34,1,2024-08-06,585.6258239746094,0.1796949128320568,#D62728,False,
northeast,34,1,2024-08-07,585.4921264648438,0.2352838141357655,#D62728,False,
northeast,34,1,2024-08-07,585.4723510742188,0.2102669571385891,#D62728,False,
northeast,34,1,2024-08-08,585.3858753551136,0.3169085474946777,#D62728,False,
northeast,34,1,2024-08-08,585.512451171875,0.4312937433320948,#D62728,False,
northeast,34,1,2024-08-09,585.3517004235998,0.1469642686802101,#D62728,False,
northeast,36,1,2024-06-23,745.9010632832845,0.1007963810704104,#D62728,False,
northeast,36,1,2024-06-24,745.9871215820312,0.1409996623691456,#D62728,False,
northeast,36,1,2024-06-25,746.1374259617018,0.2730016041347078,#D62728,False,
northeast,36,1,2024-06-26,742.4253336588541,8.50449673927666,#CFCFCF,True,uncertainty_gt_1m
northeast,36,1,2024-06-26,746.8278503417969,0.5937522597437237,,True,local_max_extreme_gt_1m
northeast,36,1,2024-06-27,746.3029949046947,0.1690392678549304,#D62728,False,
northeast,36,1,2024-06-28,746.4334106445312,0.1767996615586023,#D62728,False,
northeast,36,1,2024-06-29,746.67236328125,0.1185602882422753,#D62728,False,
northeast,36,1,2024-06-30,746.7606811523438,0.0710378739016601,#D62728,False,
northeast,36,1,2024-07-01,747.0741503485318,0.1105938806816665,#D62728,False,
northeast,36,1,2024-07-02,747.4423217773438,0.1287119735451989,#D62728,False,
northeast,36,1,2024-07-03,747.91455078125,0.1051337963238787,#D62728,False,
northeast,36,1,2024-07-04,749.2059936523438,0.2582331508953296,,True,local_max_extreme_gt_1m
northeast,36,1,2024-07-04,748.2900390625,0.1399774279439251,,True,local_min_extreme_gt_1m
northeast,36,1,2024-07-05,748.8069763183594,0.3999530913668791,#D62728,False,
northeast,36,1,2024-07-07,749.5639241536459,0.9056227037934956,#D62728,False,
northeast,36,1,2024-07-08,749.547119140625,0.1388948906381134,#D62728,False,
northeast,36,1,2024-07-09,749.6401062011719,0.1166320058024973,#D62728,False,
northeast,36,1,2024-07-09,749.5428161621094,0.3510517345516614,#D62728,False,
northeast,36,1,2024-07-10,749.481689453125,0.1099919742122794,#D62728,False,
northeast,36,1,2024-07-11,749.295654296875,0.1078696863586805,#D62728,False,
northeast,36,1,2024-07-12,749.0594482421875,0.1111946401213382,#D62728,False,
northeast,36,1,2024-07-14,748.5930399080602,0.194943825739546,#D62728,False,
northeast,36,1,2024-07-16,749.4407348632812,0.7401739606970347,,True,local_max_extreme_gt_1m
northeast,36,1,2024-07-17,737.3954162597656,1.2116324485371168,#CFCFCF,True,uncertainty_gt_1m
northeast,36,1,2024-07-18,748.17724609375,0.1571501404702656,#D62728,False,
northeast,36,1,2024-07-19,748.3662719726562,0.2096138074585429,#D62728,False,
northeast,36,1,2024-07-23,747.8708190917969,0.0919445760070621,#D62728,False,
northeast,36,1,2024-07-24,747.5196533203125,0.0891401012368337,#D62728,False,
northeast,36,1,2024-07-26,746.9683227539062,0.1091818185726468,#D62728,False,
northeast,36,1,2024-07-30,746.4886496407645,0.2781917663242393,#D62728,False,
northeast,36,1,2024-07-31,746.4221801757812,0.0957253329510754,#D62728,False,
northeast,36,1,2024-08-01,746.1522216796875,0.1385966743290697,#D62728,False,
northeast,36,1,2024-08-02,746.1228942871094,0.1036887564026813,#D62728,False,
northeast,36,1,2024-08-03,745.9265747070312,0.109205319279625,#D62728,False,
northeast,36,1,2024-08-04,746.249267578125,0.1358831436924358,#D62728,False,
northeast,36,1,2024-08-05,746.3905639648438,0.2131629391783736,#D62728,False,
northeast,36,1,2024-08-06,746.0995483398438,0.374399934032073,#D62728,False,
northeast,36,1,2024-08-07,746.8565673828125,0.0,,True,local_max_extreme_gt_1m
northeast,36,1,2024-08-08,745.9512329101562,0.1229789350761763,#D62728,False,
northeast,36,1,2024-08-09,745.9426879882812,0.1580904897505459,#D62728,False,
northeast,36,1,2024-08-10,745.9576416015625,0.0909387972606225,#D62728,False,
northeast,36,1,2024-08-11,745.9488525390625,0.1046575300089453,#D62728,False,
northeast,36,1,2024-08-12,745.8699951171875,0.1491613414623487,#D62728,False,
northeast,36,1,2024-08-12,745.8699951171875,0.1491613414623487,#D62728,False,
northeast,36,1,2024-08-13,745.9493408203125,0.0833741593818987,#D62728,False,
northeast,36,1,2024-08-14,745.87548828125,0.0841182471246055,#D62728,False,
northeast,36,1,2024-08-14,745.843505859375,0.2655114465228166,#D62728,False,
northeast,38,1,2024-06-24,783.6495971679688,0.1474899142738401,#D62728,False,
northeast,38,1,2024-06-25,784.1996459960938,0.091959130726476,#D62728,False,
northeast,38,1,2024-06-26,784.6193542480469,0.1238193160500438,#D62728,False,
northeast,38,1,2024-06-26,784.5731201171875,0.1799807270646376,#D62728,False,
northeast,38,1,2024-06-27,784.95849609375,0.1275027567796561,#D62728,False,
northeast,38,1,2024-06-28,785.318359375,0.2459175515943806,#D62728,False,
northeast,38,1,2024-06-30,785.9688720703125,0.1343120301254649,#D62728,False,
northeast,38,1,2024-07-01,786.1716613769531,0.1489784229184727,#D62728,False,
northeast,38,1,2024-07-03,772.3258666992188,0.0,,True,gray_between_red_segments_out_of_both_sides
northeast,38,1,2024-07-05,787.1337280273438,0.193287549287669,#D62728,False,
northeast,38,1,2024-07-06,787.5071411132812,0.1155888848220325,#D62728,False,
northeast,38,1,2024-07-06,787.4696517080631,0.2129967863769677,#D62728,False,
northeast,38,1,2024-07-07,768.1301879882812,0.9533612493952832,,True,gray_between_red_segments_out_of_both_sides
northeast,38,1,2024-07-07,787.7841796875,0.1767828360672449,#D62728,False,
northeast,38,1,2024-07-08,787.6655578613281,0.1706995496917662,#D62728,False,
northeast,38,1,2024-07-10,787.2429504394531,0.1643657284061139,#D62728,False,
northeast,38,1,2024-07-11,786.5712585449219,0.1162382890382253,#D62728,False,
northeast,38,1,2024-07-12,785.6151123046875,0.1545705215994025,#D62728,False,
northeast,38,1,2024-07-13,779.1870727539062,0.0,,True,gray_between_red_segments_out_of_both_sides
northeast,38,1,2024-07-17,782.4794634650735,0.2326305057413459,#D62728,False,
northeast,38,1,2024-07-17,782.2376098632812,0.108098157002068,#D62728,False,
northeast,38,1,2024-07-18,782.0138549804688,0.1575819675453199,#D62728,False,
northeast,38,1,2024-07-19,782.1929321289062,0.3751456240678738,#D62728,False,
northeast,38,1,2024-07-23,782.1109313964844,0.2188707252112081,#D62728,False,
northeast,38,1,2024-07-26,781.4618530273438,0.1280660486085077,#D62728,False,
northeast,38,1,2024-07-27,781.3959147135416,0.1429740727652298,#D62728,False,
northeast,38,1,2024-07-27,773.9930114746094,0.0294771686737311,,True,right_gray_below_global_red_min_gt_3m
northeast,39,1,2024-06-29,374.5558198969415,0.3762276281975464,#D62728,False,
northeast,39,1,2024-06-30,375.6786193847656,0.181332663587105,#D62728,False,
northeast,39,1,2024-07-01,376.1298065185547,0.1005517821165632,#D62728,False,
northeast,39,1,2024-07-02,376.2957153320313,0.0,#D62728,False,
northeast,39,1,2024-07-03,376.50091552734375,0.3962360915914158,#D62728,False,
northeast,39,1,2024-07-03,376.7216796875,0.1464291823410035,#D62728,False,
northeast,39,1,2024-07-04,377.3283386230469,0.1861952143670523,#D62728,False,
northeast,39,1,2024-07-04,376.7923355102539,0.2334699423715194,#D62728,False,
northeast,39,1,2024-07-05,377.2181710137261,0.1411735389958281,#D62728,False,
northeast,40,1,2024-07-05,731.9374389648438,0.2166739283614704,#D62728,False,
northeast,40,1,2024-07-05,732.0403137207031,0.4091055063888245,#D62728,False,
northeast,40,1,2024-07-06,732.2579040527344,0.1629772562475975,#D62728,False,
northeast,40,1,2024-07-06,732.2356872558594,0.3404493619337003,#D62728,False,
northeast,40,1,2024-07-07,732.4034423828125,0.224964901132194,#D62728,False,
northeast,40,1,2024-07-07,732.4039001464844,0.1563186473551849,#D62728,False,
northeast,40,1,2024-07-08,732.4696309791422,0.1793863152977696,#D62728,False,
northeast,40,1,2024-07-08,732.667724609375,0.3481958270581319,#D62728,False,
northeast,40,1,2024-07-15,733.4525785224382,0.1531910332190874,#D62728,False,
northeast,40,1,2024-07-16,733.5923461914062,0.1846575064441203,#D62728,False,
northeast,40,1,2024-07-16,733.5689058887715,0.264052897658638,#D62728,False,
northeast,40,1,2024-07-17,733.6688842773438,0.2326104524975056,#D62728,False,
northeast,40,1,2024-07-17,733.6924438476562,0.3440277910090813,#D62728,False,
northeast,40,1,2024-07-18,733.6603881835938,0.2050256220442209,#D62728,False,
northeast,40,1,2024-07-18,733.2522583007812,0.260983234703159,#D62728,False,
northeast,40,1,2024-07-26,731.7520446777344,0.1873920801914112,#D62728,False,
northeast,40,1,2024-07-26,720.485595703125,1.3732066280857596,#CFCFCF,True,uncertainty_gt_1m
northeast,40,1,2024-07-27,731.8711242675781,0.1791489156079462,#D62728,False,
northeast,40,1,2024-07-27,731.8535461425781,0.1961931975102368,#D62728,False,
northeast,40,1,2024-07-28,731.7957153320312,0.0,#D62728,False,
northeast,40,1,2024-07-28,731.8956909179688,0.1612474308349598,#D62728,False,
northeast,40,1,2024-07-29,725.2429840087891,0.8856080850781975,,True,gray_between_red_segments_out_of_both_sides
northeast,40,1,2024-08-05,732.5459594726562,0.3907099008258444,#D62728,False,
northeast,40,1,2024-08-06,732.5447387695312,0.1526952698670907,#D62728,False,
northeast,40,1,2024-08-06,732.556229182652,0.3389187273469695,#D62728,False,
northeast,40,1,2024-08-07,732.3982543945312,0.1794119113185351,#D62728,False,
northeast,40,1,2024-08-07,732.3881225585938,0.2634414072301355,#D62728,False,
northeast,40,1,2024-08-08,732.3502731797117,0.3379373890674814,#D62728,False,
northeast,40,1,2024-08-08,732.2280883789062,0.197422083321147,#D62728,False,
northeast,41,1,2024-07-07,723.9759216308594,1.0345379453442691,#D62728,True,uncertainty_gt_1m
northeast,41,1,2024-07-08,723.6259765625,0.385604840195453,#CFCFCF,False,
northeast,41,1,2024-07-08,725.20361328125,0.3822921164568023,,True,local_max_extreme_gt_1m
northeast,41,1,2024-07-09,724.1007690429688,0.3408727460230474,#D62728,False,
northeast,41,1,2024-07-10,724.594482421875,0.3528513833216991,#D62728,False,
northeast,41,1,2024-07-11,724.8252563476562,0.2002362338332238,#D62728,False,
northeast,41,1,2024-07-12,725.0002136230469,0.1807432689333734,#D62728,False,
northeast,41,1,2024-07-13,724.9838256835938,0.1865617995336304,#D62728,False,
northeast,41,1,2024-07-14,725.1575927734375,0.181112230765187,#D62728,False,
northeast,41,1,2024-07-15,725.207763671875,0.1792964645887817,#D62728,False,
northeast,41,1,2024-07-16,725.2774658203125,0.269965637613925,#D62728,False,
northeast,41,1,2024-07-17,724.4309692382812,0.4688811138529763,#D62728,False,
northeast,41,1,2024-07-18,724.0555419921875,1.3244594819978568,#D62728,True,uncertainty_gt_1m
northeast,41,1,2024-07-19,722.6017456054688,1.3243913523921331,#D62728,True,uncertainty_gt_1m
northeast,41,1,2024-07-23,724.7732340494791,0.2789132695022636,#D62728,False,
northeast,41,1,2024-07-24,724.5243530273438,0.4552115952733516,#D62728,False,
northeast,41,1,2024-07-27,724.9222106933594,1.2061470467419704,#D62728,True,uncertainty_gt_1m
northeast,41,1,2024-07-28,722.5885213216146,0.8984486482453787,#CFCFCF,False,
northeast,42,1,2024-07-04,759.8555908203125,0.1832635457350432,#D62728,False,
northeast,42,1,2024-07-05,761.1749877929688,0.2489088442615488,#D62728,False,
northeast,42,1,2024-07-05,761.3648376464844,0.3572101844823778,#D62728,False,
northeast,42,1,2024-07-06,762.5891418457031,0.1642690055512274,#D62728,False,
northeast,42,1,2024-07-06,762.7261657714844,0.1313404127296943,#D62728,False,
northeast,42,1,2024-07-07,763.8455810546875,0.1021331523425494,#D62728,False,
northeast,42,1,2024-07-07,763.8697509765625,0.1658679447857061,#D62728,False,
northeast,42,1,2024-07-08,764.8788350423177,0.2606875141723782,#D62728,False,
northeast,42,1,2024-07-09,765.822988656851,0.1301754135307739,#D62728,False,
northeast,42,1,2024-07-14,769.2887725830078,0.1072601299980696,#D62728,False,
northeast,42,1,2024-07-15,769.8418301669034,0.1749934559437777,#D62728,False,
northeast,42,1,2024-07-16,770.067626953125,0.1815144818071321,#D62728,False,
northeast,42,1,2024-07-16,770.1393432617188,0.1177074675640259,#D62728,False,
northeast,42,1,2024-07-17,770.5101318359375,0.2831783564326571,#D62728,False,
northeast,42,1,2024-07-17,770.5549926757812,0.1777164591594363,#D62728,False,
northeast,42,1,2024-07-18,770.8184814453125,0.1666281012600114,#D62728,False,
northeast,42,1,2024-07-18,770.5028076171875,0.4044285359422139,#D62728,False,
northeast,42,1,2024-07-19,771.6343742819394,0.1119342500702506,#D62728,False,
northeast,45,1,2024-07-03,932.250980922154,0.1069424594143121,#D62728,False,
northeast,45,1,2024-07-05,933.1478881835938,0.1620231694904631,#D62728,False,
northeast,45,1,2024-07-06,933.3951416015624,0.113323207296523,#D62728,False,
northeast,45,1,2024-07-06,933.4069475446428,0.2325211058709094,#D62728,False,
northeast,45,1,2024-07-07,934.1856689453124,0.4020349261771473,#D62728,False,
northeast,45,1,2024-07-07,933.768310546875,0.0991512063238359,#D62728,False,
northeast,45,1,2024-07-08,934.0454711914062,0.1408539968570367,#D62728,False,
northeast,45,1,2024-07-10,934.6947157118057,0.087548980796747,#D62728,False,
northeast,45,1,2024-07-11,934.8913696289062,0.0719014310343945,#D62728,False,
northeast,45,1,2024-07-12,935.070418377312,0.1098346084870198,#D62728,False,
northeast,45,1,2024-07-13,935.218094889323,0.0713076994405656,#D62728,False,
northeast,45,1,2024-07-16,935.4824829101562,0.1355249458317805,#D62728,False,
northeast,45,1,2024-07-17,935.5781860351562,0.3641865419086832,#D62728,False,
northeast,45,1,2024-07-17,935.4906969572368,0.2275409787485651,#D62728,False,
northeast,45,1,2024-07-18,924.9034729003906,0.1877820803798015,,True,gray_between_red_segments_out_of_both_sides
northeast,45,1,2024-07-18,935.2588806152344,0.1488692000644546,#D62728,False,
northeast,45,1,2024-07-19,935.8921508789062,0.2581445633143469,#D62728,False,
northeast,45,1,2024-07-23,936.6971215420082,0.092244260653031,#D62728,False,
northeast,45,1,2024-07-24,936.8648071289062,0.1265420518495227,#D62728,False,
northeast,45,1,2024-07-26,936.9561157226562,0.1158778288881596,#D62728,False,
northeast,45,1,2024-07-27,936.979034423828,0.1122598310643157,#D62728,False,
northeast,45,1,2024-07-27,937.0940619574652,0.4356602132605095,#D62728,False,
northeast,45,1,2024-07-28,937.2299431694878,0.2050412977248926,#D62728,False,
northeast,45,1,2024-07-28,920.4084014892578,11.55167608536948,#CFCFCF,True,uncertainty_gt_1m
northeast,45,1,2024-07-31,937.0831604003906,0.0383677934860132,#D62728,False,
northeast,45,1,2024-08-01,937.2494494628908,0.1042493307625944,#D62728,False,
northeast,45,1,2024-08-02,937.273764038086,0.0869675765807558,#D62728,False,
northeast,45,1,2024-08-03,937.2980250308387,0.1398777342057832,#D62728,False,
northeast,45,1,2024-08-05,937.5000610351562,0.2847708155260456,#D62728,False,
northeast,45,1,2024-08-06,937.5416259765624,0.1160593457505576,#D62728,False,
northeast,45,1,2024-08-07,937.565185546875,0.4377480294208736,#D62728,False,
northeast,45,1,2024-08-07,937.5204345703124,0.1243170221356113,#D62728,False,
northeast,45,1,2024-08-08,937.5249938964844,0.1392748102920903,#D62728,False,
northeast,45,1,2024-08-09,937.5189819335938,0.213793047111166,#D62728,False,
northeast,45,1,2024-08-11,937.5254160563152,0.093204634082638,#D62728,False,
northeast,45,1,2024-08-12,937.5125565962358,0.1516736145833147,#D62728,False,
northeast,45,1,2024-08-12,937.5125565962358,0.1516736145833147,#D62728,False,
northeast,45,1,2024-08-13,937.5322377730388,0.1205035644484424,#D62728,False,
northeast,45,1,2024-08-14,937.5938415527344,0.1819239136896354,#D62728,False,
northeast,47,1,2024-06-29,593.4613037109375,0.1088422154436435,#D62728,False,
northeast,47,1,2024-06-30,593.7562255859375,0.1978982877145071,#D62728,False,
northeast,47,1,2024-07-01,594.0755615234375,0.0934946981686843,#D62728,False,
northeast,47,1,2024-07-02,594.8499450683594,0.1484787583824073,#D62728,False,
northeast,47,1,2024-07-03,595.2815551757812,0.19711949103111,#D62728,False,
northeast,47,1,2024-07-04,595.677001953125,0.1327369686925692,#D62728,False,
northeast,47,1,2024-07-05,596.3263244628906,0.1964728565948955,#D62728,False,
northeast,47,1,2024-07-07,597.1886291503906,0.2339604131676184,#D62728,False,
northeast,47,1,2024-07-08,597.6417236328125,0.160750240187256,#D62728,False,
northeast,47,1,2024-07-09,597.9814453125,0.1252966910744147,#D62728,False,
northeast,47,1,2024-07-10,598.3234252929688,0.1148896864580857,#D62728,False,
northeast,47,1,2024-07-11,598.5977172851562,0.0774251996646764,#D62728,False,
northeast,47,1,2024-07-12,598.8025207519531,0.1089065421869813,#D62728,False,
northeast,47,1,2024-07-14,598.9970703125,0.129609128312547,#D62728,False,
northeast,47,1,2024-07-15,599.0529174804688,0.1806152100219336,#D62728,False,
northeast,47,1,2024-07-16,599.0043640136719,0.309033704380347,#D62728,False,
northeast,47,1,2024-07-17,599.3626708984375,0.3217475131997232,#D62728,False,
northeast,47,1,2024-07-18,599.1619873046875,0.2001049679576678,#D62728,False,
northeast,47,1,2024-07-19,600.0266723632812,0.1906483176393775,#D62728,False,
northeast,47,1,2024-07-23,599.4663696289062,0.1224849892770907,#D62728,False,
northeast,47,1,2024-07-26,597.4485473632812,0.1561047205365401,#D62728,False,
northeast,47,1,2024-07-31,595.1170654296875,0.1030919987780516,#D62728,False,
northeast,47,1,2024-08-01,594.7463073730469,0.1003425534708694,#D62728,False,
northeast,47,1,2024-08-02,594.6697387695312,0.1291896522473075,#D62728,False,
northeast,47,1,2024-08-03,594.5910034179688,0.1009026726038781,#D62728,False,
northeast,47,1,2024-08-04,594.5904846191406,0.1289976567867634,#D62728,False,
northeast,47,1,2024-08-05,594.4730834960938,0.1648293124862158,#D62728,False,
northeast,47,1,2024-08-06,594.2689208984375,0.238825979633216,#D62728,False,
northeast,47,1,2024-08-07,593.8403625488281,0.2688197812081502,#D62728,False,
northeast,47,1,2024-08-08,593.6907958984375,0.1432549118938353,#D62728,False,
northeast,47,1,2024-08-10,593.4796447753906,0.081099675806699,#D62728,False,
northeast,47,1,2024-08-10,593.4796447753906,0.081099675806699,#D62728,False,
northeast,47,1,2024-08-11,593.4364624023438,0.0758585692074868,#D62728,False,
northeast,47,1,2024-08-12,593.2788696289062,0.0900611805697049,#D62728,False,
northeast,47,1,2024-08-12,593.2788696289062,0.0900611805697049,#D62728,False,
northeast,47,1,2024-08-13,593.2459106445312,0.1244993632020079,#D62728,False,
northeast,47,1,2024-08-14,593.171142578125,0.1200309921158322,#D62728,False,
northeast,4,1,2024-06-26,652.6318969726562,12.186111848283154,#CFCFCF,True,uncertainty_gt_1m
northeast,4,1,2024-06-27,643.0795593261719,0.1365147000377285,#D62728,False,
northeast,4,1,2024-06-28,643.5716552734375,0.1949814363370227,#D62728,False,
northeast,4,1,2024-06-29,644.12921778361,0.2090918640342036,#D62728,False,
northeast,4,1,2024-06-30,644.5807189941406,0.1299109612030667,#D62728,False,
northeast,4,1,2024-07-01,644.9130249023438,0.1690529471520935,#D62728,False,
northeast,4,1,2024-07-02,645.2772216796875,0.211597413221084,#D62728,False,
northeast,4,1,2024-07-03,645.5142822265625,0.2446145979351447,#D62728,False,
northeast,4,1,2024-07-04,646.566650390625,0.2515037328291851,#D62728,False,
northeast,4,1,2024-07-04,640.2099135826373,6.222539348939162,#CFCFCF,True,uncertainty_gt_1m
northeast,4,1,2024-07-05,646.4666137695312,0.2076717098224458,#D62728,False,
northeast,4,1,2024-07-06,647.4794639029154,0.3447988880292388,#D62728,False,
northeast,4,1,2024-07-07,666.9083958675986,0.1370228290662278,,True,gray_between_red_segments_out_of_both_sides
northeast,4,1,2024-07-08,647.7775268554688,0.1562993144157685,#D62728,False,
northeast,4,1,2024-07-09,648.123164309731,0.1274354967883347,#D62728,False,
northeast,4,1,2024-07-09,648.1288452148438,0.2963112305791285,#D62728,False,
northeast,4,1,2024-07-10,648.3360462188721,0.1203029778735248,#D62728,False,
northeast,4,1,2024-07-11,648.4609985351562,0.095308235571476,#D62728,False,
northeast,4,1,2024-07-12,648.5652465820312,0.120982863339052,#D62728,False,
northeast,4,1,2024-07-13,648.6541748046875,0.1449116258011174,#D62728,False,
northeast,4,1,2024-07-14,648.7205810546875,0.44104300693974,#D62728,False,
northeast,4,1,2024-07-14,648.7878271295119,0.1273501951228138,#D62728,False,
northeast,4,1,2024-07-16,649.2609252929688,0.7690402774112319,#D62728,False,
northeast,4,1,2024-07-17,649.3525848388672,0.2508809164691086,#D62728,False,
northeast,4,1,2024-07-18,649.0860595703125,0.1850107201773756,#D62728,False,
northeast,4,1,2024-07-19,649.6238444010417,0.1339674397296367,#D62728,False,
northeast,4,1,2024-07-19,649.5959777832031,0.2804038071836182,#D62728,False,
northeast,4,1,2024-07-23,650.3626403808594,0.1105129835525668,#D62728,False,
northeast,4,1,2024-07-24,650.486083984375,0.1432173102355356,#D62728,False,
northeast,4,1,2024-07-25,618.587890625,0.0,,True,gray_between_red_segments_out_of_both_sides
northeast,4,1,2024-07-26,650.5768127441406,0.1607798571561701,#D62728,False,
northeast,4,1,2024-07-28,670.3865356445312,0.1759119111289939,,True,gray_between_red_segments_out_of_both_sides
northeast,4,1,2024-07-30,650.7540283203125,0.1159112862062836,#D62728,False,
northeast,4,1,2024-07-30,650.6885375976562,0.1956505528709834,#D62728,False,
northeast,4,1,2024-07-31,650.8216552734375,0.1002200008398999,#D62728,False,
northeast,4,1,2024-08-01,650.8336791992188,0.1006157490057413,#D62728,False,
northeast,4,1,2024-08-02,650.9102172851562,0.1289456453596416,#D62728,False,
northeast,4,1,2024-08-03,650.9274640764509,0.1498022604523591,#D62728,False,
northeast,4,1,2024-08-04,651.07148840668,0.1150920158723714,#D62728,False,
northeast,4,1,2024-08-05,651.0868530273438,0.2272331563929183,#D62728,False,
northeast,4,1,2024-08-06,651.2075805664062,0.2237102921552025,#D62728,False,
northeast,4,1,2024-08-07,651.2393188476562,0.1179044342761133,#D62728,False,
northeast,4,1,2024-08-08,651.1799875323692,0.1309027515673892,#D62728,False,
northeast,4,1,2024-08-09,651.2938232421875,0.0972086182651795,#D62728,False,
northeast,4,1,2024-08-09,651.2039794921875,0.1680962538692408,#D62728,False,
northeast,4,1,2024-08-10,651.2459716796875,0.130986930002472,#D62728,False,
northeast,4,1,2024-08-11,651.2353820800781,0.1110006886433169,#D62728,False,
northeast,4,1,2024-08-12,651.2157592773438,0.0943226816070141,#D62728,False,
northeast,4,1,2024-08-12,651.2157592773438,0.0943226816070141,#D62728,False,
northeast,4,1,2024-08-13,651.2213134765625,0.1280451373029118,#D62728,False,
northeast,4,1,2024-08-14,651.2508544921875,0.149931750779887,#D62728,False,
northeast,4,1,2024-08-14,651.2409057617188,0.2108688893614577,#D62728,False,
northeast,4,2,2024-06-26,676.0091796875,0.843102023758587,,True,edge_short_gray_above_nearest_red
northeast,4,2,2024-06-28,645.0733032226562,0.1901586400396447,#D62728,False,
northeast,4,2,2024-06-29,645.1665267944336,0.4357700984769307,#D62728,False,
northeast,4,2,2024-06-30,645.8331909179688,0.4182378331547291,#D62728,False,
northeast,4,2,2024-07-01,646.1014404296875,0.1994555188658686,#D62728,False,
northeast,4,2,2024-07-02,646.3693867345011,0.1810433020908403,#D62728,False,
northeast,4,2,2024-07-04,647.5071105957031,0.2251849332137377,#D62728,False,
northeast,4,2,2024-07-05,647.2465209960938,0.3252542116697395,#D62728,False,
northeast,4,2,2024-07-06,646.1186645507812,0.5906811217609591,,True,local_min_extreme_gt_1m
northeast,4,2,2024-07-07,633.9033745659722,0.3438987361987034,,True,gray_between_red_segments_out_of_both_sides
northeast,4,2,2024-07-07,658.2609252929688,14.097541942196436,#CFCFCF,True,uncertainty_gt_1m
northeast,4,2,2024-07-08,647.7896452031584,0.1391652836107676,#D62728,False,
northeast,4,2,2024-07-09,647.9674112955729,0.1592906550857805,#D62728,False,
northeast,4,2,2024-07-09,648.1396484375,0.2904367793777264,#D62728,False,
northeast,4,2,2024-07-10,648.3942024075255,0.1785177066807531,#D62728,False,
northeast,4,2,2024-07-11,648.4661865234375,0.0948534610767671,#D62728,False,
northeast,4,2,2024-07-12,648.6058628119312,0.0994342648441579,#D62728,False,
northeast,4,2,2024-07-13,648.6439005533854,0.4255744288865096,#D62728,False,
northeast,4,2,2024-07-14,648.7647705078125,0.3372353568795864,#D62728,False,
northeast,4,2,2024-07-14,648.807441480232,0.1364973257106068,#D62728,False,
northeast,4,2,2024-07-15,658.09033203125,0.4197168031834698,,True,gray_between_red_segments_out_of_both_sides
northeast,4,2,2024-07-16,649.129398469002,0.4898551778701146,#D62728,False,
northeast,4,2,2024-07-18,649.2084147135416,0.872457774606105,#D62728,False,
northeast,4,2,2024-07-19,649.672108968099,0.5112724446064085,#D62728,False,
northeast,4,2,2024-07-19,649.5720825195312,0.2829867843643706,#D62728,False,
northeast,4,2,2024-07-23,650.2386474609375,0.1009299258797146,#D62728,False,
northeast,4,2,2024-07-24,650.4299926757812,0.1520143573814631,#D62728,False,
northeast,4,2,2024-07-27,635.2913318980824,0.4451787813246324,,True,gray_between_red_segments_out_of_both_sides
northeast,4,2,2024-07-28,650.5706176757812,0.1389429336425049,#D62728,False,
northeast,4,2,2024-07-29,676.5328674316406,0.8658785642864256,,True,gray_between_red_segments_out_of_both_sides
northeast,4,2,2024-07-30,650.7479553222656,0.1262372830964584,#D62728,False,
northeast,4,2,2024-07-30,650.72265625,0.1845735304286281,#D62728,False,
northeast,4,2,2024-07-31,650.8346557617188,0.1050853462627472,#D62728,False,
northeast,4,2,2024-08-01,650.831298828125,0.098194494930644,#D62728,False,
northeast,4,2,2024-08-02,650.9094848632812,0.1373392720586583,#D62728,False,
northeast,4,2,2024-08-03,650.85546539642,0.1287468063379413,#D62728,False,
northeast,4,2,2024-08-04,651.1693115234375,0.3076299496004925,#D62728,False,
northeast,4,2,2024-08-04,650.9872268150592,0.2345136571927964,#D62728,False,
northeast,4,2,2024-08-05,651.16259765625,0.2053157769633241,#D62728,False,
northeast,4,2,2024-08-05,650.88232421875,0.0,#D62728,False,
northeast,4,2,2024-08-06,651.2726745605469,0.4111442491583726,#D62728,False,
northeast,4,2,2024-08-07,638.0336685180664,0.8014470678149457,,True,gray_between_red_segments_out_of_both_sides
northeast,4,2,2024-08-08,651.1754105730755,0.1906744296502248,#D62728,False,
northeast,4,2,2024-08-09,651.1734992825255,0.2088731070750351,#D62728,False,
northeast,4,2,2024-08-09,651.2259216308594,0.1674834449602564,#D62728,False,
northeast,4,2,2024-08-10,651.2960815429688,0.2352199873785508,#D62728,False,
northeast,4,2,2024-08-11,651.2267456054688,0.0967890520415569,#D62728,False,
northeast,4,2,2024-08-12,651.1862182617188,0.1034971197917594,#D62728,False,
northeast,4,2,2024-08-12,651.1862182617188,0.1034971197917594,#D62728,False,
northeast,4,2,2024-08-13,651.1838989257812,0.1377373669480218,#D62728,False,
northeast,4,2,2024-08-14,651.3342590332031,0.2361764704956848,#D62728,False,
northeast,4,2,2024-08-14,651.2744445800781,0.198398052375392,#D62728,False,
northeast,50,1,2024-07-05,709.6243896484375,0.1824412094112006,#CFCFCF,False,
northeast,50,1,2024-07-06,711.3082275390625,0.273294412878575,#D62728,False,
northeast,50,1,2024-07-06,711.322265625,0.223849323672954,#D62728,False,
northeast,50,1,2024-07-07,711.9732971191406,0.168789607881301,#D62728,False,
northeast,50,1,2024-07-08,711.8347695235807,0.198374576610245,#D62728,False,
northeast,50,1,2024-07-09,711.7174613402062,0.2471149567877048,#D62728,False,
northeast,50,1,2024-07-10,711.5098753337619,0.4345289464012511,#D62728,False,
northeast,50,1,2024-07-11,711.5180053710938,0.4830066833951433,#D62728,False,
northeast,50,1,2024-07-12,711.16845703125,0.3293342568009086,#D62728,False,
northeast,50,1,2024-07-13,710.8745463053385,0.2885062431542394,#D62728,False,
northeast,50,1,2024-07-14,710.7376453296558,0.2694389352292012,#D62728,False,
northeast,50,1,2024-07-15,710.6436767578125,0.2270190742875755,#D62728,False,
northeast,50,1,2024-07-16,710.6312255859375,0.2219637273483852,#D62728,False,
northeast,50,1,2024-07-17,710.6862182617188,0.2432835391077338,#D62728,False,
northeast,50,1,2024-07-17,710.755615234375,0.342486765748862,#D62728,False,
northeast,50,1,2024-07-18,710.5110473632812,0.2689328359387755,#D62728,False,
northeast,50,1,2024-07-19,710.818368646163,0.3115702905903992,#D62728,False,
northeast,50,1,2024-07-23,709.5031716086647,0.4184918550020124,#D62728,False,
northeast,50,1,2024-07-24,709.0671691894531,0.2712896258041323,#D62728,False,
northeast,50,1,2024-07-26,708.781689453125,0.224436223834071,#D62728,False,
northeast,50,1,2024-07-27,708.6156616210938,0.2925555357619745,#D62728,False,
northeast,50,1,2024-07-27,708.5278930664062,0.3129287475780239,#D62728,False,
northeast,50,1,2024-07-28,708.6802978515625,0.2933210301805201,#D62728,False,
northeast,50,1,2024-07-29,708.725927734375,0.340998678768295,#D62728,False,
northeast,50,1,2024-07-30,708.245361328125,0.0,#D62728,False,
northeast,50,1,2024-07-31,708.7524686772773,0.4518819110031427,#D62728,False,
northeast,50,1,2024-08-03,708.5838957012825,0.4531662228104188,#D62728,False,
northeast,50,1,2024-08-04,709.15771484375,0.3781788587597785,,True,local_max_extreme_gt_1m
northeast,50,1,2024-08-05,708.2639770507812,0.2969963175290164,#D62728,False,
northeast,50,1,2024-08-06,708.3305053710938,0.2563879192733675,#D62728,False,
northeast,50,1,2024-08-07,708.2019653320312,0.2300212641830805,#D62728,False,
northeast,50,1,2024-08-07,708.0225524902344,0.469994618702884,#D62728,False,
northeast,50,1,2024-08-08,708.2386779785156,0.2801619444652619,#D62728,False,
northeast,50,1,2024-08-09,708.3525390625,0.2357506926426502,#D62728,False,
northeast,50,1,2024-08-10,708.1839904785156,0.3388325729486173,#D62728,False,
northeast,50,1,2024-08-10,708.1839904785156,0.3388325729486173,#D62728,False,
northeast,50,1,2024-08-11,708.3206566343916,0.4420090246724145,#D62728,False,
northeast,50,1,2024-08-12,708.2861773173014,0.2336595327623636,#D62728,False,
northeast,50,1,2024-08-12,708.2861773173014,0.2336595327623636,#D62728,False,
northeast,50,1,2024-08-13,708.2610896183894,0.4481666118822122,#D62728,False,
northeast,51,1,2024-07-05,685.4164628009407,0.4297468565972783,#D62728,False,
northeast,51,1,2024-07-06,686.5943603515625,0.2370414591286138,#D62728,False,
northeast,51,1,2024-07-06,686.5687866210938,0.1908790440209158,#D62728,False,
northeast,51,1,2024-07-07,687.4757080078125,0.2424185688218507,#D62728,False,
northeast,51,1,2024-07-07,687.4744873046875,0.3784537999487171,#D62728,False,
northeast,51,1,2024-07-08,688.06103515625,0.3622675545497327,#D62728,False,
northeast,51,1,2024-07-09,688.4695027669271,0.2562681983955467,#D62728,False,
northeast,51,1,2024-07-10,688.3213500976562,0.4730580642880723,#D62728,False,
northeast,51,1,2024-07-11,703.8531549627131,1.110189275516968,#CFCFCF,True,uncertainty_gt_1m
northeast,51,1,2024-07-12,687.8545532226562,0.203435165502862,#D62728,False,
northeast,51,1,2024-07-13,703.0972707648026,0.3690823470599514,,True,gray_between_red_segments_out_of_both_sides
northeast,51,1,2024-07-14,671.7589111328125,1.913736460211836,#CFCFCF,True,uncertainty_gt_1m
northeast,51,1,2024-07-15,687.1217041015625,0.4232860752283245,#D62728,False,
northeast,51,1,2024-07-16,686.8791809082031,0.3440789365963989,#D62728,False,
northeast,51,1,2024-07-16,686.994384765625,0.1952976179568278,#D62728,False,
northeast,51,1,2024-07-17,686.785400390625,0.2231921774282797,#D62728,False,
northeast,51,1,2024-07-17,686.7979736328125,0.2329539239120277,#D62728,False,
northeast,51,1,2024-07-18,686.39208984375,0.3987261659997196,#D62728,False,
northeast,51,1,2024-07-19,686.5720520019531,0.4504031476723044,#D62728,False,
northeast,51,1,2024-07-23,684.9435424804688,0.2418636324961605,#D62728,False,
northeast,51,1,2024-07-24,684.7618885387074,0.4746284411458153,#D62728,False,
northeast,51,1,2024-07-26,684.6742553710938,0.3583044465085802,#D62728,False,
northeast,51,1,2024-07-27,684.372802734375,0.2180342520853152,#D62728,False,
northeast,51,1,2024-07-27,684.4974975585938,0.2453904833032776,#D62728,False,
northeast,51,1,2024-07-28,684.424072265625,0.4899889913950624,#D62728,False,
northeast,51,1,2024-07-28,684.2811584472656,0.4286411528391673,#D62728,False,
northeast,51,1,2024-07-29,684.3189900716146,0.6712114981682802,#D62728,False,
northeast,51,1,2024-07-30,684.795654296875,0.4807889696803225,#D62728,False,
northeast,51,1,2024-07-31,684.5429382324219,0.3130235739532186,#D62728,False,
northeast,51,1,2024-08-01,684.3476001636402,0.2108657411575522,#D62728,False,
northeast,51,1,2024-08-02,700.654307047526,0.3490574372774504,,True,gray_between_red_segments_out_of_both_sides
northeast,51,1,2024-08-03,684.4951354069497,0.389711351171187,#D62728,False,
northeast,51,1,2024-08-04,684.9098205566406,0.3716001718257077,#D62728,False,
northeast,51,1,2024-08-05,684.3477783203125,0.35625313152005,#D62728,False,
northeast,51,1,2024-08-06,684.3424682617188,0.3193177246697881,#D62728,False,
northeast,51,1,2024-08-06,684.2361755371094,0.2580897880215152,#D62728,False,
northeast,52,1,2024-07-05,599.6396179199219,0.1475858827074426,#D62728,False,
northeast,52,1,2024-07-06,599.8086547851562,0.1982877753801889,#D62728,False,
northeast,52,1,2024-07-06,599.7944641113281,0.2237876478584537,#D62728,False,
northeast,52,1,2024-07-07,600.1836547851562,0.1478815413485946,#D62728,False,
northeast,52,1,2024-07-08,600.866943359375,0.1099574844445954,#D62728,False,
northeast,52,1,2024-07-09,601.4784443165996,0.1309818799154551,#D62728,False,
northeast,52,1,2024-07-10,616.1162591231497,0.4722944223222631,,True,gray_between_red_segments_out_of_both_sides
northeast,52,1,2024-07-11,601.1392551697406,0.2191970805188945,#D62728,False,
northeast,52,1,2024-07-12,606.5986938476562,0.0,,True,gray_between_red_segments_out_of_both_sides
northeast,52,1,2024-07-13,617.4853221752026,0.4994051719084246,,True,gray_between_red_segments_out_of_both_sides
northeast,52,1,2024-07-14,600.8977355957031,0.1290890897868452,#D62728,False,
northeast,52,1,2024-07-15,600.7523498535156,0.2368242831043098,#D62728,False,
northeast,52,1,2024-07-16,600.5856323242188,0.35272233721525,#D62728,False,
northeast,52,1,2024-07-16,600.7263488769531,0.1684027195688115,#D62728,False,
northeast,52,1,2024-07-17,600.7026977539062,0.1360983553276472,#D62728,False,
northeast,52,1,2024-07-17,600.7095947265625,0.2435564150127616,#D62728,False,
northeast,52,1,2024-07-18,600.3782348632812,0.1697245604224206,#D62728,False,
northeast,52,1,2024-07-19,600.6961669921875,0.1277031248582149,#D62728,False,
northeast,52,1,2024-07-23,603.1908162434896,6.695504105395734,#CFCFCF,True,uncertainty_gt_1m
northeast,52,1,2024-07-24,599.5823040008545,0.1935679801008872,#D62728,False,
northeast,52,1,2024-07-26,599.1425170898438,0.0800502473000638,#D62728,False,
northeast,52,1,2024-07-27,598.9008178710938,0.4582522502977919,#D62728,False,
northeast,52,1,2024-07-27,598.9447021484375,0.1680422461045876,#D62728,False,
northeast,52,1,2024-07-28,596.8519287109375,3.5033377597678714,#CFCFCF,True,uncertainty_gt_1m
northeast,52,1,2024-07-30,601.688703264509,7.510179445063169,#CFCFCF,True,uncertainty_gt_1m
northeast,52,1,2024-07-31,598.9778747558594,0.2699422310180955,#D62728,False,
northeast,52,1,2024-08-01,598.9996948242188,0.2344470575358058,#D62728,False,
northeast,52,1,2024-08-02,598.5693359375,0.2479033777025359,#D62728,False,
northeast,52,1,2024-08-03,598.9820092773438,0.4886579936576965,#D62728,False,
northeast,52,1,2024-08-04,599.0026245117188,0.2529662271830913,#D62728,False,
northeast,52,1,2024-08-05,598.9886474609375,0.2165666284408703,#D62728,False,
northeast,52,1,2024-08-06,598.7841796875,0.1813502308160861,#D62728,False,
northeast,52,1,2024-08-06,598.80908203125,0.1367786173073812,#D62728,False,
northeast,52,1,2024-08-07,598.706298828125,0.1441679254632631,#D62728,False,
northeast,52,1,2024-08-07,598.6802978515625,0.3056056533803531,#D62728,False,
northeast,52,1,2024-08-08,598.6490783691406,0.091740410649641,#D62728,False,
northeast,52,1,2024-08-09,598.6606750488281,0.1169943741635018,#D62728,False,
northeast,52,1,2024-08-10,600.6671691894531,1.6352462830265686,#D62728,True,uncertainty_gt_1m
northeast,52,1,2024-08-10,600.6671691894531,1.6352462830265686,#D62728,True,uncertainty_gt_1m
northeast,52,1,2024-08-11,598.4619140625,0.2403462090224888,#D62728,False,
northeast,52,1,2024-08-12,598.5219116210938,0.1878503504929912,#D62728,False,
northeast,52,1,2024-08-12,598.5219116210938,0.1878503504929912,#D62728,False,
northeast,52,1,2024-08-13,598.0897827148438,0.383161032381377,#D62728,False,
northeast,52,1,2024-08-14,597.4467366536459,2.344966590423658,#D62728,True,uncertainty_gt_1m
northeast,54,1,2024-07-09,1004.7109448242188,0.483649218108838,#D62728,False,
northeast,54,1,2024-07-09,1004.4418334960938,0.2263356809598235,#D62728,False,
northeast,54,1,2024-07-10,1004.552001953125,0.1900142701040177,#D62728,False,
northeast,54,1,2024-07-11,1004.4623107910156,0.1261765577768907,#D62728,False,
northeast,54,1,2024-07-12,1004.4646301269532,0.0687321758881177,#D62728,False,
northeast,54,1,2024-07-13,1004.46240234375,0.1928886438854012,#D62728,False,
northeast,54,1,2024-07-14,1003.369384765625,0.8406335458592906,,True,local_min_extreme_gt_1m
northeast,54,1,2024-07-15,1004.3173319498698,0.3655668049672044,#D62728,False,
northeast,54,1,2024-07-16,1020.2097554109534,17.83374248844042,#CFCFCF,True,uncertainty_gt_1m
northeast,54,1,2024-07-17,1004.5812581380208,0.3958511996838205,#D62728,False,
northeast,54,1,2024-07-18,1004.102764892578,0.4248855329246056,#D62728,False,
northeast,54,1,2024-07-19,1003.90234375,0.0,#D62728,False,
northeast,54,1,2024-07-23,1004.4802856445312,0.098510987787591,#D62728,False,
northeast,54,1,2024-07-24,1004.7210693359376,0.0950968368990283,#D62728,False,
northeast,54,1,2024-07-26,1004.9673461914062,0.1738305681035521,#D62728,False,
northeast,54,1,2024-07-27,1004.4601440429688,0.4460194448321554,#D62728,False,
northeast,54,1,2024-07-28,1004.455340576172,0.258753726634081,#D62728,False,
northeast,54,1,2024-07-30,1004.3859456380208,0.2760139464583078,#D62728,False,
northeast,54,1,2024-07-30,1004.2103881835938,0.408796939921102,#D62728,False,
northeast,54,1,2024-07-31,1004.1406539113898,0.2488028689056072,#D62728,False,
northeast,54,1,2024-08-01,1004.2092443395544,0.0670257591875961,#D62728,False,
northeast,54,1,2024-08-02,1004.1974701752532,0.1004680935135297,#D62728,False,
northeast,54,1,2024-08-03,1004.2181396484376,0.1527737443611236,#D62728,False,
northeast,54,1,2024-08-04,1004.242156982422,0.2034326741946475,#D62728,False,
northeast,54,1,2024-08-05,1004.1307373046876,0.3082849853161721,#D62728,False,
northeast,54,1,2024-08-06,1018.185312906901,18.034456272632653,#CFCFCF,True,uncertainty_gt_1m
northeast,54,1,2024-08-07,1005.0995849609376,0.9831184858114208,,True,global_max_not_supported_by_neighbors
northeast,54,1,2024-08-08,1004.1263970269096,0.245292164080979,#D62728,False,
northeast,54,1,2024-08-09,1004.1492004394532,0.2889714211380041,#D62728,False,
northeast,54,1,2024-08-09,1004.0763549804688,0.4117625126007019,#D62728,False,
northeast,54,1,2024-08-10,1004.1098188920456,0.1345212498842479,#D62728,False,
northeast,54,1,2024-08-10,1004.1098188920456,0.1345212498842479,#D62728,False,
northeast,54,1,2024-08-11,1004.1082153320312,0.1596381203286088,#D62728,False,
northeast,54,1,2024-08-12,1003.8930053710938,0.1199654252994225,#D62728,False,
northeast,54,1,2024-08-12,1003.8930053710938,0.1199654252994225,#D62728,False,
northeast,54,1,2024-08-13,1004.0613563939144,0.0878225577290417,#D62728,False,
northeast,54,1,2024-08-14,1004.093916829427,0.1398920540271579,#D62728,False,
northeast,56,1,2024-07-01,752.65146484375,0.8810650090666041,#CFCFCF,False,
northeast,56,1,2024-07-02,754.3625347042872,0.2026373540355621,#D62728,False,
northeast,56,1,2024-07-03,754.6686459681031,0.150250803013826,#D62728,False,
northeast,56,1,2024-07-04,755.0777444022042,0.1177572544044644,#D62728,False,
northeast,56,1,2024-07-05,755.668701171875,0.1385605477481191,#D62728,False,
northeast,56,1,2024-07-06,756.1539001464844,0.2802206982168772,#D62728,False,
northeast,56,1,2024-07-06,756.0669555664062,0.2089652275137438,#D62728,False,
northeast,56,1,2024-07-07,756.3121948242188,0.1757649607835087,#D62728,False,
northeast,56,1,2024-07-07,756.1624755859375,0.1749706661312825,#D62728,False,
northeast,56,1,2024-07-08,756.3225987752279,0.1349814188922713,#D62728,False,
northeast,56,1,2024-07-09,756.1799926757812,0.1166353977331735,#D62728,False,
northeast,56,1,2024-07-10,744.5003433227539,1.725507555375801,#CFCFCF,True,uncertainty_gt_1m
northeast,56,1,2024-07-11,755.8267014194543,0.2226673664951939,#D62728,False,
northeast,56,1,2024-07-12,755.6922872291422,0.3093972936181898,#D62728,False,
northeast,56,1,2024-07-13,755.4144439697266,0.1087422787866946,#D62728,False,
northeast,56,1,2024-07-14,755.324231102353,0.1332007288274226,#D62728,False,
northeast,56,1,2024-07-15,755.2877502441406,0.1860009461591138,#D62728,False,
northeast,56,1,2024-07-16,755.2156372070312,0.1908194606595687,#D62728,False,
northeast,56,1,2024-07-17,755.12060546875,0.2085574379296424,#D62728,False,
northeast,56,1,2024-07-17,755.1453857421875,0.3383396123306046,#D62728,False,
northeast,56,1,2024-07-18,754.7635498046875,0.1849264435422395,#D62728,False,
northeast,56,1,2024-07-19,755.08251953125,0.1112990237602901,#D62728,False,
northeast,56,1,2024-07-23,779.8569742838541,2.1619190882116257,#CFCFCF,True,uncertainty_gt_1m
northeast,56,1,2024-07-24,776.0827545166015,2.395602581652005,#CFCFCF,True,uncertainty_gt_1m
northeast,56,1,2024-07-26,753.88916015625,0.0,#D62728,False,
northeast,56,1,2024-07-27,753.467529296875,0.2380850138514838,#D62728,False,
northeast,56,1,2024-07-27,753.4911499023438,0.167923642663525,#D62728,False,
northeast,56,1,2024-07-28,753.3499755859375,0.0,#D62728,False,
northeast,56,1,2024-07-29,753.2157999674479,0.162847245262007,#D62728,False,
northeast,56,1,2024-07-30,753.0958251953125,0.0,#D62728,False,
northeast,56,1,2024-07-31,752.868896484375,0.1384299012264838,#D62728,False,
northeast,56,1,2024-08-01,773.7609165736607,1.4621616661910912,#CFCFCF,True,uncertainty_gt_1m
northeast,56,1,2024-08-02,752.9204711914062,0.1631024475178979,#D62728,False,
northeast,56,1,2024-08-03,752.7592428981668,0.2181815850565782,#D62728,False,
northeast,56,1,2024-08-04,752.7917785644531,0.1606753817906434,#D62728,False,
northeast,56,1,2024-08-05,752.7507934570312,0.1660459768182564,#D62728,False,
northeast,56,1,2024-08-06,752.5479125976562,0.1581156146206052,#D62728,False,
northeast,56,1,2024-08-07,752.4723510742188,0.206452056221856,#D62728,False,
northeast,56,1,2024-08-07,752.378173828125,0.2767021966595206,#D62728,False,
northeast,56,1,2024-08-08,752.4616088867188,0.1620932673213872,#D62728,False,
northeast,56,1,2024-08-09,752.4220250966598,0.1754549546564593,#D62728,False,
northeast,56,1,2024-08-10,752.5055036272321,0.2308667387578532,#D62728,False,
northeast,56,1,2024-08-10,752.5055036272321,0.2308667387578532,#D62728,False,
northeast,56,1,2024-08-11,752.5624252319336,0.3725914475389522,#D62728,False,
northeast,56,1,2024-08-12,752.3799684964694,0.402724896362142,#D62728,False,
northeast,56,1,2024-08-12,752.3799684964694,0.402724896362142,#D62728,False,
northeast,56,1,2024-08-13,752.4987182617188,0.293016706928378,#D62728,False,
northeast,58,1,2024-07-05,902.9280090332032,0.1738272061778789,#D62728,False,
northeast,58,1,2024-07-06,903.3787231445312,0.1273352182214444,#D62728,False,
northeast,58,1,2024-07-06,903.4204711914062,0.1568227295943338,#D62728,False,
northeast,58,1,2024-07-07,888.1517333984375,0.5957172168707904,,True,gray_between_red_segments_out_of_both_sides
northeast,58,1,2024-07-07,903.76220703125,0.1162215883620081,#D62728,False,
northeast,58,1,2024-07-08,904.15380859375,0.2292776213904994,#D62728,False,
northeast,58,1,2024-07-16,905.307373046875,0.1363011860402964,#D62728,False,
northeast,58,1,2024-07-16,905.2906188964844,0.1757639592613063,#D62728,False,
northeast,58,1,2024-07-17,905.3671875,0.1027897156969099,#D62728,False,
northeast,58,1,2024-07-17,905.463348388672,0.1579316614905367,#D62728,False,
northeast,58,1,2024-07-18,905.0994262695312,0.1249530599310935,#D62728,False,
northeast,58,1,2024-07-19,905.3557739257812,0.4035405240913103,#D62728,False,
northeast,58,1,2024-07-26,905.4925231933594,0.1759379232171186,#D62728,False,
northeast,58,1,2024-07-27,905.359405517578,0.1187907849507774,#D62728,False,
northeast,58,1,2024-07-27,905.3404541015624,0.1125115401388703,#D62728,False,
northeast,58,1,2024-07-28,905.1547241210938,0.333497082330403,#D62728,False,
northeast,58,1,2024-08-05,904.7940063476562,0.4315730921294046,#D62728,False,
northeast,58,1,2024-08-06,904.7447204589844,0.1332807932532768,#D62728,False,
northeast,58,1,2024-08-06,904.6260681152344,0.1765147635895453,#D62728,False,
northeast,58,1,2024-08-07,904.5578308105468,0.0889251073757134,#D62728,False,
northeast,58,1,2024-08-07,904.60546875,0.1002165501076007,#D62728,False,
northeast,58,1,2024-08-08,904.5387573242188,0.1902942435375089,#D62728,False,
northeast,58,1,2024-08-09,904.4425048828124,0.4289553963523309,#D62728,False,
northeast,59,1,2024-07-08,729.65576171875,0.0479921106371729,#D62728,False,
northeast,59,1,2024-07-09,729.9874267578125,0.1068351078478484,#D62728,False,
northeast,59,1,2024-07-10,730.3833618164062,0.1467701424094795,#D62728,False,
northeast,59,1,2024-07-11,730.5130004882812,0.109191245593716,#D62728,False,
northeast,59,1,2024-07-12,730.7086791992188,0.1014129912046944,#D62728,False,
northeast,59,1,2024-07-13,730.883544921875,0.1437653594737037,#D62728,False,
northeast,59,1,2024-07-14,730.9105224609375,0.1227661638346686,#D62728,False,
northeast,59,1,2024-07-15,731.0025024414062,0.151991835826069,#D62728,False,
northeast,59,1,2024-07-16,731.2717895507812,0.4735998736389125,#D62728,False,
northeast,59,1,2024-07-17,731.230712890625,0.4519924658081874,#D62728,False,
northeast,59,1,2024-07-18,730.8809204101562,0.2585204327966664,#D62728,False,
northeast,59,1,2024-07-19,731.3423461914062,0.1673105139787567,#D62728,False,
northeast,59,1,2024-07-23,731.8242797851562,0.1100801143914586,#D62728,False,
northeast,5,1,2024-07-05,766.590087890625,0.0901224029467453,,True,left_gray_far_from_nearest_red_gt_3m
northeast,5,1,2024-07-05,766.5523681640625,0.2144206653956522,,True,left_gray_far_from_nearest_red_gt_3m
northeast,5,1,2024-07-06,767.3612365722656,0.126094610692878,,True,left_gray_far_from_nearest_red_gt_3m
northeast,5,1,2024-07-06,767.3133090706759,0.1579099396899378,,True,left_gray_far_from_nearest_red_gt_3m
northeast,5,1,2024-07-07,759.4200439453125,0.0,,True,left_gray_far_from_nearest_red_gt_3m
northeast,5,1,2024-07-07,756.3884622325068,11.50834360280894,#CFCFCF,True,uncertainty_gt_1m
northeast,5,1,2024-07-08,768.5206909179688,0.232234845330916,,True,left_gray_far_from_nearest_red_gt_3m
northeast,5,1,2024-07-16,770.35693359375,0.1784003645782982,#CFCFCF,False,
northeast,5,1,2024-07-16,770.4570947265624,0.2153200753742864,#CFCFCF,False,
northeast,5,1,2024-07-17,770.6073458802466,0.1245180008628601,#CFCFCF,False,
northeast,5,1,2024-07-17,770.5818481445312,0.117494811789943,#CFCFCF,False,
northeast,5,1,2024-07-18,752.7124328613281,3.060249955876468,#CFCFCF,True,uncertainty_gt_1m
northeast,5,1,2024-07-18,770.4450073242188,0.1664803176827198,#CFCFCF,False,
northeast,5,1,2024-07-19,762.6212158203125,0.0,,True,left_gray_far_from_nearest_red_gt_3m
northeast,5,1,2024-07-19,770.9684448242188,0.4383999731759495,#CFCFCF,False,
northeast,5,1,2024-07-26,772.7160034179688,0.1497858796039392,#D62728,False,
northeast,5,1,2024-07-26,772.6144409179688,0.1255559853493759,#D62728,False,
northeast,5,1,2024-07-26,765.1338547926682,0.9266943216303796,,True,gray_between_red_segments_out_of_both_sides
northeast,5,1,2024-07-27,772.6650011539459,0.1425914538004777,#D62728,False,
northeast,5,1,2024-07-27,752.6498819986979,0.1671803978328448,,True,gray_between_red_segments_out_of_both_sides
northeast,5,1,2024-07-28,772.7579377003206,0.2837424300404771,#D62728,False,
northeast,5,1,2024-07-28,772.6978260387074,0.1039572121869534,#D62728,False,
northeast,5,1,2024-08-05,773.2973022460938,0.313524149353679,#D62728,False,
northeast,5,1,2024-08-05,762.5486450195312,0.0,,True,gray_between_red_segments_out_of_both_sides
northeast,5,1,2024-08-06,773.5837707519531,0.1341666440463327,#D62728,False,
northeast,5,1,2024-08-06,773.5316793690557,0.0924387278503283,#D62728,False,
northeast,5,1,2024-08-07,749.5491352231484,0.1474537666605922,,True,gray_between_red_segments_out_of_both_sides
northeast,5,1,2024-08-07,773.5306085691861,0.133271608875619,#D62728,False,
northeast,5,1,2024-08-08,773.4412231445312,0.1712523424873921,#D62728,False,
northeast,5,1,2024-08-09,773.5164184570312,0.3419013605616441,#D62728,False,
northeast,60,1,2024-07-05,959.9806823730468,0.1838700543103354,#D62728,False,
northeast,60,1,2024-07-06,960.3976440429688,0.15488449983313,#D62728,False,
northeast,60,1,2024-07-06,960.4342041015624,0.1345356495812428,#D62728,False,
northeast,60,1,2024-07-07,960.8985595703124,0.3203717925149919,#D62728,False,
northeast,60,1,2024-07-07,960.7110595703124,0.1101771715950229,#D62728,False,
northeast,60,1,2024-07-08,961.0265502929688,0.1636177268346249,#D62728,False,
northeast,60,1,2024-07-11,961.4570393880208,0.4057688338598207,#D62728,False,
northeast,60,1,2024-07-12,961.6202923318614,0.181780031041731,#D62728,False,
northeast,60,1,2024-07-16,961.798797607422,0.1963364510096156,#D62728,False,
northeast,60,1,2024-07-16,961.84033203125,0.2059627147458098,#D62728,False,
northeast,60,1,2024-07-17,961.898193359375,0.1730811944392268,#D62728,False,
northeast,60,1,2024-07-17,961.8406677246094,0.1135730821859404,#D62728,False,
northeast,60,1,2024-07-18,961.9382629394532,5.591078435709513,#D62728,True,uncertainty_gt_1m
northeast,60,1,2024-07-18,961.53125,0.1670082611372182,#D62728,False,
northeast,60,1,2024-07-19,961.9185180664062,0.2657683423855115,#D62728,False,
northeast,60,1,2024-07-23,962.5083330939798,0.1633168888292699,,True,global_max_not_supported_by_neighbors
northeast,60,1,2024-07-26,961.5665893554688,0.1451463773107053,#D62728,False,
northeast,60,1,2024-07-27,961.5852355957032,0.1497662405873098,#D62728,False,
northeast,60,1,2024-07-27,961.5494995117188,0.0997950385226659,#D62728,False,
northeast,60,1,2024-07-28,958.843505859375,0.0,,True,gray_between_red_segments_out_of_both_sides
northeast,60,1,2024-07-28,933.6473039899554,0.4440631023744538,,True,gray_between_red_segments_out_of_both_sides
northeast,60,1,2024-08-01,958.0764892578125,2.9413685449207434,#CFCFCF,True,uncertainty_gt_1m
northeast,60,1,2024-08-02,964.1570295854048,4.9107199675225885,#CFCFCF,True,uncertainty_gt_1m
northeast,60,1,2024-08-05,961.88330078125,0.3799418802647438,#D62728,False,
northeast,60,1,2024-08-06,961.8809814453124,0.1522211947874409,#D62728,False,
northeast,60,1,2024-08-06,961.824809074402,0.1221072433820546,#D62728,False,
northeast,60,1,2024-08-07,961.7673645019532,0.1780460093042916,#D62728,False,
northeast,60,1,2024-08-07,961.829833984375,0.0726822757196995,#D62728,False,
northeast,60,1,2024-08-08,961.9283752441406,0.0639047549134256,#D62728,False,
northeast,60,1,2024-08-08,961.8578491210938,0.1515834625890083,#D62728,False,
northeast,60,1,2024-08-09,961.7698364257812,0.2999804277810981,#D62728,False,
northeast,60,1,2024-08-12,949.8655395507812,14.545666410113654,#D62728,True,uncertainty_gt_1m
northeast,60,1,2024-08-12,949.8655395507812,14.545666410113654,#D62728,True,uncertainty_gt_1m
northeast,60,1,2024-08-13,961.7570146833148,0.2817571393266846,#D62728,False,
northeast,61,1,2024-07-01,373.1516483218171,0.1581057625884204,#D62728,False,
northeast,61,1,2024-07-02,372.350594656808,0.1328045696741256,#D62728,False,
northeast,61,1,2024-07-03,371.7764434814453,0.3777494030221576,#D62728,False,
northeast,61,1,2024-07-03,371.7900147555167,0.1481950722722985,#D62728,False,
northeast,61,1,2024-07-04,372.0846710205078,0.2073451347765016,#D62728,False,
northeast,61,1,2024-07-04,371.56600641800185,0.1582707935115349,#D62728,False,
northeast,61,1,2024-07-05,371.6082328600761,0.1482809931337929,#D62728,False,
northeast,62,1,2024-07-07,791.1853332519531,0.1266856437296001,,True,left_gray_far_from_nearest_red_gt_3m
northeast,62,1,2024-07-07,791.2459106445312,0.1475630812303168,,True,left_gray_far_from_nearest_red_gt_3m
northeast,62,1,2024-07-08,787.023931594122,2.752489394676217,#CFCFCF,True,uncertainty_gt_1m
northeast,62,1,2024-07-08,792.0787048339844,0.3799536500841618,#CFCFCF,False,
northeast,62,1,2024-07-15,794.4069417317709,0.1668320174412867,#D62728,False,
northeast,62,1,2024-07-16,794.6061096191406,0.1849759135619318,#D62728,False,
northeast,62,1,2024-07-16,794.6374111833244,0.1179271276117102,#D62728,False,
northeast,62,1,2024-07-17,794.8306274414062,0.1673539166152416,#D62728,False,
northeast,62,1,2024-07-17,794.87158203125,0.1478558583214358,#D62728,False,
northeast,62,1,2024-07-18,794.8933035714285,0.1266244610462928,#D62728,False,
northeast,62,1,2024-07-18,794.4664001464844,0.2865185128476244,#D62728,False,
northeast,62,1,2024-07-19,772.7123413085938,0.0,,True,right_gray_below_global_red_min_gt_3m
northeast,62,1,2024-07-26,789.1030883789062,0.0,,True,right_gray_below_global_red_min_gt_3m
northeast,62,1,2024-07-26,787.9067687988281,0.6621436561640567,,True,right_gray_below_global_red_min_gt_3m
northeast,63,1,2024-07-05,727.5714111328125,0.1680642183176685,#D62728,False,
northeast,63,1,2024-07-05,721.5943145751953,2.825579218565193,#CFCFCF,True,uncertainty_gt_1m
northeast,63,1,2024-07-06,728.0797424316406,0.1113524377254082,#D62728,False,
northeast,63,1,2024-07-06,723.261464679052,7.99090924036957,#CFCFCF,True,uncertainty_gt_1m
northeast,63,1,2024-07-07,716.2898668561663,2.1649190542909413,#CFCFCF,True,uncertainty_gt_1m
northeast,63,1,2024-07-07,728.3945922851562,0.1186856481741766,#D62728,False,
northeast,63,1,2024-07-08,727.0004272460938,0.2678185646480884,#D62728,False,
northeast,63,1,2024-07-16,726.3841552734375,0.2939329218655605,#D62728,False,
northeast,63,1,2024-07-16,713.8263549804688,1.7536818244991044,#CFCFCF,True,uncertainty_gt_1m
northeast,63,1,2024-07-17,726.3989868164062,0.1592006039234884,#D62728,False,
northeast,63,1,2024-07-17,726.426025390625,0.2373359059872094,#D62728,False,
northeast,63,1,2024-07-18,726.0130920410156,0.2538315500686575,#D62728,False,
northeast,64,1,2024-07-03,589.7240091959635,3.409306735366361,#CFCFCF,True,uncertainty_gt_1m
northeast,64,1,2024-07-04,587.6679077148438,0.1809649775598683,#D62728,False,
northeast,64,1,2024-07-05,588.1337280273438,0.1259908251963169,#D62728,False,
northeast,64,1,2024-07-06,589.4293212890625,0.2598042037115382,#D62728,False,
northeast,64,1,2024-07-07,563.2886962890625,0.0,,True,gray_between_red_segments_out_of_both_sides
northeast,64,1,2024-07-07,590.23779296875,0.23008022478562,#D62728,False,
northeast,64,1,2024-07-08,590.1170349121094,0.1935171605598911,#D62728,False,
northeast,64,1,2024-07-10,588.9320678710938,0.1221005529457588,#D62728,False,
northeast,64,1,2024-07-11,588.1993713378906,0.0790697500700923,#D62728,False,
northeast,64,1,2024-07-12,587.9452209472656,0.1599709081953868,#D62728,False,
northeast,64,1,2024-07-13,587.3291015625,0.2298922385524343,#D62728,False,
northeast,64,1,2024-07-16,586.9338989257812,0.1417313739186164,#D62728,False,
northeast,64,1,2024-07-17,586.86376953125,0.1546435717258929,#D62728,False,
northeast,64,1,2024-07-18,586.13427734375,0.1645376753752447,,True,local_min_extreme_gt_1m
northeast,64,1,2024-07-19,586.6997680664062,0.237617039028245,#D62728,False,
northeast,64,1,2024-07-23,585.7135416666666,2.323916792635443,#D62728,True,uncertainty_gt_1m
northeast,64,1,2024-07-24,586.6793701171875,0.5696775700425133,#D62728,False,
northeast,64,1,2024-07-26,585.6241149902344,0.0818026165212573,#D62728,False,
northeast,64,1,2024-07-27,588.9766845703125,0.0,,True,gray_between_red_segments_out_of_both_sides
northeast,64,1,2024-07-27,585.4589080810547,0.3943038774558152,#D62728,False,
northeast,64,1,2024-07-28,585.39404296875,0.2552654391933726,#D62728,False,
northeast,64,1,2024-07-29,585.802490234375,0.9834066843332928,#D62728,False,
northeast,64,1,2024-07-30,585.6420549665179,0.4654386770376433,#D62728,False,
northeast,64,1,2024-07-31,587.7774353027344,0.95902220365883,,True,gray_between_red_segments_out_of_both_sides
northeast,64,1,2024-08-01,585.1490112304688,0.3980346465257579,#D62728,False,
northeast,64,1,2024-08-02,586.2779628208706,1.9581791259544288,#D62728,True,uncertainty_gt_1m
northeast,64,1,2024-08-03,585.95703125,0.918374589393508,#D62728,False,
northeast,65,1,2024-07-08,562.5464477539062,0.3629086137766123,#D62728,False,
northeast,65,1,2024-07-09,563.101806640625,0.2689757245015432,#D62728,False,
northeast,65,1,2024-07-10,563.5277709960938,0.263077495198373,#D62728,False,
northeast,65,1,2024-07-13,564.3801915095403,0.2127168606097301,#D62728,False,
northeast,65,1,2024-07-14,564.55322265625,0.1082238434775598,#D62728,False,
northeast,65,1,2024-07-15,564.4534912109375,0.2066949898903088,#D62728,False,
northeast,65,1,2024-07-16,564.4454956054688,0.2575232156980921,#D62728,False,
northeast,65,1,2024-07-16,564.3363647460938,0.14079929154714,#D62728,False,
northeast,65,1,2024-07-17,564.0569458007812,0.1806542157035398,#D62728,False,
northeast,65,1,2024-07-17,564.0892944335938,0.1909726220756496,#D62728,False,
northeast,65,1,2024-07-18,563.6309204101562,0.1426287169712917,#D62728,False,
northeast,65,1,2024-07-19,563.5832824707031,0.1297319031936739,#D62728,False,
northeast,66,1,2024-07-04,839.3901143391927,0.4187318240858307,#D62728,False,
northeast,66,1,2024-07-05,840.2380190248842,1.429414798483049,#D62728,True,uncertainty_gt_1m
northeast,66,1,2024-07-06,840.0896996392144,0.4103521790328381,#D62728,False,
northeast,66,1,2024-07-07,840.1355084505948,0.9965203240906556,#D62728,False,
northeast,66,1,2024-07-08,840.2674679226345,0.3979535705754912,#D62728,False,
northeast,66,1,2024-07-10,841.4879105730755,0.4329213068869196,#D62728,False,
northeast,66,1,2024-07-11,841.5448678823618,0.4724969492437011,#D62728,False,
northeast,66,1,2024-07-12,841.9925304594494,0.4552384428172323,#D62728,False,
northeast,66,1,2024-07-13,842.0503540039062,0.0,#D62728,False,
northeast,66,1,2024-07-14,841.0587870279948,0.4985325796688534,,True,local_min_extreme_gt_1m
northeast,66,1,2024-07-15,842.8123006184895,1.4225632634135346,#D62728,True,uncertainty_gt_1m
northeast,66,1,2024-07-16,842.1023288302952,0.3495050909851332,#D62728,False,
northeast,66,1,2024-07-17,841.7952575683594,1.732276761694704,#D62728,True,uncertainty_gt_1m
northeast,66,1,2024-07-17,841.2716332412348,4.285578221003337,#D62728,True,uncertainty_gt_1m
northeast,66,1,2024-07-18,841.297706155216,1.031833554071786,#D62728,True,uncertainty_gt_1m
northeast,66,1,2024-07-19,842.1766700744629,0.6642210546591106,#D62728,False,
northeast,66,1,2024-07-23,843.5424165271577,0.407258938939032,#D62728,False,
northeast,66,1,2024-07-24,843.3818054199219,0.0154075391164305,#D62728,False,
northeast,66,1,2024-07-26,843.956892047012,0.3090145499199244,#D62728,False,
northeast,66,1,2024-07-27,844.0816040039062,0.425129669716506,#D62728,False,
northeast,66,1,2024-07-28,844.1573181152344,4.199211089822933,#D62728,True,uncertainty_gt_1m
northeast,66,1,2024-07-31,844.4230698805588,0.3571085958055254,#D62728,False,
northeast,66,1,2024-08-01,844.9325764973959,0.455793329486343,#D62728,False,
northeast,66,1,2024-08-02,845.3851793077257,0.403262032297247,#D62728,False,
northeast,66,1,2024-08-03,844.9391746520996,0.4941481352067002,#D62728,False,
northeast,66,1,2024-08-04,844.6388989825581,0.4618605500095439,#D62728,False,
northeast,66,1,2024-08-05,845.2939147949219,0.7088103968903852,#D62728,False,
northeast,66,1,2024-08-06,844.8455810546875,0.4733308256048762,#D62728,False,
northeast,66,1,2024-08-07,845.756003308652,3.179406612200304,#D62728,True,uncertainty_gt_1m
northeast,66,1,2024-08-07,845.1540832519531,0.3728315902794851,#D62728,False,
northeast,66,1,2024-08-08,844.6107177734375,0.0907188997835768,#D62728,False,
northeast,66,1,2024-08-09,844.5000610351562,0.4714294508791885,#D62728,False,
northeast,66,1,2024-08-10,844.7119613647461,0.4683858672640095,#D62728,False,
northeast,66,1,2024-08-10,844.7119613647461,0.4683858672640095,#D62728,False,
northeast,66,1,2024-08-11,844.95251953125,0.4623492749626306,#D62728,False,
northeast,66,1,2024-08-12,844.779248046875,1.3154746123687469,#D62728,True,uncertainty_gt_1m
northeast,66,1,2024-08-12,844.779248046875,1.3154746123687469,#D62728,True,uncertainty_gt_1m
northeast,66,1,2024-08-13,845.0000479561942,0.7092226504667918,#D62728,False,
northeast,66,1,2024-08-14,844.9929862644361,0.8930725777207774,#D62728,False,
northeast,67,1,2024-07-06,741.0159912109375,0.4953616017842219,#D62728,False,
northeast,67,1,2024-07-07,741.5099792480469,0.2562979588385419,#D62728,False,
northeast,67,1,2024-07-08,741.8076477050781,0.1783338031226176,#D62728,False,
northeast,67,1,2024-07-09,742.0549926757812,0.1637726091965625,#D62728,False,
northeast,67,1,2024-07-10,742.3408813476562,0.1120006812375183,#D62728,False,
northeast,67,1,2024-07-11,742.4822387695312,0.0943131600250384,#D62728,False,
northeast,67,1,2024-07-12,742.5597229003906,0.1004646541209274,#D62728,False,
northeast,67,1,2024-07-13,742.3932495117188,0.1462317636375262,#D62728,False,
northeast,67,1,2024-07-14,742.21630859375,0.1407108107416889,#D62728,False,
northeast,67,1,2024-07-15,742.1160278320312,0.1784962347443759,#D62728,False,
northeast,67,1,2024-07-16,742.1216430664062,0.3002252635517975,#D62728,False,
northeast,67,1,2024-07-18,741.6408081054688,0.247636517051279,#D62728,False,
northeast,67,1,2024-07-19,741.9403686523438,0.1651279506149185,#D62728,False,
northeast,67,1,2024-07-23,741.7797241210938,0.1093212842417773,#D62728,False,
northeast,67,1,2024-07-27,741.57666015625,0.3759409505813943,#D62728,False,
northeast,67,1,2024-07-28,741.4157104492188,0.2211534832904411,#D62728,False,
northeast,67,1,2024-07-30,740.7283935546875,0.0,,True,local_min_extreme_gt_1m
northeast,67,1,2024-07-31,741.2571411132812,0.1070210905990944,#D62728,False,
northeast,67,1,2024-08-01,741.1180419921875,0.1381030803724897,#D62728,False,
northeast,67,1,2024-08-02,741.04248046875,0.1309098183294878,#D62728,False,
northeast,67,1,2024-08-03,741.0743408203125,0.1411339644550789,#D62728,False,
northeast,67,1,2024-08-04,740.9771118164062,0.1212338675533942,#D62728,False,
northeast,67,1,2024-08-05,740.96923828125,0.2197296779945311,#D62728,False,
northeast,67,1,2024-08-06,741.0538024902344,0.2693117293321539,#D62728,False,
northeast,67,1,2024-08-08,740.9447021484375,0.1916480461682747,#D62728,False,
northeast,67,1,2024-08-09,740.9598388671875,0.1200709341793997,#D62728,False,
northeast,67,1,2024-08-10,740.989013671875,0.1588429858427753,#D62728,False,
northeast,67,1,2024-08-10,740.989013671875,0.1588429858427753,#D62728,False,
northeast,67,1,2024-08-11,740.93359375,0.1771710865837021,#D62728,False,
northeast,67,1,2024-08-12,740.8729248046875,0.1650619401971576,#D62728,False,
northeast,67,1,2024-08-12,740.8729248046875,0.1650619401971576,#D62728,False,
northeast,67,1,2024-08-13,740.9057006835938,0.1675070409324962,#D62728,False,
northeast,67,1,2024-08-14,741.0548706054688,0.171606932938487,#D62728,False,
northeast,68,1,2024-07-06,892.7843627929688,0.1600521756792615,#D62728,False,
northeast,68,1,2024-07-07,892.9776611328125,0.2258331069143669,#D62728,False,
northeast,68,1,2024-07-08,893.0824584960938,0.1787096842757862,#D62728,False,
northeast,68,1,2024-07-09,893.2203674316406,0.112979701879505,#D62728,False,
northeast,68,1,2024-07-10,893.4583129882812,0.0889363739488739,#D62728,False,
northeast,68,1,2024-07-11,893.677978515625,0.097463684816156,#D62728,False,
northeast,68,1,2024-07-12,893.8135375976562,0.068409134259059,#D62728,False,
northeast,68,1,2024-07-13,893.8195190429688,0.1396600864858422,#D62728,False,
northeast,68,1,2024-07-14,893.9468688964844,0.1566489423836778,#D62728,False,
northeast,68,1,2024-07-15,893.9368286132812,0.1392234678713468,#D62728,False,
northeast,68,1,2024-07-16,893.9107666015625,0.2031464946335243,#D62728,False,
northeast,68,1,2024-07-17,894.0147705078125,0.3337280292998721,#D62728,False,
northeast,68,1,2024-07-18,893.5556030273438,0.2032673974142423,#D62728,False,
northeast,68,1,2024-07-19,894.1161499023438,0.2302689530001923,#D62728,False,
northeast,68,1,2024-07-23,894.6366577148438,0.0922233487979559,#D62728,False,
northeast,68,1,2024-07-24,894.5675354003906,0.183102788489956,#D62728,False,
northeast,68,1,2024-07-27,892.0991516113281,0.3469385381231567,#D62728,False,
northeast,68,1,2024-07-28,892.2053592566288,0.2398560498793763,#D62728,False,
northeast,68,1,2024-07-31,892.9927062988281,0.1172699405367424,#D62728,False,
northeast,68,1,2024-08-01,893.2459106445312,0.0834754138276101,#D62728,False,
northeast,68,1,2024-08-02,893.2182006835938,0.0876839661281312,#D62728,False,
northeast,68,1,2024-08-03,893.2298583984375,0.125645386367686,#D62728,False,
northeast,68,1,2024-08-04,893.2378845214844,0.1329849049763085,#D62728,False,
northeast,68,1,2024-08-05,893.3539428710938,0.1636977814278847,#D62728,False,
northeast,68,1,2024-08-06,893.4547424316406,0.2148312102704616,#D62728,False,
northeast,68,1,2024-08-07,893.5126037597656,0.3334317935514491,#D62728,False,
northeast,68,1,2024-08-08,893.4633178710938,0.2058621709905567,#D62728,False,
northeast,68,1,2024-08-09,893.3355102539062,0.1464450793865548,#D62728,False,
northeast,68,1,2024-08-10,893.4744262695312,0.183888083604418,#D62728,False,
northeast,68,1,2024-08-10,893.4744262695312,0.183888083604418,#D62728,False,
northeast,68,1,2024-08-11,893.3815002441406,0.1156022157334018,#D62728,False,
northeast,68,1,2024-08-12,893.3438110351562,0.1354556438646394,#D62728,False,
northeast,68,1,2024-08-12,893.3438110351562,0.1354556438646394,#D62728,False,
northeast,68,1,2024-08-13,893.2208251953125,0.1178777311378544,#D62728,False,
northeast,69,1,2024-06-29,508.6772893861283,0.3206395389258055,#D62728,False,
northeast,69,1,2024-06-30,494.20509338378906,1.185206431048459,#D62728,True,uncertainty_gt_1m
northeast,69,1,2024-07-01,495.26756795247394,7.497263846897969,#D62728,True,uncertainty_gt_1m
northeast,69,1,2024-07-02,490.365673828125,0.1095790930067044,,True,gray_between_red_segments_out_of_both_sides
northeast,69,1,2024-07-03,509.66720815805286,0.1450419265487966,#D62728,False,
northeast,69,1,2024-07-04,510.44825744628906,0.1586379961618921,#D62728,False,
northeast,69,1,2024-07-05,510.0806579589844,0.1323374517580433,#D62728,False,
northeast,69,1,2024-07-06,510.3294026142842,0.1087770882412895,#D62728,False,
northeast,69,1,2024-07-07,508.2918701171875,0.2941979797273262,#CFCFCF,False,
northeast,6,1,2024-07-07,677.3343200683594,0.0827167109110361,#CFCFCF,False,
northeast,6,1,2024-07-07,677.3582153320312,0.1792968168637205,#CFCFCF,False,
northeast,6,1,2024-07-08,677.9500732421875,0.0868986882340063,#CFCFCF,False,
northeast,6,1,2024-07-08,678.046630859375,0.0365983001981318,#CFCFCF,False,
northeast,6,1,2024-07-15,679.8677368164062,0.130355870051328,#D62728,False,
northeast,6,1,2024-07-16,679.9336853027344,0.1755858892922512,#D62728,False,
northeast,6,1,2024-07-16,679.9422607421875,0.103664281170818,#D62728,False,
northeast,6,1,2024-07-17,680.052734375,0.1317951971223559,#D62728,False,
northeast,6,1,2024-07-17,680.1458129882812,0.1665527738005309,#D62728,False,
northeast,6,1,2024-07-18,680.0966796875,0.1418350839495329,#D62728,False,
northeast,6,1,2024-07-18,679.585205078125,0.351267796589483,,True,local_min_extreme_gt_1m
northeast,6,1,2024-07-19,680.3500084510216,0.1117487425694923,,True,global_max_not_supported_by_neighbors
northeast,6,1,2024-07-26,677.77294921875,0.2047544939876233,#D62728,False,
northeast,6,1,2024-07-26,677.7159729003906,0.0860004960658864,#D62728,False,
northeast,6,1,2024-07-27,677.6483764648438,0.1127989005104276,#D62728,False,
northeast,6,1,2024-07-27,677.5374755859375,0.1214120900273932,#D62728,False,
northeast,6,1,2024-07-28,677.4164428710938,0.0,#D62728,False,
northeast,6,1,2024-07-28,677.3104858398438,0.161977574963104,#D62728,False,
northeast,6,1,2024-08-05,696.7218017578125,0.0,,True,gray_between_red_segments_out_of_both_sides
northeast,6,1,2024-08-06,676.28857421875,0.1338814553597724,#D62728,False,
northeast,6,1,2024-08-06,676.2997436523438,0.1373563330190058,#D62728,False,
northeast,70,1,2024-07-03,620.0690307617188,0.3830737176398801,#D62728,False,
northeast,70,1,2024-07-04,620.4866638183594,0.1185225488648049,#D62728,False,
northeast,70,1,2024-07-05,621.7344360351562,0.207228788434242,#D62728,False,
northeast,70,1,2024-07-07,624.7053527832031,0.2577686559354725,#D62728,False,
northeast,70,1,2024-07-08,625.66259765625,0.1762985301004065,#D62728,False,
northeast,70,1,2024-07-09,626.0353393554688,0.1357652339124158,#D62728,False,
northeast,70,1,2024-07-10,626.4077758789062,0.0956266996269821,#D62728,False,
northeast,70,1,2024-07-11,626.6037902832031,0.1034990303175261,#D62728,False,
northeast,70,1,2024-07-12,626.7774353027344,0.0936340189558955,#D62728,False,
northeast,70,1,2024-07-14,620.5474853515625,0.1510976971098758,#D62728,False,
northeast,70,1,2024-07-15,620.1410522460938,0.2578273739376997,#D62728,False,
northeast,70,1,2024-07-16,620.2504272460938,0.3761352590607311,#D62728,False,
northeast,70,1,2024-07-18,619.8680725097656,0.2060640027099837,#D62728,False,
northeast,70,1,2024-07-19,620.1958923339844,0.1588354734636812,#D62728,False,
northeast,70,1,2024-07-23,619.4518032073975,0.2932287439144793,#D62728,False,
northeast,70,1,2024-07-30,618.6066284179688,0.0,#D62728,False,
northeast,70,1,2024-07-31,618.5972747802734,0.3623259383503987,#D62728,False,
northeast,70,1,2024-08-01,618.1900451660156,0.787690250330447,#D62728,False,
northeast,70,1,2024-08-02,618.1492470189145,0.6291083770519948,#D62728,False,
northeast,70,1,2024-08-03,618.305409749349,0.2956117551313772,#D62728,False,
northeast,70,1,2024-08-04,618.4605407714844,0.1922014632485286,#D62728,False,
northeast,72,1,2024-07-14,931.8426021452872,0.2197200522238812,#D62728,False,
northeast,72,1,2024-07-15,931.7311833699544,0.4981179063879269,#D62728,False,
northeast,72,1,2024-07-16,931.9932250976562,0.3090160408139034,#D62728,False,
northeast,72,1,2024-07-17,931.7991943359376,0.3357146594200101,#D62728,False,
northeast,72,1,2024-07-17,932.1412658691406,0.3211146332008062,#D62728,False,
northeast,72,1,2024-07-18,955.8668932792468,25.27468416206231,#CFCFCF,True,uncertainty_gt_1m
northeast,72,1,2024-07-19,931.8952167217548,0.4906218462548607,#D62728,False,
northeast,72,1,2024-07-23,932.4304867306272,0.2291066733703972,#D62728,False,
northeast,72,1,2024-07-24,932.346507105334,0.1576497333229275,#D62728,False,
northeast,72,1,2024-07-26,932.2305587768554,0.153169711017922,#D62728,False,
northeast,72,1,2024-07-27,932.2420043945312,0.3075750737883856,#D62728,False,
northeast,72,1,2024-07-28,932.2496948242188,0.2106382615080305,#D62728,False,
northeast,72,1,2024-07-30,932.4494367327007,0.2718091889114694,#D62728,False,
northeast,72,1,2024-07-31,932.3772590023348,0.1472507477216861,#D62728,False,
northeast,72,1,2024-08-03,932.424211173222,0.498578100007247,#D62728,False,
northeast,72,1,2024-08-04,932.6069732269684,0.1876148579405794,#D62728,False,
northeast,72,1,2024-08-05,932.5718645368304,0.1798733318961203,#D62728,False,
northeast,72,1,2024-08-06,932.7373493473704,0.2038548847800659,#D62728,False,
northeast,72,1,2024-08-07,932.6959838867188,0.3582912181799984,#D62728,False,
northeast,72,1,2024-08-07,932.5962611607144,0.3180835163798822,#D62728,False,
northeast,72,1,2024-08-08,932.7887573242188,0.2550997084267052,#D62728,False,
northeast,72,1,2024-08-09,932.6849365234376,0.3263295512747873,#D62728,False,
northeast,72,1,2024-08-10,932.7713712804458,0.1510611378559585,#D62728,False,
northeast,72,1,2024-08-10,932.7713712804458,0.1510611378559585,#D62728,False,
northeast,72,1,2024-08-11,932.7506612141927,0.1562307812587784,#D62728,False,
northeast,72,1,2024-08-12,932.6434747103988,0.1929101067096952,#D62728,False,
northeast,72,1,2024-08-12,932.6434747103988,0.1929101067096952,#D62728,False,
northeast,72,1,2024-08-13,932.5126738677154,0.3029716396708417,#D62728,False,
northeast,72,1,2024-08-14,932.3510520241476,0.4706990873177287,#D62728,False,
northeast,72,2,2024-07-14,930.7807053786056,0.4267145403067591,#D62728,False,
northeast,72,2,2024-07-15,930.8749877929688,1.4154160614063145,#D62728,True,uncertainty_gt_1m
northeast,72,2,2024-07-16,930.8941180889424,0.260069886605747,#D62728,False,
northeast,72,2,2024-07-17,930.6128540039062,0.0,#D62728,False,
northeast,72,2,2024-07-18,951.128173828125,0.2081796971133149,,True,gray_between_red_segments_out_of_both_sides
northeast,72,2,2024-07-19,930.837890625,0.205981671020196,#D62728,False,
northeast,72,2,2024-07-23,931.4468884590344,0.356538924999434,#D62728,False,
northeast,72,2,2024-07-24,931.7163671376754,0.2097756477382024,#D62728,False,
northeast,72,2,2024-07-26,932.102705001831,0.1515323019510689,#D62728,False,
northeast,72,2,2024-07-27,932.1259155273438,0.234378713424636,#D62728,False,
northeast,72,2,2024-07-28,932.1871948242188,0.1339938726063409,#D62728,False,
northeast,72,2,2024-07-29,931.4678344726562,0.0010358009490037,,True,local_min_extreme_gt_1m
northeast,72,2,2024-07-30,932.1851806640624,0.1482588510393724,#D62728,False,
northeast,72,2,2024-07-31,932.3934199635576,0.1804346734836297,#D62728,False,
northeast,72,2,2024-08-01,940.4482421875,0.0,,True,gray_between_red_segments_out_of_both_sides
northeast,72,2,2024-08-04,932.5858117966424,0.1856954791910714,#D62728,False,
northeast,72,2,2024-08-05,932.5147247314452,0.240172324595885,#D62728,False,
northeast,72,2,2024-08-06,932.6476694742838,0.2557540601323182,#D62728,False,
northeast,72,2,2024-08-07,932.4924011230468,0.3494414392561741,#D62728,False,
northeast,72,2,2024-08-07,932.6268157958984,0.4082973413392383,#D62728,False,
northeast,72,2,2024-08-08,932.6555480957032,0.2580223242427389,#D62728,False,
northeast,72,2,2024-08-09,932.4160371668198,0.4261561975337706,#D62728,False,
northeast,72,2,2024-08-10,932.8251450482536,0.3285810734756919,#D62728,False,
northeast,72,2,2024-08-10,932.8251450482536,0.3285810734756919,#D62728,False,
northeast,72,2,2024-08-11,932.9593616832386,1.910882302853638,#D62728,True,uncertainty_gt_1m
northeast,72,2,2024-08-12,935.827178955078,1.479149233248353,#D62728,True,uncertainty_gt_1m
northeast,72,2,2024-08-12,935.827178955078,1.479149233248353,#D62728,True,uncertainty_gt_1m
northeast,72,2,2024-08-13,936.9205932617188,3.233273361169516,#D62728,True,uncertainty_gt_1m
northeast,72,2,2024-08-14,931.0607543945312,2.095538115680703,#CFCFCF,True,uncertainty_gt_1m
northeast,73,1,2024-07-05,819.6040954589844,0.3113186774094044,#D62728,False,
northeast,73,1,2024-07-05,819.7183532714844,0.1166931421868687,#D62728,False,
northeast,73,1,2024-07-06,819.9712829589844,0.1770656665680857,#D62728,False,
northeast,73,1,2024-07-06,820.0921020507812,0.1125625848761761,#D62728,False,
northeast,73,1,2024-07-07,820.3923950195312,0.1054077890719697,#D62728,False,
northeast,73,1,2024-07-07,820.3045654296875,0.162936121330323,#D62728,False,
northeast,73,1,2024-07-08,820.5057373046875,0.1178507913550878,#D62728,False,
northeast,73,1,2024-07-09,820.8048471304087,0.1282218753845227,#D62728,False,
northeast,73,1,2024-07-14,810.7732872596154,0.2221790137921863,,True,gray_between_red_segments_out_of_both_sides
northeast,73,1,2024-07-15,821.1181030273438,0.1460409937708377,#D62728,False,
northeast,73,1,2024-07-16,821.2404174804688,0.2090680305207446,#D62728,False,
northeast,73,1,2024-07-16,821.1386108398438,0.1194699563741203,#D62728,False,
northeast,73,1,2024-07-17,821.1849670410156,0.1798585917736856,#D62728,False,
northeast,73,1,2024-07-17,821.2229614257812,0.1979762729718062,#D62728,False,
northeast,73,1,2024-07-18,821.1019897460938,0.1532316726447332,#D62728,False,
northeast,73,1,2024-07-18,820.7731323242188,0.2844746274479561,#D62728,False,
northeast,73,1,2024-07-19,821.3718052455357,0.1034214371812844,,True,global_max_not_supported_by_neighbors
northeast,73,1,2024-07-26,819.0141906738281,0.1901187890414916,#D62728,False,
northeast,73,1,2024-07-26,819.0614624023438,0.097565101318621,#D62728,False,
northeast,73,1,2024-07-27,819.0177001953125,0.2959453952647575,#D62728,False,
northeast,73,1,2024-07-27,818.946533203125,0.1414591042659119,#D62728,False,
northeast,73,1,2024-07-28,819.0028991699219,0.111555979861015,#D62728,False,
northeast,73,1,2024-07-28,818.66748046875,0.0,#D62728,False,
northeast,73,1,2024-07-29,819.1464233398438,0.0929523800213935,#D62728,False,
northeast,73,1,2024-07-30,813.7320861816406,5.846461232814985,#CFCFCF,True,uncertainty_gt_1m
northeast,73,1,2024-08-04,809.7693713960193,0.3040103941537838,,True,gray_between_red_segments_out_of_both_sides
northeast,73,1,2024-08-05,818.839619140625,0.1745756340353878,#D62728,False,
northeast,74,1,2024-07-14,580.6032824753802,0.2761397778108079,#D62728,False,
northeast,74,1,2024-07-15,580.460231642649,0.3177320396376596,#D62728,False,
northeast,74,1,2024-07-16,580.2624933980462,0.2600053005840781,#D62728,False,
northeast,74,1,2024-07-16,580.2579015220084,0.2944251789173487,#D62728,False,
northeast,74,1,2024-07-17,580.220110724954,0.3003265113982363,#D62728,False,
northeast,74,1,2024-07-17,580.2183837890625,0.253850108271985,#D62728,False,
northeast,74,1,2024-07-18,579.982423644135,0.4659301917950336,#D62728,False,
northeast,74,1,2024-07-19,589.6371002197266,16.868161981636163,#CFCFCF,True,uncertainty_gt_1m
northeast,74,1,2024-07-24,582.5242919921875,0.0,,True,gray_between_red_segments_out_of_both_sides
northeast,74,1,2024-07-26,579.5895080566406,0.3007904874964044,#D62728,False,
northeast,74,1,2024-07-26,579.5814694517326,0.281112736055405,#D62728,False,
northeast,74,1,2024-07-27,579.5315948016827,0.3174682476699109,#D62728,False,
northeast,74,1,2024-07-27,579.5,0.2939794890569015,#D62728,False,
northeast,74,1,2024-07-28,579.2545434134347,0.4591672504505131,#D62728,False,
northeast,74,1,2024-07-28,579.3765258789062,0.4729397438189303,#D62728,False,
northeast,74,1,2024-07-29,580.2003784179688,0.1411278793017584,,True,local_max_extreme_gt_1m
northeast,74,1,2024-08-04,579.1944209864882,0.2773752678638274,#D62728,False,
northeast,74,1,2024-08-05,578.8681945800781,0.4840132187671141,#D62728,False,
northeast,74,1,2024-08-05,579.0935517317095,0.3453407929030556,#D62728,False,
northeast,74,1,2024-08-06,578.9393310546875,0.2605514075964528,#D62728,False,
northeast,74,1,2024-08-06,578.8255279431634,0.2813839663757135,#D62728,False,
northeast,74,1,2024-08-07,578.6473314238758,0.2954282268575917,#D62728,False,
northeast,74,1,2024-08-07,578.6039428710938,0.3144098509475641,#D62728,False,
northeast,74,1,2024-08-08,578.4080974872296,0.3586899589405996,#D62728,False,
northeast,75,1,2024-06-23,773.5729370117188,0.1622361771861745,#D62728,False,
northeast,75,1,2024-06-24,773.966064453125,0.1403799746118413,#D62728,False,
northeast,75,1,2024-06-24,774.0073258683489,0.1049321464952074,#D62728,False,
northeast,75,1,2024-06-25,774.4086303710938,0.2609532634042859,#D62728,False,
northeast,75,1,2024-06-26,767.6413879394531,5.2825416815461566,#CFCFCF,True,uncertainty_gt_1m
northeast,75,1,2024-06-26,777.0860900878906,1.097939195174088,#CFCFCF,True,uncertainty_gt_1m
northeast,75,1,2024-06-27,774.7348022460938,0.1647005777056073,#D62728,False,
northeast,75,1,2024-06-28,775.5795288085938,0.9291029289599448,#D62728,False,
northeast,75,1,2024-06-29,775.256103515625,0.0924574211518661,#D62728,False,
northeast,75,1,2024-06-30,775.46337890625,0.0772292838967739,#D62728,False,
northeast,75,1,2024-07-01,775.6735534667969,0.1161439712235557,#D62728,False,
northeast,75,1,2024-07-02,775.8489074707031,0.0490710699590517,#D62728,False,
northeast,75,1,2024-07-03,775.949480329241,0.0773241859176908,#D62728,False,
northeast,75,1,2024-07-04,776.8765869140625,0.2234727346205883,,True,local_max_extreme_gt_1m
northeast,75,1,2024-07-04,776.1636962890625,0.0889320141279247,,True,local_min_extreme_gt_1m
northeast,75,1,2024-07-05,776.0558471679688,1.283837590740787,#D62728,True,uncertainty_gt_1m
northeast,75,1,2024-07-06,777.1521606445312,0.5167172680354738,#D62728,False,
northeast,75,1,2024-07-07,777.0482141831342,0.4009140497980674,#D62728,False,
northeast,75,1,2024-07-08,777.0698852539062,0.2576401116275999,#D62728,False,
northeast,75,1,2024-07-09,777.2771606445312,0.0626826298031191,#D62728,False,
northeast,75,1,2024-07-09,777.3001708984375,0.2100732278334988,#D62728,False,
northeast,75,1,2024-07-10,775.1094970703125,0.1031246129627545,#CFCFCF,False,
northeast,75,1,2024-07-11,772.9908447265625,0.0819635562684273,#CFCFCF,False,
northeast,76,1,2024-07-10,831.97705078125,0.1604867877067002,#D62728,False,
northeast,76,1,2024-07-11,832.0830688476562,0.1592216508258526,#D62728,False,
northeast,76,1,2024-07-12,832.2200012207031,0.1240544786430468,#D62728,False,
northeast,76,1,2024-07-13,832.4459228515625,0.186894432937149,#D62728,False,
northeast,76,1,2024-07-14,832.649521537449,0.1898913883118582,#D62728,False,
northeast,76,1,2024-07-15,832.6628561580883,0.2671300088767152,#D62728,False,
northeast,76,1,2024-07-16,832.8715209960938,0.3907761399432302,#D62728,False,
northeast,76,1,2024-07-18,832.7813110351562,0.3339687431127586,#D62728,False,
northeast,76,1,2024-07-19,833.0120239257812,0.201524339330116,#D62728,False,
northeast,76,1,2024-07-23,832.9199829101562,0.1201243151838704,#D62728,False,
northeast,76,1,2024-07-24,832.8758544921875,0.1013240132813544,#D62728,False,
northeast,76,1,2024-07-29,832.5676879882812,0.2256319733913128,#D62728,False,
northeast,76,1,2024-07-31,832.4178466796875,0.1524069895195232,#D62728,False,
northeast,76,1,2024-08-01,832.1795654296875,0.1474115457570792,#D62728,False,
northeast,76,1,2024-08-02,831.9420471191406,0.173451907993041,#D62728,False,
northeast,76,1,2024-08-03,831.9862854500127,0.1386859431151707,#D62728,False,
northeast,76,1,2024-08-04,831.9937133789062,0.1551836357224317,#D62728,False,
northeast,76,1,2024-08-05,831.8734130859375,0.2127146659014022,#D62728,False,
northeast,76,1,2024-08-06,832.0107421875,0.3602947397304841,#D62728,False,
northeast,76,1,2024-08-08,831.5946655273438,0.2918230846060488,#D62728,False,
northeast,76,1,2024-08-09,831.6786804199219,0.2543974585609218,#D62728,False,
northeast,76,1,2024-08-10,831.5650881253756,0.1921991877950904,#D62728,False,
northeast,76,1,2024-08-10,831.5650881253756,0.1921991877950904,#D62728,False,
northeast,76,1,2024-08-11,831.5973175048828,0.2135180599455258,#D62728,False,
northeast,76,1,2024-08-12,831.5704528808594,0.1786880309954432,#D62728,False,
northeast,76,1,2024-08-12,831.5704528808594,0.1786880309954432,#D62728,False,
northeast,76,1,2024-08-13,831.5021830967495,0.1501817046979045,#D62728,False,
northeast,77,1,2024-07-01,599.8175048828125,0.2274114046789359,#D62728,False,
northeast,77,1,2024-07-02,599.9439697265625,0.0704763984996859,#D62728,False,
northeast,77,1,2024-07-03,599.9540405273438,0.093123672851253,#D62728,False,
northeast,77,1,2024-07-04,600.040771484375,0.0845041556299777,#D62728,False,
northeast,77,1,2024-07-05,600.2181396484375,0.1496706064804555,#D62728,False,
northeast,77,1,2024-07-06,600.3265075683594,0.2168286137169389,#D62728,False,
northeast,77,1,2024-07-06,600.3142700195312,0.1980629597011532,#D62728,False,
northeast,77,1,2024-07-07,600.5126342773438,0.1393740517876997,#D62728,False,
northeast,77,1,2024-07-08,600.6815185546875,0.1049271807603709,#D62728,False,
northeast,77,1,2024-07-09,600.8132934570312,0.0748579583395718,#D62728,False,
northeast,77,1,2024-07-10,608.1442153033088,8.640414497790575,#CFCFCF,True,uncertainty_gt_1m
northeast,77,1,2024-07-11,601.2620905095881,0.06832247642359,#D62728,False,
northeast,77,1,2024-07-12,601.3921508789062,0.0877902291124694,#D62728,False,
northeast,77,1,2024-07-13,601.7167663574219,0.0815824869066375,#D62728,False,
northeast,77,1,2024-07-14,601.4698486328125,0.1099568356034518,#D62728,False,
northeast,77,1,2024-07-15,601.5919799804688,0.1150382685782341,#D62728,False,
northeast,77,1,2024-07-16,601.5072021484375,0.2692391817049541,#D62728,False,
northeast,77,1,2024-07-16,601.5336303710938,0.1324695737200527,#D62728,False,
northeast,77,1,2024-07-17,601.5551147460938,0.1679773988421823,#D62728,False,
northeast,77,1,2024-07-17,601.728759765625,0.2270325541348821,#D62728,False,
northeast,77,1,2024-07-18,601.501708984375,0.1510417578945588,#D62728,False,
northeast,77,1,2024-07-19,601.9243774414062,0.1157555800608757,#D62728,False,
northeast,77,1,2024-07-23,600.7965698242188,0.1804348097492237,#D62728,False,
northeast,77,1,2024-07-24,599.9793701171875,0.1028048927673348,#D62728,False,
northeast,77,1,2024-07-26,599.6836547851562,0.1377693756553482,#D62728,False,
northeast,77,1,2024-07-27,599.6204833984375,0.1974960419036988,#D62728,False,
northeast,77,1,2024-07-27,599.6303405761719,0.1337945687207181,#D62728,False,
northeast,77,1,2024-07-30,620.843994140625,0.0,,True,gray_between_red_segments_out_of_both_sides
northeast,77,1,2024-07-31,599.4104614257812,0.0930181195308325,#D62728,False,
northeast,77,1,2024-08-01,599.4587151022519,0.0858754265967781,#D62728,False,
northeast,77,1,2024-08-02,599.355224609375,0.0,#D62728,False,
northeast,77,1,2024-08-03,599.405517578125,0.0870008326970377,#D62728,False,
northeast,77,1,2024-08-04,599.5220336914062,0.1224772347654068,#D62728,False,
northeast,77,1,2024-08-05,599.24267578125,0.2525375516383584,#D62728,False,
northeast,77,1,2024-08-06,599.336669921875,0.2493246819784538,#D62728,False,
northeast,77,1,2024-08-06,599.280517578125,0.1045975812222477,#D62728,False,
northeast,77,1,2024-08-07,599.2835388183594,0.1404927078839512,#D62728,False,
northeast,77,1,2024-08-07,599.1875610351562,0.3633064434310467,#D62728,False,
northeast,77,1,2024-08-08,599.2123413085938,0.1261736891466124,#D62728,False,
northeast,77,1,2024-08-09,599.2394002278646,0.2120106589725574,#D62728,False,
northeast,77,1,2024-08-10,599.2565511067709,0.1395023399795404,#D62728,False,
northeast,77,1,2024-08-10,599.2565511067709,0.1395023399795404,#D62728,False,
northeast,77,1,2024-08-11,599.3007550920759,0.2079248810965236,#D62728,False,
northeast,77,1,2024-08-12,599.1376342773438,0.0,#D62728,False,
northeast,77,1,2024-08-12,599.1376342773438,0.0,#D62728,False,
northeast,77,1,2024-08-13,599.1990356445312,0.1132340640866005,#D62728,False,
northeast,77,1,2024-08-14,599.0441284179688,0.0,#D62728,False,
northeast,78,1,2024-07-06,669.6695861816406,0.2457429516593282,#D62728,False,
northeast,78,1,2024-07-06,675.2953491210938,0.0,,True,gray_between_red_segments_out_of_both_sides
northeast,78,1,2024-07-07,664.8121643066406,0.1517016806561715,,True,gray_between_red_segments_out_of_both_sides
northeast,78,1,2024-07-07,670.54833984375,0.1202285147902048,#D62728,False,
northeast,78,1,2024-07-08,671.1305541992188,0.1941642501476616,#D62728,False,
northeast,78,1,2024-07-10,672.1356472439236,0.1754301085421866,#D62728,False,
northeast,78,1,2024-07-11,672.4770202636719,0.2983520981855748,#D62728,False,
northeast,78,1,2024-07-12,672.8864123774509,0.2002905030343622,#D62728,False,
northeast,78,1,2024-07-13,672.7952270507812,0.2242735824981868,#D62728,False,
northeast,78,1,2024-07-16,673.2393798828125,0.1770183847335928,#D62728,False,
northeast,78,1,2024-07-16,672.9536946614584,0.3150096919138682,#D62728,False,
northeast,78,1,2024-07-17,669.6382751464844,5.2064503852874005,#CFCFCF,True,uncertainty_gt_1m
northeast,78,1,2024-07-17,673.4049682617188,0.1331730685924425,#D62728,False,
northeast,78,1,2024-07-18,673.2044677734375,0.1578406131766291,#D62728,False,
northeast,78,1,2024-07-19,674.0482788085938,0.384109973727068,,True,global_max_not_supported_by_neighbors
northeast,78,1,2024-07-26,669.1449584960938,0.1062247150695133,#CFCFCF,False,
northeast,7,1,2024-07-05,669.0723876953125,0.3979339275633593,#CFCFCF,False,
northeast,7,1,2024-07-05,669.1102905273438,0.1285718797688582,#CFCFCF,False,
northeast,7,1,2024-07-06,671.3101196289062,0.1859913849678266,#D62728,False,
northeast,7,1,2024-07-06,671.3876342773438,0.1559958128892769,#D62728,False,
northeast,7,1,2024-07-07,671.8946533203125,0.120900117406732,#D62728,False,
northeast,7,1,2024-07-07,671.9961547851562,0.2630552406836191,#D62728,False,
northeast,7,1,2024-07-08,672.2420824746224,0.1226429921442378,#D62728,False,
northeast,7,1,2024-07-09,671.8705444335938,0.1042662161978437,#D62728,False,
northeast,7,1,2024-07-10,649.3839516664162,0.8125619949222587,,True,gray_between_red_segments_out_of_both_sides
northeast,7,1,2024-07-13,679.9255744366607,0.286193067020863,,True,gray_between_red_segments_out_of_both_sides
northeast,7,1,2024-07-14,669.0280456542969,0.1361410716643233,#D62728,False,
northeast,7,1,2024-07-15,668.7523803710938,0.1388534667677158,#D62728,False,
northeast,7,1,2024-07-16,668.470947265625,0.2424132655506811,#D62728,False,
northeast,7,1,2024-07-16,668.504638671875,0.1393023082431898,#D62728,False,
northeast,7,1,2024-07-17,668.6700439453125,0.1875774794733506,#D62728,False,
northeast,7,1,2024-07-17,668.7271118164062,0.2186297802731551,#D62728,False,
northeast,7,1,2024-07-18,668.6689453125,0.1544120693484516,#D62728,False,
northeast,7,1,2024-07-19,669.3343845993372,0.1455291744328533,,True,local_max_extreme_gt_1m
northeast,7,1,2024-07-23,677.6160049438477,0.0964101633807613,,True,gray_between_red_segments_out_of_both_sides
northeast,7,1,2024-07-24,681.3863526908913,1.2444126649317726,#CFCFCF,True,uncertainty_gt_1m
northeast,7,1,2024-07-26,665.3898315429688,0.5625666714601449,,True,local_min_extreme_gt_1m
northeast,7,1,2024-07-26,666.0648803710938,0.2746288829089244,#D62728,False,
northeast,7,1,2024-07-27,665.7196655273438,0.221936343223052,#D62728,False,
northeast,7,1,2024-07-27,665.7642211914062,0.3116039274763356,#D62728,False,
northeast,7,1,2024-07-28,665.9618530273438,0.4447982036573822,#D62728,False,
northeast,7,1,2024-07-28,665.6356811523438,0.4176588266545161,#D62728,False,
northeast,7,1,2024-07-29,667.2215576171875,0.1677161527405406,,True,edge_short_gray_above_nearest_red
northeast,80,1,2024-07-09,559.9587533133371,0.1083476130501284,#D62728,False,
northeast,80,1,2024-07-10,561.252336968316,0.1180398882018059,#D62728,False,
northeast,80,1,2024-07-11,561.2776565551758,0.1826264819453018,#D62728,False,
northeast,80,1,2024-07-12,561.5240478515625,0.080648635934861,#D62728,False,
northeast,80,1,2024-07-13,561.4051902077415,0.1482889602732042,#D62728,False,
northeast,80,1,2024-07-14,561.5038452148438,0.1348812362458089,#D62728,False,
northeast,80,1,2024-07-15,561.4586486816406,0.1235581984256261,#D62728,False,
northeast,80,1,2024-07-16,561.2925415039062,0.1904631688032943,#D62728,False,
northeast,80,1,2024-07-16,561.3135986328125,0.1273513703814563,#D62728,False,
northeast,80,1,2024-07-17,561.225830078125,0.1053772949933494,#D62728,False,
northeast,80,1,2024-07-17,561.3247375488281,0.2401185602085665,#D62728,False,
northeast,80,1,2024-07-18,560.9997863769531,0.1153759410411022,#D62728,False,
northeast,80,1,2024-07-19,561.0337110950101,0.1433845466626203,#D62728,False,
northeast,82,1,2024-07-06,722.2955932617188,0.1426703685269316,#D62728,False,
northeast,82,1,2024-07-06,722.272216796875,0.1354376005482595,#D62728,False,
northeast,82,1,2024-07-07,722.5720825195312,0.0901507358578042,#D62728,False,
northeast,82,1,2024-07-07,722.6011962890625,0.1750428943057526,#D62728,False,
northeast,82,1,2024-07-08,722.7548828125,0.2560302100935877,#D62728,False,
northeast,84,1,2024-06-29,732.0298051313921,1.4001852483880697,#D62728,True,uncertainty_gt_1m
northeast,84,1,2024-06-30,730.6983809037642,1.3091763562392285,#D62728,True,uncertainty_gt_1m
northeast,84,1,2024-07-01,730.2070840092028,0.4098261144188431,#D62728,False,
northeast,84,1,2024-07-02,730.7234419565352,0.4880429899275192,#D62728,False,
northeast,84,1,2024-07-03,730.76708984375,0.1595956460597846,#D62728,False,
northeast,84,1,2024-07-04,731.1737670898438,0.1790097047246528,#D62728,False,
northeast,84,1,2024-07-05,731.723388671875,0.1680389057562377,#D62728,False,
northeast,84,1,2024-07-06,731.4304809570312,0.2198866272875872,#D62728,False,
northeast,84,1,2024-07-06,731.3046875,0.2495220534098086,#D62728,False,
northeast,84,1,2024-07-07,730.7656860351562,0.1303101708593718,#D62728,False,
northeast,84,1,2024-07-07,730.77392578125,0.3075434503605898,#D62728,False,
northeast,84,1,2024-07-08,730.6087646484375,0.1142669015057872,#D62728,False,
northeast,84,1,2024-07-09,730.4901428222656,0.1157531564434963,#D62728,False,
northeast,84,1,2024-07-11,730.0357243464543,0.1876758024835803,#D62728,False,
northeast,84,1,2024-07-12,729.9257738836881,0.1968860871534763,#D62728,False,
northeast,84,1,2024-07-13,730.6376749674479,1.0935210642731523,#D62728,True,uncertainty_gt_1m
northeast,84,1,2024-07-14,729.7335149591619,0.3795592688540663,#D62728,False,
northeast,84,1,2024-07-15,729.4859924316406,0.1368018824901991,#D62728,False,
northeast,84,1,2024-07-16,729.2914733886719,0.3899229979743916,#D62728,False,
northeast,84,1,2024-07-16,729.3902893066406,0.168576744045408,#D62728,False,
northeast,84,1,2024-07-17,729.4231567382812,0.2235084928336388,#D62728,False,
northeast,84,1,2024-07-17,729.2974243164062,0.2647234532905152,#D62728,False,
northeast,84,1,2024-07-18,729.1815795898438,0.1469178621026191,#D62728,False,
northeast,84,1,2024-07-19,729.4258728027344,0.1399568340112335,#D62728,False,
northeast,84,1,2024-07-23,751.654062124399,7.20175235832567,#CFCFCF,True,uncertainty_gt_1m
northeast,84,1,2024-07-24,728.5552825927734,0.4425986053273186,#D62728,False,
northeast,84,1,2024-07-26,728.4313354492188,0.5588970169864479,#D62728,False,
northeast,84,1,2024-07-27,727.1248168945312,0.4776638988580838,,True,local_min_extreme_gt_1m
northeast,84,1,2024-07-27,727.7487487792969,0.1830928342129034,#D62728,False,
northeast,85,1,2024-07-04,900.3750610351562,0.0,#CFCFCF,False,
northeast,85,1,2024-07-05,918.53759765625,0.8076018155536618,,True,left_gray_far_from_nearest_red_gt_3m
northeast,85,1,2024-07-06,900.4292931189904,0.4149367448675455,#CFCFCF,False,
northeast,85,1,2024-07-06,908.9456392176012,12.41514191254346,#CFCFCF,True,uncertainty_gt_1m
northeast,85,1,2024-07-07,923.3638916015624,0.0,,True,left_gray_far_from_nearest_red_gt_3m
northeast,85,1,2024-07-08,924.5474853515624,0.0,,True,left_gray_far_from_nearest_red_gt_3m
northeast,85,1,2024-07-08,901.166766192462,0.7225349685154016,#CFCFCF,False,
northeast,85,1,2024-07-16,911.8109700520832,9.917062378310945,#CFCFCF,True,uncertainty_gt_1m
northeast,85,1,2024-07-19,903.335452609592,0.6376808990535575,#D62728,False,
northeast,85,1,2024-07-26,913.7379760742188,1.7978914972332274,#D62728,True,uncertainty_gt_1m
northeast,85,1,2024-07-26,914.3363647460938,0.0,,True,gray_between_red_segments_out_of_both_sides
northeast,85,1,2024-07-27,904.5429663564644,0.3824709925920443,,True,local_max_extreme_gt_1m
northeast,85,1,2024-07-27,926.4805501302084,1.225766637989363,#CFCFCF,True,uncertainty_gt_1m
northeast,85,1,2024-07-28,928.5925728934152,8.036061483642472,#CFCFCF,True,uncertainty_gt_1m
northeast,85,1,2024-07-28,903.899619362571,0.4809142925600252,,True,local_min_extreme_gt_1m
northeast,85,1,2024-07-29,905.018798828125,0.0,#D62728,False,
northeast,85,1,2024-08-04,902.3662719726562,0.5325743212794187,,True,gray_between_red_segments_out_of_both_sides
northeast,85,1,2024-08-06,928.8848876953124,0.0,,True,gray_between_red_segments_out_of_both_sides
northeast,85,1,2024-08-06,905.8108215332032,0.85983490450304,#D62728,False,
northeast,85,1,2024-08-07,905.7985534667968,0.4693152487552314,#D62728,False,
northeast,85,1,2024-08-08,926.6863098144532,1.7198180007020711,#CFCFCF,True,uncertainty_gt_1m
northeast,85,1,2024-08-08,905.6332397460938,0.4836425478671298,#D62728,False,
northeast,85,1,2024-08-09,905.4481252994176,0.4640626068443801,#D62728,False,
northeast,86,1,2024-07-07,561.608642578125,0.1316598573048962,#D62728,False,
northeast,86,1,2024-07-07,561.9096435546875,0.1944860741044661,#D62728,False,
northeast,86,1,2024-07-08,562.0245056152344,0.1317521617827255,#D62728,False,
northeast,86,1,2024-07-09,562.6091918945312,0.2641773864617303,#D62728,False,
northeast,86,1,2024-07-10,563.3436279296875,0.1672257570170292,#D62728,False,
northeast,86,1,2024-07-11,563.212158203125,0.0,#D62728,False,
northeast,86,1,2024-07-12,563.1580581665039,0.3175336875301066,#D62728,False,
northeast,86,1,2024-07-13,562.8039209702436,0.2155764112854069,#D62728,False,
northeast,86,1,2024-07-14,562.8726806640625,0.0861420225708933,#D62728,False,
northeast,86,1,2024-07-15,562.75927734375,0.0974431650683695,#D62728,False,
northeast,86,1,2024-07-16,563.1859741210938,0.3996892896402879,#D62728,False,
northeast,86,1,2024-07-16,562.7347412109375,0.1024556550382638,#D62728,False,
northeast,86,1,2024-07-17,562.7423095703125,0.2473470027170858,#D62728,False,
northeast,86,1,2024-07-17,562.586669921875,0.1981792269264034,#D62728,False,
northeast,86,1,2024-07-18,562.3637084960938,0.1065684173793006,#D62728,False,
northeast,86,1,2024-07-19,562.5936584472656,0.143884656466363,#D62728,False,
northeast,86,1,2024-07-23,561.8569317985983,0.2084249250791193,#D62728,False,
northeast,86,1,2024-07-24,561.3691248010706,0.1559620710818149,#D62728,False,
northeast,86,1,2024-07-26,560.79443359375,0.2157710439268006,#D62728,False,
northeast,86,1,2024-07-26,560.7835083007812,0.11293322989738,#D62728,False,
northeast,86,1,2024-07-27,560.794677734375,0.1442117839157692,#D62728,False,
northeast,86,1,2024-07-27,560.5455932617188,0.1572902518979899,#D62728,False,
northeast,86,1,2024-07-28,560.5516357421875,0.1215199654465467,#D62728,False,
northeast,86,1,2024-07-28,560.5299682617188,0.2676869590099465,#D62728,False,
northeast,86,1,2024-07-29,560.428466796875,0.4682193742450763,#D62728,False,
northeast,86,1,2024-07-30,560.5217590332031,0.2888838998096804,#D62728,False,
northeast,86,1,2024-07-31,560.5490956025965,0.0932959642615831,#D62728,False,
northeast,86,1,2024-08-01,560.4810517409752,0.274103313850724,#D62728,False,
northeast,86,1,2024-08-02,560.3960531911542,0.1335066047624059,#D62728,False,
northeast,86,1,2024-08-03,560.3214808872768,0.1719941553277133,#D62728,False,
northeast,86,1,2024-08-04,560.634033203125,0.1510795300284161,#D62728,False,
northeast,87,1,2024-07-15,828.6704983181423,0.2652775513571807,#D62728,False,
northeast,87,1,2024-07-16,828.7128136676291,0.3758044848766065,#D62728,False,
northeast,87,1,2024-07-17,828.8217064642137,0.1873501861920493,#D62728,False,
northeast,87,1,2024-07-17,828.8561687063664,0.1833720133515763,#D62728,False,
northeast,87,1,2024-07-18,828.4752030806108,0.2046300462339138,#D62728,False,
northeast,87,1,2024-07-26,830.5194491961145,0.2720431361528005,#D62728,False,
northeast,87,1,2024-07-27,830.7084558105469,0.1893437483493945,#D62728,False,
northeast,87,1,2024-07-27,830.6715672810873,0.2057212754494237,#D62728,False,
northeast,87,1,2024-07-28,830.6589864095052,0.1249063762086433,#D62728,False,
northeast,87,1,2024-08-06,831.4364028204055,0.1878621982085616,#D62728,False,
northeast,87,1,2024-08-06,831.4789907721024,0.2806920432146805,#D62728,False,
northeast,87,1,2024-08-07,831.4060229720357,0.1454652815623038,#D62728,False,
northeast,87,1,2024-08-07,831.4151012714093,0.1249078526027224,#D62728,False,
northeast,87,1,2024-08-08,831.4163818359375,0.20758676368056,#D62728,False,
northeast,88,1,2024-06-29,841.5785522460938,1.0624901406934757,#D62728,True,uncertainty_gt_1m
northeast,88,1,2024-06-30,841.28466796875,0.0902838197317537,#D62728,False,
northeast,88,1,2024-07-01,841.6461791992188,0.1345237500293623,#D62728,False,
northeast,88,1,2024-07-02,841.9755249023438,0.1481932223194139,#D62728,False,
northeast,88,1,2024-07-03,842.3401336669922,0.324754572378134,#D62728,False,
northeast,88,1,2024-07-04,843.6526489257812,0.335905537492521,#D62728,False,
northeast,88,1,2024-07-04,844.408251953125,2.1470652217834134,#D62728,True,uncertainty_gt_1m
northeast,88,1,2024-07-05,843.3545532226562,0.1769196828544109,#D62728,False,
northeast,88,1,2024-07-06,844.1842458624589,0.2516977256015721,#D62728,False,
northeast,88,1,2024-07-07,844.2884826660156,0.121023658318402,#D62728,False,
northeast,88,1,2024-07-08,844.741943359375,0.1361050930629988,#D62728,False,
northeast,88,1,2024-07-09,845.0531311035156,0.4023423859474087,#D62728,False,
northeast,88,1,2024-07-09,845.0490417480469,0.2795199637269862,#D62728,False,
northeast,88,1,2024-07-10,845.4035339355469,0.4752996570755297,#D62728,False,
northeast,88,1,2024-07-11,845.5384826660156,0.1855258501674138,#D62728,False,
northeast,88,1,2024-07-12,845.8049887799202,0.145698656193183,#D62728,False,
northeast,88,1,2024-07-13,853.488525390625,0.0,,True,gray_between_red_segments_out_of_both_sides
northeast,88,1,2024-07-14,846.1325805664062,0.2317612031657573,#D62728,False,
northeast,88,1,2024-07-16,827.9239501953125,0.0,,True,gray_between_red_segments_out_of_both_sides
northeast,88,1,2024-07-17,846.26416015625,0.1762910435014547,#D62728,False,
northeast,88,1,2024-07-18,845.7011108398438,0.1318432093501271,#D62728,False,
northeast,88,1,2024-07-19,845.841796875,0.3027260536700577,#D62728,False,
northeast,88,1,2024-07-23,844.5818216959635,0.0994920545003271,#D62728,False,
northeast,88,1,2024-07-24,843.901375664605,0.3323960975310498,#D62728,False,
northeast,88,1,2024-07-25,800.7540961371528,5.212412339805688,#CFCFCF,True,uncertainty_gt_1m
northeast,88,1,2024-07-26,843.2436218261719,0.1680893463254673,#D62728,False,
northeast,88,1,2024-07-30,841.593505859375,0.7906877921541642,#D62728,False,
northeast,88,1,2024-07-31,841.016357421875,0.1646923508915933,#D62728,False,
northeast,88,1,2024-08-01,841.31396484375,0.0773643979657286,#D62728,False,
northeast,88,1,2024-08-02,841.2942408511514,0.1630707582872351,#D62728,False,
northeast,88,1,2024-08-03,841.1676025390625,0.269725310840685,#D62728,False,
northeast,88,1,2024-08-04,841.4375813802084,0.3077175299663318,#D62728,False,
northeast,88,1,2024-08-05,841.1040649414062,0.1812138286314559,#D62728,False,
northeast,88,1,2024-08-06,840.88583984375,0.4078646671152517,#D62728,False,
northeast,88,1,2024-08-07,841.0307006835938,0.1171420418683441,#D62728,False,
northeast,88,1,2024-08-08,840.9256591796875,0.0992066902738603,#D62728,False,
northeast,88,1,2024-08-09,840.8212890625,0.1671460039216213,#D62728,False,
northeast,88,1,2024-08-10,841.1624755859375,0.1986281234444293,#D62728,False,
northeast,88,1,2024-08-10,841.1624755859375,0.1986281234444293,#D62728,False,
northeast,88,1,2024-08-11,840.9446166992187,0.3867260798970184,#D62728,False,
northeast,88,1,2024-08-12,840.8302140669389,0.4886407015689568,#D62728,False,
northeast,88,1,2024-08-12,840.8302140669389,0.4886407015689568,#D62728,False,
northeast,88,1,2024-08-13,840.7913208007812,0.3065810877197539,#D62728,False,
northeast,88,1,2024-08-14,841.0433959960938,0.1190310599775492,#D62728,False,
northeast,88,1,2024-08-14,840.9412231445312,0.3008270615414741,#D62728,False,
northeast,8,1,2024-06-26,769.5769348144531,5.755598569714398,#D62728,True,uncertainty_gt_1m
northeast,8,1,2024-06-26,769.4736633300781,0.4631370651625067,#D62728,False,
northeast,8,1,2024-06-27,757.2489624023438,0.0,,True,gray_between_red_segments_out_of_both_sides
northeast,8,1,2024-06-27,769.3272399902344,0.1412842352115144,#D62728,False,
northeast,8,1,2024-06-28,769.4947509765625,0.1770426246635245,#D62728,False,
northeast,8,1,2024-06-29,770.2702026367188,0.0,#D62728,False,
northeast,8,1,2024-06-30,770.0687920065487,0.1433386770764609,#D62728,False,
northeast,8,1,2024-07-01,770.3119659423828,0.1772644198769608,#D62728,False,
northeast,8,1,2024-07-02,770.4666361204336,0.1889298408337487,#D62728,False,
northeast,8,1,2024-07-03,770.6998901367188,0.0,#D62728,False,
northeast,8,1,2024-07-04,771.7381286621094,0.2753043847148312,#D62728,False,
northeast,8,1,2024-07-04,771.653564453125,0.2861626623920622,#D62728,False,
northeast,8,1,2024-07-04,768.6797485351562,3.307226113423165,#CFCFCF,True,uncertainty_gt_1m
northeast,8,1,2024-07-05,771.2562561035156,0.1666223372338385,#D62728,False,
northeast,8,1,2024-07-06,771.6596069335938,0.1492919609729381,#D62728,False,
northeast,8,1,2024-07-07,771.962890625,0.1265817520639734,#D62728,False,
northeast,8,1,2024-07-08,772.2971801757812,0.1870106286674836,#D62728,False,
northeast,8,1,2024-07-09,772.5400193737399,0.3540250817946809,#D62728,False,
northeast,8,1,2024-07-09,772.4386291503906,0.3363136926592564,#D62728,False,
northeast,8,1,2024-07-10,772.7908325195312,0.1600148277024445,#D62728,False,
northeast,8,1,2024-07-11,772.8831667555976,0.1734226097802751,#D62728,False,
northeast,8,1,2024-07-12,773.092109302483,0.1485797412095026,#D62728,False,
northeast,8,1,2024-07-13,757.728759765625,0.12213819523669,,True,gray_between_red_segments_out_of_both_sides
northeast,8,1,2024-07-14,773.3569030761719,0.0963381416919711,#D62728,False,
northeast,8,1,2024-07-16,773.42529296875,0.16311854110656,#D62728,False,
northeast,8,1,2024-07-17,773.7889099121094,0.4148814384488697,#D62728,False,
northeast,8,1,2024-07-17,758.6171497163318,0.391073812846506,,True,gray_between_red_segments_out_of_both_sides
northeast,8,1,2024-07-18,757.49267578125,0.0,,True,gray_between_red_segments_out_of_both_sides
northeast,8,1,2024-07-18,773.5278930664062,0.1145430185156697,#D62728,False,
northeast,8,1,2024-07-19,774.1171875,0.2814514292722818,#D62728,False,
northeast,8,1,2024-07-23,774.335196890482,0.0979002711901487,#D62728,False,
northeast,8,1,2024-07-24,773.7786882427376,0.0932424589436767,#D62728,False,
northeast,8,1,2024-07-26,772.715576171875,0.091696738640944,#D62728,False,
northeast,8,1,2024-07-27,772.3585414886475,0.134942517273759,#D62728,False,
northeast,8,1,2024-07-28,771.968000139509,0.2048625113616679,#D62728,False,
northeast,8,1,2024-07-30,771.8075474330357,0.2867416427885298,#D62728,False,
northeast,8,1,2024-07-31,771.7142333984375,0.1825504524142435,#D62728,False,
northeast,8,1,2024-08-01,771.3033447265625,0.0912587720742149,#D62728,False,
northeast,8,1,2024-08-02,771.1593933105469,0.0945177177000033,#D62728,False,
northeast,8,1,2024-08-03,771.1393767712163,0.1515728732195634,#D62728,False,
northeast,8,1,2024-08-04,771.0585218157087,0.1115571864313114,#D62728,False,
northeast,8,1,2024-08-05,771.2438049316406,0.2022225698363963,#D62728,False,
northeast,8,1,2024-08-06,771.0740356445312,0.1239550037170523,#D62728,False,
northeast,8,1,2024-08-07,762.2220629315044,7.564084161077808,#CFCFCF,True,uncertainty_gt_1m
northeast,8,1,2024-08-08,770.7295532226562,0.1153242857989345,#D62728,False,
northeast,8,1,2024-08-09,770.693115234375,0.1727990798176757,#D62728,False,
northeast,8,1,2024-08-10,770.77392578125,0.1161205942198366,#D62728,False,
northeast,8,1,2024-08-10,770.77392578125,0.1161205942198366,#D62728,False,
northeast,8,1,2024-08-11,770.7276916503906,0.1230402635012271,#D62728,False,
northeast,8,1,2024-08-12,770.5645141601562,0.1306354634836576,#D62728,False,
northeast,8,1,2024-08-12,770.5645141601562,0.1306354634836576,#D62728,False,
northeast,8,1,2024-08-13,770.5928649902344,0.128660262618686,#D62728,False,
northeast,8,1,2024-08-14,770.561616120515,0.1900388784528841,#D62728,False,
northeast,8,1,2024-08-14,770.4266052246094,0.287717981260072,#D62728,False,
northeast,8,1,2024-08-14,770.6333923339844,0.3056154664471958,#D62728,False,
northeast,90,1,2024-07-05,527.552490234375,0.1012994864496205,#D62728,False,
northeast,90,1,2024-07-06,528.3223571777344,0.2419839511098149,#D62728,False,
northeast,90,1,2024-07-06,528.3161010742188,0.2596724137414696,#D62728,False,
northeast,90,1,2024-07-07,528.8055419921875,0.1564847633273776,#D62728,False,
northeast,90,1,2024-07-08,528.8543090820312,0.1202261265246215,#D62728,False,
northeast,90,1,2024-07-09,528.6412353515625,0.164494373854067,#D62728,False,
northeast,90,1,2024-07-10,527.6857164171007,0.2177602904627404,#D62728,False,
northeast,90,1,2024-07-11,527.5138801125919,0.2553793904530622,#D62728,False,
northeast,90,1,2024-07-12,527.5181884765625,0.2855454058246242,#D62728,False,
northeast,90,1,2024-07-13,527.2407836914062,0.2345786321507717,#D62728,False,
northeast,90,1,2024-07-14,527.113037109375,0.1480428557847473,#D62728,False,
northeast,90,1,2024-07-15,526.90185546875,0.2345440988622033,#D62728,False,
northeast,90,1,2024-07-16,526.9602355957031,0.1932336822321412,#D62728,False,
northeast,90,1,2024-07-17,526.7612915039062,0.1845498413297026,#D62728,False,
northeast,90,1,2024-07-18,526.5752563476562,0.2566952636775995,#D62728,False,
northeast,90,1,2024-07-19,526.6510620117188,0.1555875526811307,#D62728,False,
northeast,92,1,2024-07-05,592.469482421875,0.1531228084008285,#D62728,False,
northeast,92,1,2024-07-05,592.4983520507812,0.1067568867500131,#D62728,False,
northeast,92,1,2024-07-06,592.5699462890625,0.1193111783219052,#D62728,False,
northeast,92,1,2024-07-06,592.5172729492188,0.1016563757930733,#D62728,False,
northeast,92,1,2024-07-07,592.367431640625,0.1036180427093418,#D62728,False,
northeast,92,1,2024-07-07,592.350830078125,0.1504517185749321,#D62728,False,
northeast,92,1,2024-07-08,589.4688110351562,0.0,,True,local_min_extreme_gt_1m
northeast,92,1,2024-07-15,590.8250732421875,0.1984932401849396,#D62728,False,
northeast,92,1,2024-07-16,590.6577758789062,0.1757825201027399,#D62728,False,
northeast,92,1,2024-07-16,590.6595458984375,0.1732421881844082,#D62728,False,
northeast,92,1,2024-07-17,590.9795837402344,0.1546591501555629,#D62728,False,
northeast,92,1,2024-07-17,590.6478881835938,0.18807473325615,#D62728,False,
northeast,92,1,2024-07-18,590.6691351996528,0.3628498541649311,#D62728,False,
northeast,92,1,2024-07-18,589.9993896484375,0.3322417612877013,#D62728,False,
northeast,93,1,2024-07-01,401.6221466064453,0.0777498087345926,#D62728,False,
northeast,93,1,2024-07-02,402.5830078125,0.1345127852916277,#D62728,False,
northeast,93,1,2024-07-03,402.9908142089844,0.1298691815917545,#D62728,False,
northeast,93,1,2024-07-04,403.6146545410156,0.123252418587291,#D62728,False,
northeast,93,1,2024-07-05,403.7279357910156,0.2509214022737449,#D62728,False,
northeast,93,1,2024-07-08,403.3961486816406,0.1417568640049548,#D62728,False,
northeast,93,1,2024-07-09,403.2493743896485,0.1066609625944393,#D62728,False,
northeast,93,1,2024-07-10,402.99403381347656,0.2073799579319491,#D62728,False,
northeast,93,1,2024-07-12,402.16383361816406,0.0877518450747716,#D62728,False,
northeast,93,1,2024-07-13,401.7218322753906,0.1750365236162696,#D62728,False,
northeast,93,1,2024-07-14,401.7105865478516,0.1558936699869188,#D62728,False,
northeast,93,1,2024-07-15,401.7369689941406,0.1949881768214608,#D62728,False,
northeast,93,1,2024-07-17,401.5376892089844,0.3113671944965533,#D62728,False,
northeast,93,1,2024-07-18,401.1278076171875,0.2329895140924593,#D62728,False,
northeast,93,1,2024-07-19,401.4166259765625,0.105884803216365,#D62728,False,
northeast,94,1,2024-07-05,505.8766784667969,0.1865940895000272,#D62728,False,
northeast,94,1,2024-07-06,506.7794799804688,0.2492681266061672,#D62728,False,
northeast,94,1,2024-07-06,506.6353149414063,0.266385551795777,#D62728,False,
northeast,94,1,2024-07-07,507.3670349121094,0.183359894434637,#D62728,False,
northeast,94,1,2024-07-08,507.3672180175781,0.1340620130467505,#D62728,False,
northeast,94,1,2024-07-09,507.279052734375,0.1112177035699756,#D62728,False,
northeast,94,1,2024-07-10,507.03717041015625,0.1278516695901682,#D62728,False,
northeast,94,1,2024-07-11,506.57427978515625,0.1560204337507237,#D62728,False,
northeast,94,1,2024-07-12,506.4122314453125,0.256820469963841,#D62728,False,
northeast,94,1,2024-07-13,506.2748107910156,0.1705817564736968,#D62728,False,
northeast,94,1,2024-07-14,506.3175354003906,0.0975400860548268,#D62728,False,
northeast,94,1,2024-07-15,506.2742919921875,0.170112317658606,#D62728,False,
northeast,94,1,2024-07-16,506.1819915771485,0.2596814495280496,#D62728,False,
northeast,94,1,2024-07-17,506.1353454589844,0.160558008851769,#D62728,False,
northeast,94,1,2024-07-18,505.73692321777344,0.1636228355645436,#D62728,False,
northeast,94,1,2024-07-19,505.9137115478516,0.13675510298914,#D62728,False,
northeast,94,1,2024-07-23,504.12200927734375,0.0,,True,local_min_extreme_gt_1m
northeast,94,1,2024-07-24,505.0358276367188,0.1164602262050735,#D62728,False,
northeast,94,1,2024-07-26,505.38330078125,0.0,#D62728,False,
northeast,94,1,2024-07-27,504.73854064941406,0.4935807313867157,#D62728,False,
northeast,94,1,2024-07-27,504.3455200195313,0.5475753383779255,#D62728,False,
northeast,94,1,2024-07-28,504.7398986816406,0.0,#D62728,False,
northeast,94,1,2024-07-29,504.7701856825087,0.1167251936195516,#D62728,False,
northeast,94,1,2024-07-30,504.73208063299006,0.1589579476001721,#D62728,False,
northeast,94,1,2024-07-31,504.6355285644531,0.2687286444386246,#D62728,False,
northeast,94,1,2024-08-01,504.4144744873047,0.2187785247214112,#D62728,False,
northeast,94,1,2024-08-02,504.5008405202842,0.1926783155822556,#D62728,False,
northeast,94,1,2024-08-03,504.4462585449219,0.2346764129361672,#D62728,False,
northeast,94,1,2024-08-04,504.383544921875,0.1195664026946965,#D62728,False,
northeast,95,1,2024-07-03,645.5892186658136,0.3301356188372765,#D62728,False,
northeast,95,1,2024-07-04,646.6140747070312,0.3459780738903055,#D62728,False,
northeast,95,1,2024-07-05,646.33447265625,0.1399054129710084,#D62728,False,
northeast,95,1,2024-07-06,647.0343627929688,0.156840384578485,#D62728,False,
northeast,95,1,2024-07-06,646.8393769135346,0.1088379960622384,#D62728,False,
northeast,95,1,2024-07-07,647.3499755859375,0.1073475206114466,#D62728,False,
northeast,95,1,2024-07-08,647.6039123535156,0.2304993458760474,#D62728,False,
northeast,95,1,2024-07-10,648.070278930664,0.2472401538003333,#D62728,False,
northeast,95,1,2024-07-11,647.5961608886719,0.1411909430076705,#D62728,False,
northeast,95,1,2024-07-12,647.3891296386719,0.1185623656334499,#D62728,False,
northeast,95,1,2024-07-13,647.1994018554688,0.2571540948929448,#D62728,False,
northeast,95,1,2024-07-16,647.0692138671875,0.2269649960929927,#D62728,False,
northeast,95,1,2024-07-17,646.7832336425781,0.405513126982476,#D62728,False,
northeast,95,1,2024-07-17,647.15380859375,0.0905542465619477,#D62728,False,
northeast,95,1,2024-07-18,646.6569213867188,0.1704788852264712,#D62728,False,
northeast,95,1,2024-07-19,647.0638427734375,0.392885554073222,#D62728,False,
northeast,96,1,2024-07-13,1048.404541015625,0.0,#D62728,False,
northeast,96,1,2024-07-15,1048.8467407226562,0.2383720483354283,#D62728,False,
northeast,96,1,2024-07-16,1048.3949289629536,0.3407239629720855,#D62728,False,
northeast,96,1,2024-07-16,1047.974365234375,0.0869178599695988,#D62728,False,
northeast,96,1,2024-07-17,1056.6284586588542,10.089716108457257,#CFCFCF,True,uncertainty_gt_1m
northeast,96,1,2024-07-17,1067.4854736328125,0.0,,True,gray_between_red_segments_out_of_both_sides
northeast,96,1,2024-07-18,1043.6999087126358,6.159477019153361,#CFCFCF,True,uncertainty_gt_1m
northeast,96,1,2024-07-19,1048.8138427734375,0.2100576139675867,#D62728,False,
northeast,96,1,2024-07-23,1049.2645263671875,0.3564512198463819,#D62728,False,
northeast,96,1,2024-07-24,1049.6779456505408,0.8272013288875726,#D62728,False,
northeast,96,1,2024-07-27,1062.55498046875,13.823438714185706,#CFCFCF,True,uncertainty_gt_1m
northeast,96,1,2024-07-29,1049.9556274414062,0.1021127102226178,#D62728,False,
northeast,96,1,2024-07-30,1050.0904541015625,0.2073828863389614,#D62728,False,
northeast,96,1,2024-08-01,1050.0120544433594,0.3913686923461811,#D62728,False,
northeast,96,1,2024-08-02,1050.077062988281,0.348108912710179,#D62728,False,
northeast,96,1,2024-08-03,1053.1146240234375,0.0,,True,gray_between_red_segments_out_of_both_sides
northeast,96,1,2024-08-05,1050.2459716796875,0.2892802676262441,#D62728,False,
northeast,96,1,2024-08-06,1062.328857421875,1.2609831680682404,#CFCFCF,True,uncertainty_gt_1m
northeast,96,1,2024-08-07,1068.00146484375,0.2513448723886988,,True,gray_between_red_segments_out_of_both_sides
northeast,96,1,2024-08-07,1050.2916140672637,0.2823766498113227,#D62728,False,
northeast,96,1,2024-08-08,1050.2440397135415,0.1493057108420792,#D62728,False,
northeast,96,1,2024-08-09,1043.7687377929688,2.3123393019050806,#CFCFCF,True,uncertainty_gt_1m
northeast,96,1,2024-08-09,1050.2920532226562,0.1372463746672794,#D62728,False,
northeast,96,1,2024-08-10,1050.1454708214962,0.2004144852471747,#D62728,False,
northeast,96,1,2024-08-10,1050.1454708214962,0.2004144852471747,#D62728,False,
northeast,96,1,2024-08-11,1050.1719906455592,0.4852548687424564,#D62728,False,
northeast,96,1,2024-08-12,1050.1073259626116,0.2454338923245124,#D62728,False,
northeast,96,1,2024-08-12,1050.1073259626116,0.2454338923245124,#D62728,False,
northeast,96,1,2024-08-13,1050.1045854048295,0.2930100757638176,#D62728,False,
northeast,96,1,2024-08-14,1050.5035522460937,0.8787632474063539,#D62728,False,
northeast,96,1,2024-08-14,1050.1839599609375,0.4851056355179216,#D62728,False,
northeast,97,1,2024-06-26,827.3479919433594,0.0819601227938236,#D62728,False,
northeast,97,1,2024-06-27,827.7219543457031,0.1247961217272655,#D62728,False,
northeast,97,1,2024-06-28,828.1573486328125,0.1459972791901132,#D62728,False,
northeast,97,1,2024-06-30,828.6450805664062,0.2905974123917049,#D62728,False,
northeast,97,1,2024-07-01,828.6841125488281,0.1443528373557355,#D62728,False,
northeast,97,1,2024-07-02,828.8536376953125,0.4497693111543878,#D62728,False,
northeast,97,1,2024-07-05,829.427490234375,0.3169173046915295,#D62728,False,
northeast,97,1,2024-07-06,829.6610107421875,0.3124071542978244,#D62728,False,
northeast,97,1,2024-07-06,826.7608235677084,5.135468630853432,#CFCFCF,True,uncertainty_gt_1m
northeast,97,1,2024-07-07,825.1978759765625,0.0,,True,gray_between_red_segments_out_of_both_sides
northeast,97,1,2024-07-07,830.0784301757812,0.1550191186992068,#D62728,False,
northeast,97,1,2024-07-08,830.239501953125,0.182103283776812,#D62728,False,
northeast,97,1,2024-07-10,830.4490737915039,0.2317789233749323,#D62728,False,
northeast,97,1,2024-07-11,830.5468139648438,0.1921334356177132,#D62728,False,
northeast,97,1,2024-07-12,830.763427734375,0.0908390294632381,#D62728,False,
northeast,97,1,2024-07-16,830.63518365824,0.4043049479082624,#D62728,False,
northeast,97,1,2024-07-17,817.1649373372396,0.2325917619485871,,True,gray_between_red_segments_out_of_both_sides
northeast,97,1,2024-07-17,830.8419974190848,0.3566637468012916,#D62728,False,
northeast,97,1,2024-07-18,830.6645202636719,0.1580678448749882,#D62728,False,
northeast,97,1,2024-07-19,831.0506591796875,0.3424238027636129,#D62728,False,
northeast,97,1,2024-07-23,831.1980285644531,0.1372107701663354,#D62728,False,
northeast,97,1,2024-07-24,830.4770812988281,0.2273913366823363,#D62728,False,
northeast,97,1,2024-07-26,829.6451416015625,0.2452950671174877,#D62728,False,
northeast,97,1,2024-07-27,829.6440924878391,0.2963061067914403,#D62728,False,
northeast,97,1,2024-07-27,829.5979614257812,0.2766137157275094,#D62728,False,
northeast,97,1,2024-07-31,828.7464599609375,0.1644908017179878,#D62728,False,
northeast,97,1,2024-08-01,828.789833984375,0.270918426541703,#D62728,False,
northeast,97,1,2024-08-02,828.7085164388021,0.144730833432242,#D62728,False,
northeast,97,1,2024-08-03,827.2822875976562,0.0,,True,local_min_extreme_gt_1m
northeast,97,1,2024-08-05,829.17919921875,0.4619556170926696,,True,local_max_extreme_gt_1m
northeast,97,1,2024-08-06,828.4716095924377,0.1969984869974324,#D62728,False,
northeast,97,1,2024-08-07,828.6749267578125,0.1856743759307433,#D62728,False,
northeast,97,1,2024-08-07,828.4219718143858,0.2839524857235346,#D62728,False,
northeast,97,1,2024-08-08,828.4603271484375,0.1593421785297515,#D62728,False,
northeast,97,1,2024-08-09,828.3179016113281,0.2590279933862843,#D62728,False,
northeast,97,1,2024-08-11,828.2348022460938,0.0920810637969329,#D62728,False,
northeast,97,1,2024-08-12,828.4091878255208,0.1620221973223863,#D62728,False,
northeast,97,1,2024-08-12,828.4091878255208,0.1620221973223863,#D62728,False,
northeast,97,1,2024-08-13,828.5244437081474,0.3598348921242429,#D62728,False,
northeast,97,1,2024-08-14,828.3698052300347,0.2040667491509066,#D62728,False,
northeast,98,1,2024-07-06,940.2669677734376,0.2421600209347481,#D62728,False,
northeast,98,1,2024-07-07,940.24267578125,0.2355851772436256,#D62728,False,
northeast,98,1,2024-07-08,940.4638061523438,0.4338441618374846,#D62728,False,
northeast,98,1,2024-07-09,940.6380004882812,0.1554898715079556,#D62728,False,
northeast,98,1,2024-07-10,940.8577270507812,0.1526740412903557,#D62728,False,
northeast,98,1,2024-07-11,940.8253173828124,0.0956002371700231,#D62728,False,
northeast,98,1,2024-07-12,940.9346313476562,0.071429437290213,#D62728,False,
northeast,98,1,2024-07-13,940.988525390625,0.0903837969217228,#D62728,False,
northeast,98,1,2024-07-14,941.02783203125,0.1787303085384307,#D62728,False,
northeast,98,1,2024-07-15,941.03632301508,0.1498544989761987,#D62728,False,
northeast,98,1,2024-07-16,940.9758237641432,0.1886827349043191,#D62728,False,
northeast,98,1,2024-07-17,941.0633544921876,0.2766024237630805,#D62728,False,
northeast,98,1,2024-07-17,941.1275024414062,0.3049768498712152,#D62728,False,
northeast,98,1,2024-07-19,941.2579956054688,0.3270791563409226,#D62728,False,
northeast,98,1,2024-07-23,941.6408996582032,0.0943278751180554,#D62728,False,
northeast,98,1,2024-07-24,941.6730346679688,0.1166888783195013,#D62728,False,
northeast,98,1,2024-07-26,941.6817626953124,0.1275088528693116,#D62728,False,
northeast,98,1,2024-07-27,941.799072265625,0.210594614835051,#D62728,False,
northeast,98,1,2024-07-28,941.7564697265624,0.1606553569992756,#D62728,False,
northeast,98,1,2024-07-29,942.5941467285156,1.5255144045859226,#D62728,True,uncertainty_gt_1m
northeast,98,1,2024-07-30,941.8406982421876,0.0956798143808008,#D62728,False,
northeast,98,1,2024-07-31,941.9681396484376,0.1375844320128303,#D62728,False,
northeast,98,1,2024-08-01,941.8330688476562,0.1956292468000929,#D62728,False,
northeast,98,1,2024-08-02,941.968231201172,0.1627194613886441,#D62728,False,
northeast,98,1,2024-08-03,941.9672241210938,0.246534508810823,#D62728,False,
northeast,98,1,2024-08-04,941.9739074707032,0.166996216941591,#D62728,False,
northeast,98,1,2024-08-05,941.9418029785156,0.1478311819869945,#D62728,False,
northeast,98,1,2024-08-06,942.0626220703124,0.1581387271173887,#D62728,False,
northeast,98,1,2024-08-07,942.0712890625,0.2342847145543901,#D62728,False,
northeast,98,1,2024-08-07,942.1202392578124,0.341867164296039,#D62728,False,
northeast,98,1,2024-08-08,942.1114196777344,0.2716366189029792,#D62728,False,
northeast,98,1,2024-08-09,942.102294921875,0.2533928196173973,#D62728,False,
northeast,98,1,2024-08-10,942.072509765625,0.1562437553489608,#D62728,False,
northeast,98,1,2024-08-10,942.072509765625,0.1562437553489608,#D62728,False,
northeast,98,1,2024-08-11,942.0379943847656,0.1448434121783594,#D62728,False,
northeast,98,1,2024-08-12,941.8978881835938,0.1110405099197212,#D62728,False,
northeast,98,1,2024-08-12,941.8978881835938,0.1110405099197212,#D62728,False,
northeast,99,1,2024-06-27,842.5694808959961,0.9878050433540768,#D62728,False,
northeast,99,1,2024-06-28,841.7899780273438,0.5177183585056557,,True,local_min_extreme_gt_1m
northeast,99,1,2024-07-01,843.0263437124399,0.1612388503502173,#D62728,False,
northeast,99,1,2024-07-02,843.1618991427952,0.1685500844697985,#D62728,False,
northeast,99,1,2024-07-03,843.382763671875,0.2879603496884872,#D62728,False,
northeast,99,1,2024-07-04,844.426025390625,0.2509487808559672,#D62728,False,
northeast,99,1,2024-07-05,844.6243286132812,0.6161342609417272,#D62728,False,
northeast,99,1,2024-07-07,844.569353376116,0.2151178669429191,#D62728,False,
northeast,99,1,2024-07-08,844.962890625,0.3165356196811293,#D62728,False,
northeast,99,1,2024-07-09,845.0518697102865,0.1445664925608712,#D62728,False,
northeast,99,1,2024-07-09,845.2908325195312,0.2544557997756386,#D62728,False,
northeast,99,1,2024-07-10,845.442099831321,0.2310774729587977,#D62728,False,
northeast,99,1,2024-07-11,845.6853498492325,0.3578943930506649,#D62728,False,
northeast,99,1,2024-07-12,845.6681726333943,0.489097610910499,#D62728,False,
northeast,99,1,2024-07-14,912.5074462890624,0.0,,True,gray_between_red_segments_out_of_both_sides
northeast,99,1,2024-07-16,874.9638671875,0.0,,True,gray_between_red_segments_out_of_both_sides
northeast,99,1,2024-07-17,894.5066528320312,0.3132434703278785,,True,gray_between_red_segments_out_of_both_sides
northeast,99,1,2024-07-18,845.8914947509766,0.5412230954547808,#D62728,False,
northeast,99,1,2024-07-19,846.4955139160156,0.2096907645153915,#D62728,False,
northeast,99,1,2024-07-23,846.9158147638494,0.3523499998893257,#D62728,False,
northeast,99,1,2024-07-24,846.4845041128306,0.1423154928998009,#D62728,False,
northeast,99,1,2024-07-25,874.6672973632812,0.0,,True,gray_between_red_segments_out_of_both_sides
northeast,99,1,2024-07-27,876.2439880371094,16.28878993216831,#CFCFCF,True,uncertainty_gt_1m
northeast,99,1,2024-07-28,850.4502970377604,1.1531062631411502,#CFCFCF,True,uncertainty_gt_1m
northeast,99,1,2024-07-30,833.2943725585938,0.164606034145843,,True,gray_between_red_segments_out_of_both_sides
northeast,99,1,2024-07-31,844.9547729492188,0.2160642176990764,#D62728,False,
northeast,99,1,2024-08-01,844.9886401367188,0.4956658009730538,#D62728,False,
northeast,99,1,2024-08-02,844.7723617553711,0.2478424891010228,#D62728,False,
northeast,99,1,2024-08-03,844.692626953125,0.2000780770270605,#D62728,False,
northeast,99,1,2024-08-04,844.7279907226563,0.2110756827669262,#D62728,False,
northeast,99,1,2024-08-05,844.7231657608696,0.4075582905008804,#D62728,False,
northeast,99,1,2024-08-06,871.2196655273438,0.0,,True,gray_between_red_segments_out_of_both_sides
northeast,99,1,2024-08-08,844.5397657311481,0.3948793352370703,#D62728,False,
northeast,99,1,2024-08-09,844.3056030273438,0.0,#D62728,False,
northeast,99,1,2024-08-09,844.4501342773438,0.1966571951546446,#D62728,False,
northeast,99,1,2024-08-10,844.5103781563895,0.4868692602937939,#D62728,False,
northeast,99,1,2024-08-10,844.5103781563895,0.4868692602937939,#D62728,False,
northeast,99,1,2024-08-11,844.4620056152344,0.4514358576784614,#D62728,False,
northeast,99,1,2024-08-12,844.45166015625,0.189418823021838,#D62728,False,
northeast,99,1,2024-08-12,844.45166015625,0.189418823021838,#D62728,False,
northeast,99,1,2024-08-13,844.1656392415365,0.4391470568815137,#D62728,False,
northeast,9,1,2024-07-06,716.6369934082031,0.138856544017311,#D62728,False,
northeast,9,1,2024-07-06,716.630906048943,0.3155356216949095,#D62728,False,
northeast,9,1,2024-07-07,715.2223379952567,3.204972847888616,#D62728,True,uncertainty_gt_1m
northeast,9,1,2024-07-07,717.471703423394,0.1336917058440989,#D62728,False,
northeast,9,1,2024-07-08,717.9129028320312,0.1997513526714812,#D62728,False,
northeast,9,1,2024-07-16,720.2528686523438,0.1379840104227584,#D62728,False,
northeast,9,1,2024-07-17,720.4304504394531,0.1459137643791741,#D62728,False,
northeast,9,1,2024-07-17,720.4961853027344,0.1617903255357333,#D62728,False,
northeast,9,1,2024-07-18,720.2510681152344,0.2270231178012088,#D62728,False,
northeast,9,1,2024-07-26,723.1173095703125,0.1896206684113341,#D62728,False,
northeast,9,1,2024-07-26,723.2499627007378,0.2444014755848292,#D62728,False,
northeast,9,1,2024-07-27,723.2256774902344,0.1184798921529268,#D62728,False,
northeast,9,1,2024-07-27,723.1817626953125,0.0985305791336237,#D62728,False,
northeast,9,1,2024-07-28,723.3422508239746,0.3528411707308326,#D62728,False,
northeast,9,1,2024-07-28,723.2872314453125,0.0991035802271497,#D62728,False,
northeast,9,1,2024-08-05,724.2285766601562,0.299704177474991,#D62728,False,
northeast,9,1,2024-08-05,707.8890075683594,0.8374019088966419,,True,gray_between_red_segments_out_of_both_sides
northeast,9,1,2024-08-06,724.3487548828125,0.1332046304667941,#D62728,False,
northeast,9,1,2024-08-06,724.3485984802246,0.116619942439764,#D62728,False,
northeast,9,1,2024-08-07,724.3554658435639,0.1084808962109501,#D62728,False,
northeast,9,1,2024-08-07,724.3282775878906,0.1103606697417178,#D62728,False,
northeast,9,1,2024-08-08,724.27197265625,0.1412896261027093,#D62728,False,
southwest,101,1,2024-06-01,1268.9982147216797,22.394285097054887,#CFCFCF,True,uncertainty_gt_1m
southwest,101,1,2024-06-02,1343.839599609375,0.2404454448958345,,True,left_gray_far_from_nearest_red_gt_3m
southwest,101,1,2024-06-22,1308.6619262695312,0.2591958776227104,#CFCFCF,False,
southwest,101,1,2024-06-23,1343.5223774157073,0.3849509300262111,,True,left_gray_far_from_nearest_red_gt_3m
southwest,101,1,2024-07-13,1310.2158813476562,0.2785537993522321,#D62728,False,
southwest,101,1,2024-07-14,1310.3839452783543,0.1607785973169269,#D62728,False,
southwest,101,1,2024-07-19,1337.0755615234375,1.0999295820378987,#CFCFCF,True,uncertainty_gt_1m
southwest,101,1,2024-07-24,1310.3793530273438,0.0776866158969305,#D62728,False,
southwest,101,1,2024-08-03,1309.6351928710938,0.3994590564441712,#D62728,False,
southwest,101,1,2024-08-04,1295.22607421875,0.0,,True,gray_between_red_segments_out_of_both_sides
southwest,101,1,2024-08-08,1309.511544764727,0.1336377497101696,#D62728,False,
southwest,104,1,2024-06-01,1105.0264892578125,0.3511982008089276,,True,force_noise_pre_20240605
southwest,104,1,2024-06-02,1117.0767116970487,21.049209015770817,#CFCFCF,True,uncertainty_gt_1m
southwest,104,1,2024-06-08,1107.364990234375,0.438834335394581,,True,local_max_extreme_gt_1m
southwest,104,1,2024-06-18,1106.4178466796875,0.1973730416727215,,True,local_min_extreme_gt_1m
southwest,104,1,2024-06-19,1107.0738525390625,0.2358241489296235,#D62728,False,
southwest,104,1,2024-06-22,1108.39990234375,0.1469228073803593,#D62728,False,
southwest,104,1,2024-06-23,1108.817626953125,0.0,#D62728,False,
southwest,104,1,2024-07-03,1103.3504638671875,0.0436762733496573,,True,local_min_extreme_gt_1m
southwest,104,1,2024-07-09,1104.6417236328125,0.2838857385817393,#D62728,False,
southwest,104,1,2024-07-10,1104.592041015625,0.275877285855,#D62728,False,
southwest,104,1,2024-07-13,1104.249755859375,0.1530475559657459,#D62728,False,
southwest,104,1,2024-07-14,1104.3466796875,0.2081172648702933,#D62728,False,
southwest,104,1,2024-07-20,1056.5510079520088,3.0451123277583867,#CFCFCF,True,uncertainty_gt_1m
southwest,104,1,2024-07-24,1104.7235107421875,1.211378859821204,#D62728,True,uncertainty_gt_1m
southwest,104,1,2024-07-30,1103.7700805664062,0.3057831630002012,#D62728,False,
southwest,104,1,2024-07-31,1103.89794921875,1.2313008275328257,#D62728,True,uncertainty_gt_1m
southwest,104,1,2024-08-03,1103.8312377929688,0.1619708970752851,#D62728,False,
southwest,104,1,2024-08-04,1103.770751953125,0.2646475851065265,#D62728,False,
southwest,104,1,2024-08-09,1055.1854736328123,3.584182239652337,#CFCFCF,True,uncertainty_gt_1m
southwest,104,1,2024-08-14,1101.0604248046875,0.0,#CFCFCF,False,
southwest,106,1,2024-06-01,1221.9691162109375,0.2601429663536687,,True,force_noise_pre_20240605
southwest,106,1,2024-06-02,1275.6953688401445,0.482803902902841,,True,gray_between_red_segments_out_of_both_sides
southwest,106,1,2024-06-08,1221.958740234375,0.0,#D62728,False,
southwest,106,1,2024-06-22,1222.18798828125,0.2680286838895019,#D62728,False,
southwest,106,1,2024-06-22,1222.18994140625,0.312161235274516,#D62728,False,
southwest,106,1,2024-06-23,1222.8209228515625,0.1815745322416014,#D62728,False,
southwest,106,1,2024-06-29,1225.635498046875,0.1323123475689264,,True,gray_between_red_segments_out_of_both_sides
southwest,106,1,2024-07-09,1223.131103515625,0.1108091357722292,#D62728,False,
southwest,106,1,2024-07-13,1222.6143188476562,0.1408910626601845,#D62728,False,
southwest,106,1,2024-07-14,1222.63525390625,0.2483279703855141,#D62728,False,
southwest,106,1,2024-07-20,1223.2408447265625,0.2531452704314027,,True,global_max_not_supported_by_neighbors
southwest,106,1,2024-07-30,1221.73486328125,0.101528830112632,,True,local_min_extreme_gt_1m
southwest,106,1,2024-08-03,1222.278564453125,0.0,#D62728,False,
southwest,106,1,2024-08-04,1213.2764485677085,0.9590094790309678,,True,right_gray_below_global_red_min_gt_3m
southwest,111,1,2024-06-02,1145.4735950520833,8.6746825600189,#CFCFCF,True,uncertainty_gt_1m
southwest,111,1,2024-06-12,1117.86328125,0.3588811324673073,#CFCFCF,False,
southwest,111,1,2024-06-18,1118.3090209960938,1.5159764380134158,#D62728,True,uncertainty_gt_1m
southwest,111,1,2024-06-23,1124.735546875,11.20202232016299,#CFCFCF,True,uncertainty_gt_1m
southwest,111,1,2024-06-28,1120.195556640625,0.1221754633069455,#D62728,False,
southwest,111,1,2024-06-29,1120.3732299804688,0.1636755958694251,#D62728,False,
southwest,111,1,2024-07-03,1118.882080078125,0.0813470107280884,#D62728,False,
southwest,111,1,2024-07-09,1118.0723876953125,0.0,#D62728,False,
southwest,111,1,2024-07-14,1123.128173828125,0.6878091666062708,,True,gray_between_red_segments_out_of_both_sides
southwest,111,1,2024-07-19,1117.2054443359375,0.1344833684785193,#D62728,False,
southwest,111,1,2024-07-20,1116.9937744140625,0.121627564989186,#D62728,False,
southwest,111,1,2024-07-24,1116.3515625,0.1346463392947474,#D62728,False,
southwest,111,1,2024-07-30,1119.7869873046875,0.5982219561855745,,True,gray_between_red_segments_out_of_both_sides
southwest,111,1,2024-08-04,1116.227587890625,0.4922726482261854,#D62728,False,
southwest,111,1,2024-08-08,1116.0729370117188,0.1559758333449331,#D62728,False,
southwest,111,1,2024-08-14,1115.8217163085938,0.1282830167618804,#D62728,False,
southwest,116,1,2024-06-02,1130.192491566051,0.8437905683408402,,True,edge_short_gray_above_nearest_red
southwest,116,1,2024-06-12,1064.3431396484375,0.2932397401685259,,True,left_gray_far_from_nearest_red_gt_3m
southwest,116,1,2024-06-23,1064.4661376953125,4.20029562568922,#D62728,True,uncertainty_gt_1m
southwest,116,1,2024-06-28,1068.191650390625,0.1995747249118113,#D62728,False,
southwest,116,1,2024-06-29,1068.38623046875,0.1556596031900639,#D62728,False,
southwest,116,1,2024-07-03,1064.6109619140625,0.0731966003962637,,True,gray_between_red_segments_out_of_both_sides
southwest,116,1,2024-07-14,1071.4091796875,0.0,,True,gray_between_red_segments_out_of_both_sides
southwest,116,1,2024-07-19,1068.874755859375,0.1696555353136229,#D62728,False,
southwest,116,1,2024-07-20,1069.103759765625,0.178361159284104,#D62728,False,
southwest,116,1,2024-07-24,1068.9427490234375,0.0959775794552227,#D62728,False,
southwest,116,1,2024-08-04,1068.9886474609375,0.3730896729724706,#D62728,False,
southwest,116,1,2024-08-08,1067.1148681640625,0.1614247497616771,#D62728,False,
southwest,116,1,2024-08-09,1066.8475952148438,0.1860267174530001,#D62728,False,
southwest,116,1,2024-08-14,1066.0587158203125,0.1314186057460721,#D62728,False,
southwest,117,1,2024-06-01,1328.5579816293025,21.48901226879955,#CFCFCF,True,uncertainty_gt_1m
southwest,117,1,2024-06-02,1388.8089282226565,0.8007039591780064,,True,edge_short_gray_above_nearest_red
southwest,117,1,2024-06-18,1362.3428955078125,0.0,,True,edge_short_gray_above_nearest_red
southwest,117,1,2024-06-22,1341.21240234375,0.1434387954495751,#D62728,False,
southwest,117,1,2024-06-22,1341.26318359375,0.1720416364327567,#D62728,False,
southwest,117,1,2024-06-23,1341.5924072265625,0.2161633142108891,#D62728,False,
southwest,117,1,2024-06-28,1341.7064208984375,0.1193924831816077,#D62728,False,
southwest,117,1,2024-06-29,1342.1883163452148,0.2169569906296277,#D62728,False,
southwest,117,1,2024-07-13,1343.7491455078125,0.1259696440648201,#D62728,False,
southwest,117,1,2024-07-14,1343.689453125,0.2469668535948521,#D62728,False,
southwest,117,1,2024-07-19,1343.072021484375,0.1272412414232852,#D62728,False,
southwest,117,1,2024-07-20,1343.03466796875,0.2141025178944917,#D62728,False,
southwest,117,1,2024-08-03,1335.3392333984375,1.1272452585679416,#CFCFCF,True,uncertainty_gt_1m
southwest,117,1,2024-08-04,1342.796875,0.0,#D62728,False,
southwest,117,1,2024-08-08,1342.224609375,0.1798862992427,#D62728,False,
southwest,117,1,2024-08-14,1352.686279296875,0.0,,True,edge_short_gray_above_nearest_red
southwest,118,1,2024-06-01,1308.57275390625,0.4950558124908544,,True,force_noise_pre_20240605
southwest,118,1,2024-06-02,1308.4205322265625,0.6674247932309618,,True,force_noise_pre_20240605
southwest,118,1,2024-06-08,1309.0220947265625,0.9042542284802578,,True,local_max_extreme_gt_1m
southwest,118,1,2024-06-22,1307.9100341796875,0.1025939624895336,#D62728,False,
southwest,118,1,2024-06-22,1307.88134765625,0.2081909006480724,#D62728,False,
southwest,118,1,2024-06-23,1310.4439697265625,0.0,,True,gray_between_red_segments_out_of_both_sides
southwest,118,1,2024-06-28,1308.8077585320725,0.245291909837749,#D62728,False,
southwest,118,1,2024-06-29,1309.083413696289,0.1724025202288444,#D62728,False,
southwest,118,1,2024-07-13,1311.1351928710938,0.1666531271270286,#D62728,False,
southwest,118,1,2024-07-14,1311.140625,0.2520379575593079,#D62728,False,
southwest,118,1,2024-07-19,1310.968994140625,0.1847621546426919,#D62728,False,
southwest,118,1,2024-07-20,1310.8907470703125,0.1442991301676956,#D62728,False,
southwest,118,1,2024-07-24,1318.4447021484375,0.4736922880117272,,True,right_gray_above_nearest_red
southwest,118,1,2024-08-03,1308.6451416015625,0.2456546161148124,#CFCFCF,False,
southwest,118,1,2024-08-04,1308.0850423177085,1.0274901219323973,#D62728,True,uncertainty_gt_1m
southwest,118,1,2024-08-08,1295.2394205729167,0.3269562645521781,,True,right_gray_below_global_red_min_gt_3m
southwest,118,1,2024-08-09,1308.6571044921875,0.0,#CFCFCF,False,
southwest,118,1,2024-08-14,1318.6397705078125,1.460824605078263,#CFCFCF,True,uncertainty_gt_1m
southwest,120,1,2024-06-01,1031.06005859375,0.717498095978412,,True,force_noise_pre_20240605
southwest,120,1,2024-06-02,1063.3996957632212,0.6378553293617041,,True,gray_between_red_segments_out_of_both_sides
southwest,120,1,2024-06-08,1032.0882765246977,0.3578536409727423,,True,pre_0613_gt_first_post_0613
southwest,120,1,2024-06-12,1031.3458251953125,0.0993263408780515,#D62728,False,
southwest,120,1,2024-06-18,1033.5089111328125,0.103142145649901,,True,gray_between_red_segments_out_of_both_sides
southwest,120,1,2024-06-22,1034.8763427734375,0.3170570376045369,,True,gray_between_red_segments_out_of_both_sides
southwest,120,1,2024-06-22,1034.8956298828125,0.3104997245662365,,True,gray_between_red_segments_out_of_both_sides
southwest,120,1,2024-06-29,1031.3725009494358,0.4804596154509743,#D62728,False,
southwest,120,1,2024-07-03,1030.322509765625,0.2000659735532286,#D62728,False,
southwest,120,1,2024-07-09,1029.8592529296875,0.3523030038905547,#D62728,False,
southwest,120,1,2024-07-13,1029.4611206054688,0.3502760888866752,#D62728,False,
southwest,120,1,2024-07-14,1029.5582275390625,0.2053787745968459,#D62728,False,
southwest,120,1,2024-07-20,1031.6905517578125,0.614737789228248,,True,gray_between_red_segments_out_of_both_sides
southwest,120,1,2024-07-24,1029.2926025390625,0.2696474063619167,#D62728,False,
southwest,120,1,2024-07-30,1029.0531616210938,0.4558494150254955,#D62728,False,
southwest,120,1,2024-08-03,1028.6502685546875,0.4125244170927251,#D62728,False,
southwest,120,1,2024-08-04,1029.0563829210068,0.375290732736326,#D62728,False,
southwest,120,1,2024-08-14,1028.7830810546875,0.3519210992017526,#D62728,False,
southwest,121,1,2024-06-01,869.6094665527344,0.6406033892204133,,True,force_noise_pre_20240605
southwest,121,1,2024-06-02,868.9006042480469,0.0987895155112309,,True,local_min_extreme_gt_1m
southwest,121,1,2024-06-02,929.1958500788762,3.866054918572617,#CFCFCF,True,uncertainty_gt_1m
southwest,121,1,2024-06-12,869.587890625,0.1972511450709962,,True,local_max_extreme_gt_1m
southwest,121,1,2024-06-18,875.7206420898438,0.1373349822608103,,True,left_gray_far_from_nearest_red_gt_3m
southwest,121,1,2024-06-19,876.3323364257812,0.1640681144962049,,True,left_gray_far_from_nearest_red_gt_3m
southwest,121,1,2024-06-22,867.2801513671875,0.3044256908825714,#D62728,False,
southwest,121,1,2024-06-23,867.3455810546875,1.0829053826905866,#D62728,True,uncertainty_gt_1m
southwest,121,1,2024-07-03,867.6700134277344,0.3493216307808697,#D62728,False,
southwest,121,1,2024-07-09,866.8326416015625,0.1304541362641469,#D62728,False,
southwest,121,1,2024-07-10,866.8840942382812,0.4184806666288378,#D62728,False,
southwest,121,1,2024-07-13,866.5289306640625,0.0772964482207938,#D62728,False,
southwest,121,1,2024-07-14,867.088671875,1.164603929815212,#D62728,True,uncertainty_gt_1m
southwest,121,1,2024-07-24,867.4932929144966,0.8799876010605595,,True,local_max_extreme_gt_1m
southwest,121,1,2024-07-31,866.8347889293324,0.7471684454091009,#D62728,False,
southwest,121,1,2024-08-03,865.6239776611328,0.4358267843347124,#D62728,False,
southwest,121,1,2024-08-04,865.033622233073,0.4428480162230379,#D62728,False,
southwest,121,1,2024-08-14,889.0244727501503,0.4375680725683711,,True,edge_short_gray_above_nearest_red
southwest,122,1,2024-06-02,915.8012573242188,18.356316449471127,#CFCFCF,True,uncertainty_gt_1m
southwest,122,1,2024-06-08,920.4763387044272,0.1185363055605233,#D62728,False,
southwest,122,1,2024-06-12,923.8629455566406,0.1133207895942102,,True,gray_between_red_segments_out_of_both_sides
southwest,122,1,2024-06-13,924.3776245117188,0.7060088191559696,,True,gray_between_red_segments_out_of_both_sides
southwest,122,1,2024-06-18,922.71875,0.1210192411452428,,True,gray_between_red_segments_out_of_both_sides
southwest,122,1,2024-06-23,923.883056640625,0.0003452669830012,,True,gray_between_red_segments_out_of_both_sides
southwest,122,1,2024-06-29,919.950015419408,0.4558371658755786,,True,local_min_extreme_gt_1m
southwest,122,1,2024-07-03,920.491465250651,0.7745473440808034,#D62728,False,
southwest,122,1,2024-07-04,920.0262756347656,0.8524795670230392,#D62728,False,
southwest,122,1,2024-07-09,919.9788513183594,0.9105765855029516,#D62728,False,
southwest,122,1,2024-07-14,815.2317481407753,114.8362391661639,#CFCFCF,True,uncertainty_gt_1m
southwest,122,1,2024-07-20,922.0364619663784,8.19974615034604,#CFCFCF,True,uncertainty_gt_1m
southwest,122,1,2024-07-24,919.6369018554688,0.3452989254976636,#D62728,False,
southwest,122,1,2024-07-25,918.9172566731772,0.7483487665440184,#D62728,False,
southwest,122,1,2024-08-09,918.8884106445312,0.9621679604342186,#D62728,False,
southwest,122,1,2024-08-14,919.4198608398438,0.8802848472305294,#D62728,False,
southwest,122,1,2024-08-15,919.7484130859376,0.0,#D62728,False,
southwest,123,1,2024-06-01,1071.2792358398438,0.465559975147104,,True,force_noise_pre_20240605
southwest,123,1,2024-06-02,1075.3465576171875,1.1447982138851422,#CFCFCF,True,uncertainty_gt_1m
southwest,123,1,2024-06-08,1096.8794447954965,0.6773643652469636,,True,gray_between_red_segments_out_of_both_sides
southwest,123,1,2024-06-12,1073.273681640625,2.189153381610515,#D62728,True,uncertainty_gt_1m
southwest,123,1,2024-06-18,1073.4122314453125,0.4315908898120464,,True,gray_between_red_segments_out_of_both_sides
southwest,123,1,2024-06-22,1075.534423828125,0.2111468900406889,,True,gray_between_red_segments_out_of_both_sides
southwest,123,1,2024-06-22,1075.491455078125,0.1927097574051163,,True,gray_between_red_segments_out_of_both_sides
southwest,123,1,2024-06-23,1076.8125,1.3046765146154684,#D62728,True,uncertainty_gt_1m
southwest,123,1,2024-06-29,959.468505859375,0.0,,True,gray_between_red_segments_out_of_both_sides
southwest,123,1,2024-07-03,1074.5380859375,0.1985789218268401,,True,gray_between_red_segments_out_of_both_sides
southwest,123,1,2024-07-09,1073.886474609375,0.0983215364475282,,True,gray_between_red_segments_out_of_both_sides
southwest,123,1,2024-07-13,1070.3084716796875,0.246063790567187,#D62728,False,
southwest,123,1,2024-07-14,1070.0452270507812,0.2050288671057565,#D62728,False,
southwest,123,1,2024-07-20,1094.8416748046875,0.6009744059054967,,True,gray_between_red_segments_out_of_both_sides
southwest,123,1,2024-07-24,1069.8684692382812,2.140360073441257,#D62728,True,uncertainty_gt_1m
southwest,123,1,2024-07-30,1068.8223266601562,0.2724799874795996,#D62728,False,
southwest,123,1,2024-08-03,1068.7562866210938,0.2399486294835104,#D62728,False,
southwest,123,1,2024-08-04,1068.718017578125,0.2213793718807844,#D62728,False,
southwest,123,1,2024-08-09,1094.4407552083333,1.165924326412335,#CFCFCF,True,uncertainty_gt_1m
southwest,123,1,2024-08-14,1068.369873046875,0.3562670996393556,#D62728,False,
southwest,125,1,2024-06-02,1288.5760062081474,14.041807555469674,#CFCFCF,True,uncertainty_gt_1m
southwest,125,1,2024-06-12,1263.8931884765625,0.0,#D62728,False,
southwest,125,1,2024-06-18,1264.619140625,0.4449517479740646,#D62728,False,
southwest,125,1,2024-06-23,1265.2431640625,0.3037686394205244,#D62728,False,
southwest,125,1,2024-06-28,1265.6849365234375,0.1265791803699436,#D62728,False,
southwest,125,1,2024-07-03,1266.272705078125,0.2472102929215178,#D62728,False,
southwest,125,1,2024-07-09,1265.8282885866115,0.3042324412049628,#D62728,False,
southwest,125,1,2024-07-14,1252.5245090060764,4.010233723963074,#CFCFCF,True,uncertainty_gt_1m
southwest,125,1,2024-07-19,1265.1162719726562,0.1333962364430173,#D62728,False,
southwest,125,1,2024-07-24,1264.5924682617188,0.1036224374842412,#D62728,False,
southwest,125,1,2024-07-30,1264.2262390136718,0.4258169542399012,#D62728,False,
southwest,125,1,2024-08-04,1264.4910278320312,0.0803608902935395,#D62728,False,
southwest,125,1,2024-08-08,1264.2155721028646,0.1101664292954665,#D62728,False,
southwest,125,1,2024-08-14,1263.7867431640625,0.1041302338560336,#D62728,False,
southwest,135,1,2024-06-02,1184.7229614257812,1.289727384653509,#CFCFCF,True,uncertainty_gt_1m
southwest,135,1,2024-06-12,1162.8459995814733,0.247935912147361,#D62728,False,
southwest,135,1,2024-06-18,1164.1670532226562,7.765198190151489,#D62728,True,uncertainty_gt_1m
southwest,135,1,2024-06-23,1183.1677856445312,1.7207505713368203,#CFCFCF,True,uncertainty_gt_1m
southwest,135,1,2024-06-28,1163.091766357422,0.1703630659638159,#D62728,False,
southwest,135,1,2024-07-03,1162.7402954101562,0.159658507921259,#D62728,False,
southwest,135,1,2024-07-09,1178.609619140625,0.1597793106765845,,True,gray_between_red_segments_out_of_both_sides
southwest,135,1,2024-07-14,1193.9469958393513,11.978592954738264,#CFCFCF,True,uncertainty_gt_1m
southwest,135,1,2024-07-19,1162.8665625661465,0.1048697126663772,#D62728,False,
southwest,135,1,2024-07-24,1162.033203125,0.1313612324308649,#D62728,False,
southwest,135,1,2024-07-30,1177.0799560546875,0.3444987866629074,,True,gray_between_red_segments_out_of_both_sides
southwest,135,1,2024-08-04,1185.8682861328125,1.1096079037501825,#CFCFCF,True,uncertainty_gt_1m
southwest,135,1,2024-08-08,1161.642621935511,0.1099498060529362,#D62728,False,
southwest,135,1,2024-08-14,1184.694091796875,0.1681915471567512,,True,edge_short_gray_above_nearest_red
southwest,136,1,2024-06-01,1094.360610961914,12.276205132590016,#CFCFCF,True,uncertainty_gt_1m
southwest,136,1,2024-06-02,1102.182373046875,0.4286262605046,,True,force_noise_pre_20240605
southwest,136,1,2024-06-18,1102.906982421875,0.1674599129127422,#D62728,False,
southwest,136,1,2024-06-19,1103.2076416015625,0.2582536168798316,#D62728,False,
southwest,136,1,2024-06-22,1104.6146240234375,0.124521131367721,#D62728,False,
southwest,136,1,2024-07-09,1107.197265625,0.1015704611401293,,True,gray_between_red_segments_out_of_both_sides
southwest,136,1,2024-07-10,1103.1025390625,0.1568525601055911,#D62728,False,
southwest,136,1,2024-07-13,1101.7218017578125,0.1290143023741564,#D62728,False,
southwest,136,1,2024-07-14,1101.5488891601562,0.4800074231174793,#D62728,False,
southwest,136,1,2024-07-30,1100.4144897460938,0.109363316865644,#D62728,False,
southwest,136,1,2024-08-03,1100.6328287760416,0.1417247658423714,#D62728,False,
southwest,136,1,2024-08-04,1100.432149251302,0.4373086607415912,#D62728,False,
southwest,139,1,2024-06-01,1287.4345703125,0.1686459973731313,,True,force_noise_pre_20240605
southwest,139,1,2024-06-02,1287.06201171875,0.5229596705757105,,True,force_noise_pre_20240605
southwest,139,1,2024-06-08,1268.0662010679853,2.731440278229504,#CFCFCF,True,uncertainty_gt_1m
southwest,139,1,2024-06-12,1299.4329427083333,0.9034605593021812,,True,gray_between_red_segments_out_of_both_sides
southwest,139,1,2024-06-22,1287.7337646484375,0.1793294848856257,#D62728,False,
southwest,139,1,2024-06-22,1287.8072509765625,0.1729414907279806,#D62728,False,
southwest,139,1,2024-06-23,1287.98681640625,0.389292815223821,#D62728,False,
southwest,139,1,2024-06-28,1288.2405308314733,0.224377994402356,#D62728,False,
southwest,139,1,2024-06-29,1288.635009765625,0.0765496309222616,#D62728,False,
southwest,139,1,2024-07-03,1298.9802856445312,0.488969838301559,,True,gray_between_red_segments_out_of_both_sides
southwest,139,1,2024-07-13,1288.8934936523438,0.1193601384699449,#D62728,False,
southwest,139,1,2024-07-14,1288.4813232421875,0.2586467602101914,#D62728,False,
southwest,139,1,2024-07-19,1287.8025512695312,0.1882041794232871,#D62728,False,
southwest,139,1,2024-07-20,1287.9146118164062,0.1513591484453027,#D62728,False,
southwest,139,1,2024-07-24,1297.5386352539062,0.1076960856622383,,True,edge_short_gray_above_nearest_red
southwest,139,1,2024-08-03,1256.1309271918403,0.8894600718245609,,True,right_gray_below_global_red_min_gt_3m
southwest,139,1,2024-08-09,1270.6331176757812,1.8909788260385645,#CFCFCF,True,uncertainty_gt_1m
southwest,139,1,2024-08-14,1280.4133707682292,10.04010364858128,#CFCFCF,True,uncertainty_gt_1m
southwest,140,1,2024-06-02,1161.7946457387377,65.23826223356474,#CFCFCF,True,uncertainty_gt_1m
southwest,140,1,2024-06-12,1131.1102294921875,0.2014936950326042,#CFCFCF,False,
southwest,140,1,2024-06-23,1133.260009765625,0.1303896112823315,#D62728,False,
southwest,140,1,2024-06-28,1134.1026611328125,0.1510332687045148,#D62728,False,
southwest,140,1,2024-06-29,1132.6937255859375,0.1431601449830045,#D62728,False,
southwest,140,1,2024-07-03,1118.1001906622023,0.3768068531936177,,True,gray_between_red_segments_out_of_both_sides
southwest,140,1,2024-07-14,1129.4290568033855,0.3657460199650075,#D62728,False,
southwest,140,1,2024-07-19,1129.2350463867188,0.1510098880297459,#D62728,False,
southwest,140,1,2024-07-20,1129.103759765625,0.1541678545270612,#D62728,False,
southwest,140,1,2024-07-24,1128.4620971679688,0.3111183978199169,#D62728,False,
southwest,140,1,2024-08-04,1128.1483154296875,0.2344737169178819,#D62728,False,
southwest,140,1,2024-08-08,1120.0174967447915,0.4620418949683352,,True,gray_between_red_segments_out_of_both_sides
southwest,140,1,2024-08-09,1127.837432861328,0.2628789871761152,#D62728,False,
southwest,140,1,2024-08-14,1127.7213745117188,0.4786767253555722,#D62728,False,
southwest,145,1,2024-06-01,1174.0028076171875,0.5802356025007536,,True,left_gray_far_from_nearest_red_gt_3m
southwest,145,1,2024-06-02,1187.1837488122887,18.376486710075355,#CFCFCF,True,uncertainty_gt_1m
southwest,145,1,2024-06-08,1171.535400390625,0.0,,True,left_gray_far_from_nearest_red_gt_3m
southwest,145,1,2024-06-22,1179.3983764648438,0.3259327401878186,#D62728,False,
southwest,145,1,2024-06-22,1179.37939453125,0.3240428286788069,#D62728,False,
southwest,145,1,2024-06-23,1179.9089965820312,0.2680134955547156,#D62728,False,
southwest,145,1,2024-06-28,1180.6388549804688,0.1246120899411405,#D62728,False,
southwest,145,1,2024-06-29,1179.7146606445312,0.1573392895221899,#D62728,False,
southwest,145,1,2024-07-03,1174.4863198770058,0.1342030903790871,#D62728,False,
southwest,145,1,2024-07-13,1173.622314453125,0.3437318882232325,#D62728,False,
southwest,145,1,2024-07-14,1173.6323852539062,0.122626919333102,#D62728,False,
southwest,145,1,2024-07-19,1174.2130126953125,0.1265173062180814,#D62728,False,
southwest,145,1,2024-07-20,1174.02734375,0.1326962332600907,#D62728,False,
southwest,145,1,2024-07-24,1173.53076171875,0.0564475598285838,#D62728,False,
southwest,145,1,2024-08-03,1173.1873873197114,0.4620525495575894,#D62728,False,
southwest,145,1,2024-08-04,1173.7353515625,0.1556163815329491,#D62728,False,
southwest,145,1,2024-08-08,1173.2967529296875,0.1454080263284239,#D62728,False,
southwest,145,1,2024-08-09,1173.2681274414062,0.1220267469497186,#D62728,False,
southwest,145,1,2024-08-14,1173.0281742640905,0.1204373497115122,#D62728,False,
southwest,146,1,2024-06-01,1302.287588936942,0.4106194014600433,,True,left_gray_far_from_nearest_red_gt_3m
southwest,146,1,2024-06-08,1320.4720764160156,0.126607860670214,,True,pre_0613_gt_first_post_0613
southwest,146,1,2024-06-12,1306.9271809895831,2.060490910470227,#CFCFCF,True,uncertainty_gt_1m
southwest,146,1,2024-06-18,1320.2650451660156,0.1373345222816149,#D62728,False,
southwest,146,1,2024-06-22,1320.311693693462,0.2265634164133473,#D62728,False,
southwest,146,1,2024-06-29,1320.9263916015625,0.0874168868445216,#D62728,False,
southwest,146,1,2024-07-03,1321.1925064478164,0.1854376726367379,#D62728,False,
southwest,146,1,2024-07-09,1321.672607421875,0.1087094475407854,#D62728,False,
southwest,146,1,2024-07-13,1321.90185546875,0.090090006676822,#D62728,False,
southwest,146,1,2024-07-20,1322.0249633789062,0.1772199118162234,#D62728,False,
southwest,146,1,2024-07-24,1320.5615452357702,0.3851686921506104,#D62728,False,
southwest,146,1,2024-07-30,1320.1678466796875,0.1207969701378686,#D62728,False,
southwest,146,1,2024-08-03,1302.1743977864585,0.6471185061562648,,True,gray_between_red_segments_out_of_both_sides
southwest,146,1,2024-08-09,1319.6417236328125,0.1388083519882592,#D62728,False,
southwest,146,1,2024-08-14,1319.4840510441709,0.3965782725601136,#D62728,False,
southwest,147,1,2024-06-01,1071.4195556640625,1.949902345363812,#CFCFCF,True,uncertainty_gt_1m
southwest,147,1,2024-06-02,1111.8011542426216,10.753308533184905,#CFCFCF,True,uncertainty_gt_1m
southwest,147,1,2024-06-18,1072.2738037109375,0.1107312221254205,#D62728,False,
southwest,147,1,2024-06-19,1072.9410400390625,0.3098693760290771,#D62728,False,
southwest,147,1,2024-06-22,1072.2569580078125,0.1613325040282263,#D62728,False,
southwest,147,1,2024-06-23,1071.609619140625,0.3024087775168375,#D62728,False,
southwest,147,1,2024-06-29,1055.7500610351562,40.62915945276781,#CFCFCF,True,uncertainty_gt_1m
southwest,147,1,2024-07-09,1071.2550048828125,0.1125846672170556,#D62728,False,
southwest,147,1,2024-07-10,1070.6158447265625,0.365427826272529,#D62728,False,
southwest,147,1,2024-07-13,1070.4462280273438,0.1625778238612192,#D62728,False,
southwest,147,1,2024-07-14,1070.450927734375,0.2305385223655381,#D62728,False,
southwest,147,1,2024-07-30,1069.4678344726562,0.1243682397020246,#D62728,False,
southwest,147,1,2024-07-31,1069.4005737304688,0.372353525838222,#D62728,False,
southwest,147,1,2024-08-03,1069.3857421875,0.2625184509199404,#D62728,False,
southwest,147,1,2024-08-04,1069.2366943359375,0.2254370539099643,#D62728,False,
southwest,148,1,2024-06-12,1067.8385009765625,0.1540849733484283,#D62728,False,
southwest,148,1,2024-06-13,1067.6649169921875,0.537545779407805,#D62728,False,
southwest,148,1,2024-06-18,1071.664306640625,0.7953552608073953,,True,gray_between_red_segments_out_of_both_sides
southwest,148,1,2024-06-28,1073.0960693359375,0.1204686912109973,,True,gray_between_red_segments_out_of_both_sides
southwest,148,1,2024-07-04,1074.9759521484375,0.2146551433005192,,True,gray_between_red_segments_out_of_both_sides
southwest,148,1,2024-07-19,1067.9454345703125,0.2016450388287772,#D62728,False,
southwest,148,1,2024-07-24,1067.1361083984375,0.1224304082518467,#D62728,False,
southwest,148,1,2024-07-25,1067.2010498046875,0.331431780299094,#D62728,False,
southwest,148,1,2024-07-30,1076.936279296875,6.652078833151886,#CFCFCF,True,uncertainty_gt_1m
southwest,148,1,2024-08-08,1067.2418212890625,0.2303638022512783,#D62728,False,
southwest,148,1,2024-08-14,1066.7418212890625,0.1860415628320502,#D62728,False,
southwest,148,1,2024-08-15,1066.3817138671875,0.1445081312970647,#D62728,False,
southwest,149,1,2024-06-01,1225.6417236328125,0.4730904803972539,,True,force_noise_pre_20240605
southwest,149,1,2024-06-02,1225.5283813476562,0.382911682255584,,True,force_noise_pre_20240605
southwest,149,1,2024-06-08,1208.1267688679245,2.822314350013458,#CFCFCF,True,uncertainty_gt_1m
southwest,149,1,2024-06-12,1225.1422119140625,0.0,#D62728,False,
southwest,149,1,2024-06-18,1225.4015502929688,0.1121432932206694,#D62728,False,
southwest,149,1,2024-06-22,1226.1480712890625,0.1470664656953681,#D62728,False,
southwest,149,1,2024-06-22,1226.15234375,0.1576307776164594,#D62728,False,
southwest,149,1,2024-06-23,1226.5277099609375,0.2572590655926153,#D62728,False,
southwest,149,1,2024-06-28,1227.4960327148438,0.2512694897025269,#D62728,False,
southwest,149,1,2024-06-29,1227.758544921875,0.10214805332672,#D62728,False,
southwest,149,1,2024-07-09,1226.1615600585938,0.1498563513002948,#D62728,False,
southwest,149,1,2024-07-13,1225.6265258789062,0.1347459354956413,#D62728,False,
southwest,149,1,2024-07-14,1225.6085205078125,0.1768574947953841,#D62728,False,
southwest,149,1,2024-07-19,1225.5928955078125,0.3223679371873596,#D62728,False,
southwest,149,1,2024-07-20,1225.5554809570312,0.1601736800614425,#D62728,False,
southwest,149,1,2024-07-30,1224.893310546875,0.2745427248216334,,True,local_min_extreme_gt_1m
southwest,149,1,2024-08-03,1225.5213623046875,0.0,#D62728,False,
southwest,149,1,2024-08-04,1225.2803955078125,0.0,#D62728,False,
southwest,149,1,2024-08-08,1224.8433227539062,0.4210441568023228,#D62728,False,
southwest,149,1,2024-08-09,1224.4581787109375,0.4813523781239706,#D62728,False,
southwest,160,1,2024-06-01,1044.4259033203125,0.5862960598654929,,True,force_noise_pre_20240605
southwest,160,1,2024-06-02,1087.81083984375,0.910815174794888,,True,gray_between_red_segments_out_of_both_sides
southwest,160,1,2024-06-08,1059.412737165179,0.7984478990409977,,True,gray_between_red_segments_out_of_both_sides
southwest,160,1,2024-06-18,1046.032958984375,0.116359163000634,,True,gray_between_red_segments_out_of_both_sides
southwest,160,1,2024-06-19,1046.6483154296875,0.2133702213948705,,True,gray_between_red_segments_out_of_both_sides
southwest,160,1,2024-06-22,1044.0262451171875,0.1652396827353914,#D62728,False,
southwest,160,1,2024-06-23,1044.2484130859375,0.2259017997519931,#D62728,False,
southwest,160,1,2024-06-29,1058.139653132512,2.2657342451606963,#CFCFCF,True,uncertainty_gt_1m
southwest,160,1,2024-07-09,1042.98291015625,0.196655962776632,#D62728,False,
southwest,160,1,2024-07-10,1042.8328150699012,0.4176668074394205,#D62728,False,
southwest,160,1,2024-07-13,1042.6938643022015,0.3097314798605999,#D62728,False,
southwest,160,1,2024-07-14,1042.9176330566406,0.7067193762563995,#D62728,False,
southwest,160,1,2024-07-30,1042.099755859375,0.3176908165110275,#D62728,False,
southwest,160,1,2024-07-31,1041.3704223632812,1.0595380540850672,#D62728,True,uncertainty_gt_1m
southwest,160,1,2024-08-03,1042.1589965820312,0.5278335707715851,#D62728,False,
southwest,160,1,2024-08-04,1042.0644847728588,0.3689665262991205,#D62728,False,
southwest,161,1,2024-06-02,1264.820245361328,0.3420485993064118,,True,edge_short_gray_above_nearest_red
southwest,161,1,2024-06-18,1236.71015625,0.3289802858574674,#D62728,False,
southwest,161,1,2024-06-23,1237.6846538342927,0.1999844277325984,#D62728,False,
southwest,161,1,2024-06-28,1238.3017578125,0.1393822870019345,#D62728,False,
southwest,161,1,2024-07-03,1238.662056758486,0.108659543712487,#D62728,False,
southwest,161,1,2024-07-09,1238.0817504882812,0.1054309738072545,#D62728,False,
southwest,161,1,2024-07-14,1264.5063069661458,0.1758097448918532,,True,gray_between_red_segments_out_of_both_sides
southwest,161,1,2024-07-19,1237.4564819335938,0.137440633285949,#D62728,False,
southwest,161,1,2024-08-08,1236.0614624023438,0.1770761056495555,#D62728,False,
southwest,162,1,2024-06-08,1386.035400390625,0.0,,True,left_gray_far_from_nearest_red_gt_3m
southwest,162,1,2024-06-12,1391.7085767062206,1.8746184125742,#CFCFCF,True,uncertainty_gt_1m
southwest,162,1,2024-06-22,1405.3302001953125,0.7456352929073415,,True,edge_short_gray_above_nearest_red
southwest,162,1,2024-06-28,1389.3290405273438,0.4090550581107237,,True,left_gray_far_from_nearest_red_gt_3m
southwest,162,1,2024-07-03,1402.4873657226562,0.0463520924679169,#D62728,False,
southwest,162,1,2024-07-13,1403.679815118963,0.1853802900311027,#D62728,False,
southwest,162,1,2024-07-19,1404.668212890625,0.1180060454005177,#D62728,False,
southwest,162,1,2024-07-20,1404.5594482421875,0.2237789302815537,#D62728,False,
southwest,162,1,2024-07-24,1404.156568400065,0.1733833411349807,#D62728,False,
southwest,162,1,2024-08-03,1400.4339076450892,5.905434338888351,#CFCFCF,True,uncertainty_gt_1m
southwest,162,1,2024-08-08,1429.5361071134869,27.37737646396708,#CFCFCF,True,uncertainty_gt_1m
southwest,162,1,2024-08-09,1403.9976806640625,0.0,#D62728,False,
southwest,162,1,2024-08-14,1402.9282620943509,0.1769034527378809,#D62728,False,
southwest,163,1,2024-06-12,956.7503662109376,0.1239638620389643,,True,edge_short_gray_above_nearest_red
southwest,163,1,2024-06-28,953.5509643554688,0.1478736501531054,#D62728,False,
southwest,163,1,2024-06-29,955.8175354003906,2.542243954211034,#CFCFCF,True,uncertainty_gt_1m
southwest,163,1,2024-07-03,953.0392303466796,0.1416890750867434,#D62728,False,
southwest,163,1,2024-07-04,952.8644409179688,0.3354832398445663,#D62728,False,
southwest,163,1,2024-07-19,952.32275390625,0.1648701809975854,#D62728,False,
southwest,163,1,2024-07-20,952.1245196798574,0.2467995909149397,#D62728,False,
southwest,163,1,2024-07-24,951.8052368164062,0.1894899392444207,#D62728,False,
southwest,163,1,2024-07-25,952.1206420898436,0.5967921567766066,#D62728,False,
southwest,163,1,2024-08-08,951.961191813151,0.2185975726279025,#D62728,False,
southwest,163,1,2024-08-09,951.751823425293,0.3262168184966298,#D62728,False,
southwest,163,1,2024-08-14,951.8853149414062,0.1953812446411847,#D62728,False,
southwest,164,1,2024-06-02,1128.5488859477796,0.4110560772055979,,True,force_noise_pre_20240605
southwest,164,1,2024-06-12,1128.65869140625,0.1055651921404076,,True,pre_0613_gt_first_post_0613
southwest,164,1,2024-06-23,1154.518790108817,4.061832653474137,#CFCFCF,True,uncertainty_gt_1m
southwest,164,1,2024-06-28,1130.944580078125,0.1104185117736072,,True,gray_between_red_segments_out_of_both_sides
southwest,164,1,2024-06-29,1131.0969848632812,0.1959095515168969,,True,gray_between_red_segments_out_of_both_sides
southwest,164,1,2024-07-03,1128.1282348632812,0.1289511137841262,#D62728,False,
southwest,164,1,2024-07-09,1127.6068725585938,1.413091444678341,#D62728,True,uncertainty_gt_1m
southwest,164,1,2024-07-14,1127.7227172851562,0.1195587865932828,#D62728,False,
southwest,164,1,2024-07-19,1127.607666015625,0.1423587638261614,#D62728,False,
southwest,164,1,2024-07-20,1127.447265625,0.1618868183980996,#D62728,False,
southwest,164,1,2024-07-24,1127.0233764648438,0.1077956454117769,#D62728,False,
southwest,164,1,2024-08-04,1127.008544921875,0.2027355605307156,#D62728,False,
southwest,164,1,2024-08-08,1126.828369140625,0.0912073462988635,#D62728,False,
southwest,164,1,2024-08-09,1126.8431396484375,0.1442375349872824,#D62728,False,
southwest,164,1,2024-08-14,1126.586181640625,0.1184909321097351,#D62728,False,
southwest,168,1,2024-06-01,1369.1003671710412,0.4805020094230504,,True,left_gray_far_from_nearest_red_gt_3m
southwest,168,1,2024-06-08,1384.640869140625,0.2050885879027388,,True,pre_0613_gt_first_post_0613
southwest,168,1,2024-06-12,1364.2913902545797,1.4866723033704463,#CFCFCF,True,uncertainty_gt_1m
southwest,168,1,2024-06-22,1368.9612426757812,0.4719953171069124,,True,gray_between_red_segments_out_of_both_sides
southwest,168,1,2024-06-22,1372.462439164959,6.550525007990476,#CFCFCF,True,uncertainty_gt_1m
southwest,168,1,2024-06-28,1376.6248779296875,0.0,,True,gray_between_red_segments_out_of_both_sides
southwest,168,1,2024-07-03,1383.79931640625,0.2250042282552446,#D62728,False,
southwest,168,1,2024-07-13,1383.9224853515625,0.2589695622737644,#D62728,False,
southwest,168,1,2024-07-19,1384.1785888671875,0.2114184631330756,#D62728,False,
southwest,168,1,2024-07-20,1384.1961059570312,0.1220295303491339,#D62728,False,
southwest,168,1,2024-07-24,1383.547191130809,0.1626390081192308,#D62728,False,
southwest,168,1,2024-08-03,1368.91064518056,0.4820097665948741,,True,gray_between_red_segments_out_of_both_sides
southwest,168,1,2024-08-08,1376.0463256835938,0.3028854608378412,,True,gray_between_red_segments_out_of_both_sides
southwest,168,1,2024-08-09,1383.6517944335938,0.1873035560815057,#D62728,False,
southwest,168,1,2024-08-14,1383.5592367989675,0.1941101512099527,#D62728,False,
southwest,171,1,2024-06-02,1127.6626620449863,1.0125697700477292,#CFCFCF,True,uncertainty_gt_1m
southwest,171,1,2024-06-12,1101.2305908203125,0.1196510476782196,,True,pre_0613_gt_first_post_0613
southwest,171,1,2024-06-23,1117.2111400956867,14.878315516794984,#CFCFCF,True,uncertainty_gt_1m
southwest,171,1,2024-06-28,1100.7855224609375,0.159649758450519,#D62728,False,
southwest,171,1,2024-06-29,1100.773681640625,0.1541348965800107,#D62728,False,
southwest,171,1,2024-07-03,1100.3701171875,0.1004322341411924,#D62728,False,
southwest,171,1,2024-07-14,1100.5914306640625,0.6737321348511144,#D62728,False,
southwest,171,1,2024-07-19,1100.11474609375,0.1462008080366422,#D62728,False,
southwest,171,1,2024-07-20,1099.82080078125,0.1434430272416996,#D62728,False,
southwest,171,1,2024-07-24,1099.3184814453125,0.2150865413357121,#D62728,False,
southwest,171,1,2024-08-04,1099.3511962890625,0.3374443629632357,#D62728,False,
southwest,171,1,2024-08-08,1099.098388671875,0.1567336763689648,#D62728,False,
southwest,171,1,2024-08-14,1098.8245239257812,0.2747452341002893,#D62728,False,
southwest,172,1,2024-06-01,1172.0455636160714,17.891255423748927,#CFCFCF,True,uncertainty_gt_1m
southwest,172,1,2024-06-02,1219.489988727334,23.92997746449528,#CFCFCF,True,uncertainty_gt_1m
southwest,172,1,2024-06-08,1194.0423828125,1.2033022508471534,#CFCFCF,True,uncertainty_gt_1m
southwest,172,1,2024-06-18,1187.289082845052,0.2840505238712791,#CFCFCF,False,
southwest,172,1,2024-06-22,1189.0291748046875,0.1363166831309001,#D62728,False,
southwest,172,1,2024-06-23,1189.6103515625,0.3317123736863129,#D62728,False,
southwest,172,1,2024-06-29,1184.5431213378906,2.7041474303867346,#CFCFCF,True,uncertainty_gt_1m
southwest,172,1,2024-07-09,1187.739013671875,0.272743769296724,#D62728,False,
southwest,172,1,2024-07-13,1187.1695556640625,0.1603043003518955,#D62728,False,
southwest,172,1,2024-07-14,1187.222900390625,0.1653428512255044,#D62728,False,
southwest,172,1,2024-07-20,1196.5830078125,0.0,,True,gray_between_red_segments_out_of_both_sides
southwest,172,1,2024-07-30,1186.6108947753903,0.2038703661763588,,True,local_min_extreme_gt_1m
southwest,172,1,2024-08-03,1187.3409423828125,0.0,,True,local_max_extreme_gt_1m
southwest,172,1,2024-08-04,1186.653076171875,0.3191785978887603,#D62728,False,
southwest,172,1,2024-08-09,1200.0745239257812,1.1550043748849113,#CFCFCF,True,uncertainty_gt_1m
southwest,175,1,2024-06-01,1079.8051147460938,0.309296460428958,,True,force_noise_pre_20240605
southwest,175,1,2024-06-02,1090.627578363186,19.13745220645609,#CFCFCF,True,uncertainty_gt_1m
southwest,175,1,2024-06-08,1088.34130859375,0.2287159310829228,,True,gray_between_red_segments_out_of_both_sides
southwest,175,1,2024-06-12,1104.083480834961,1.352029586517231,#CFCFCF,True,uncertainty_gt_1m
southwest,175,1,2024-06-18,1081.208251953125,0.1554377936196713,#D62728,False,
southwest,175,1,2024-06-19,1081.653564453125,0.263066102200114,#D62728,False,
southwest,175,1,2024-06-22,1082.1368408203125,0.1706111860423391,#D62728,False,
southwest,175,1,2024-06-23,1081.980224609375,0.1484648026905348,#D62728,False,
southwest,175,1,2024-06-29,1021.9427083333334,1.7051521389348696,#CFCFCF,True,uncertainty_gt_1m
southwest,175,1,2024-07-09,1079.0831909179688,0.2408043299773359,#D62728,False,
southwest,175,1,2024-07-10,1079.0489366319443,0.4939169563898462,#D62728,False,
southwest,175,1,2024-07-13,1078.8626708984375,0.0720846900968444,#D62728,False,
southwest,175,1,2024-07-30,1078.3230590820312,0.0054379549822695,#D62728,False,
southwest,175,1,2024-08-03,1078.5019124348958,0.4055552471807837,#D62728,False,
southwest,175,1,2024-08-04,1078.7652587890625,0.7749517433462919,#D62728,False,
southwest,175,1,2024-08-14,1076.7378173828124,0.4664492686851728,#CFCFCF,False,
southwest,176,1,2024-06-01,879.0122680664062,0.0,,True,left_gray_far_from_nearest_red_gt_3m
southwest,176,1,2024-06-18,882.8767700195312,0.4265756247834302,#D62728,False,
southwest,176,1,2024-06-19,883.2242736816406,0.171091487338235,#D62728,False,
southwest,176,1,2024-06-22,883.6083984375,0.1582230681119682,#D62728,False,
southwest,176,1,2024-07-09,879.3772583007812,0.416013404136586,#D62728,False,
southwest,176,1,2024-07-10,878.9148028829824,0.2639924315160627,#D62728,False,
southwest,176,1,2024-07-13,878.641357421875,0.1220684090490368,#D62728,False,
southwest,176,1,2024-07-31,871.2865600585938,0.0,,True,right_gray_below_global_red_min_gt_3m
southwest,176,1,2024-08-03,865.7741088867188,1.4661849466872512,#CFCFCF,True,uncertainty_gt_1m
southwest,177,1,2024-06-01,979.14453125,0.2007923847150553,,True,force_noise_pre_20240605
southwest,177,1,2024-06-02,1042.33203125,15.457416742861945,#CFCFCF,True,uncertainty_gt_1m
southwest,177,1,2024-06-02,1020.5209350585938,0.375973020264424,,True,gray_between_red_segments_out_of_both_sides
southwest,177,1,2024-06-18,981.3031005859376,0.138263062922798,,True,gray_between_red_segments_out_of_both_sides
southwest,177,1,2024-06-19,981.6986694335938,0.2085129422405297,,True,gray_between_red_segments_out_of_both_sides
southwest,177,1,2024-06-22,978.3621826171876,0.1906221824869389,#D62728,False,
southwest,177,1,2024-06-23,980.0685424804688,0.0,,True,gray_between_red_segments_out_of_both_sides
southwest,177,1,2024-06-23,978.377197265625,0.0,#D62728,False,
southwest,177,1,2024-07-09,978.137435913086,0.3724135015926877,#D62728,False,
southwest,177,1,2024-07-10,977.7671508789062,0.0,#D62728,False,
southwest,177,1,2024-07-13,977.6593627929688,0.0,#D62728,False,
southwest,177,1,2024-07-14,978.0050659179688,0.0,#D62728,False,
southwest,177,1,2024-07-14,972.8836669921876,2.110796332986318,#CFCFCF,True,uncertainty_gt_1m
southwest,177,1,2024-08-03,965.8634643554688,0.0,,True,right_gray_below_global_red_min_gt_3m
southwest,177,1,2024-08-04,969.1416015625,5.081642481266715,#CFCFCF,True,uncertainty_gt_1m
southwest,177,1,2024-08-04,974.3624145507812,0.80015919692084,,True,right_gray_below_global_red_min_gt_3m
southwest,178,1,2024-06-01,1174.3241182215074,16.678381637199177,#CFCFCF,True,uncertainty_gt_1m
southwest,178,1,2024-06-02,1210.60235786438,26.032344184314184,#CFCFCF,True,uncertainty_gt_1m
southwest,178,1,2024-06-08,1196.5979614257812,0.1352583405907373,,True,edge_short_gray_above_nearest_red
southwest,178,1,2024-06-18,1188.0982152035365,0.2026802580176102,#D62728,False,
southwest,178,1,2024-06-22,1189.17431640625,0.1508610522699895,#D62728,False,
southwest,178,1,2024-06-23,1189.379638671875,0.193983428741584,#D62728,False,
southwest,178,1,2024-06-29,1189.8759765625,0.7605038401310075,#D62728,False,
southwest,178,1,2024-07-09,1188.243408203125,0.0926502499606198,#D62728,False,
southwest,178,1,2024-07-13,1187.9744873046875,0.1905765021334175,#D62728,False,
southwest,178,1,2024-07-14,1187.967529296875,0.1471363108041727,#D62728,False,
southwest,178,1,2024-07-20,1187.8281690809465,0.4408207451358372,#D62728,False,
southwest,178,1,2024-07-30,1187.033333443307,0.1743731455080849,#D62728,False,
southwest,178,1,2024-08-03,1187.083251953125,0.2203685221963421,#D62728,False,
southwest,178,1,2024-08-04,1187.1778564453125,0.3695241560466759,#D62728,False,
southwest,178,1,2024-08-09,1198.9786376953125,15.052710073518671,#CFCFCF,True,uncertainty_gt_1m
southwest,182,1,2024-06-01,1249.059375690964,26.981098005487706,#CFCFCF,True,uncertainty_gt_1m
southwest,182,1,2024-06-02,1308.160870095958,1.187373637488264,#CFCFCF,True,uncertainty_gt_1m
southwest,182,1,2024-06-12,1302.1877746582031,18.09287311540018,#CFCFCF,True,uncertainty_gt_1m
southwest,182,1,2024-06-18,1304.006591796875,1.075600330118025,#CFCFCF,True,uncertainty_gt_1m
southwest,182,1,2024-06-22,1276.7537841796875,0.0,#D62728,False,
southwest,182,1,2024-06-23,1306.475830078125,0.116264647850785,,True,gray_between_red_segments_out_of_both_sides
southwest,182,1,2024-06-28,1309.277099609375,0.0,,True,gray_between_red_segments_out_of_both_sides
southwest,182,1,2024-06-29,1275.7770385742188,0.4188257880565157,#D62728,False,
southwest,182,1,2024-07-03,1276.0698568170722,0.1852158684311026,#D62728,False,
southwest,182,1,2024-07-09,1304.0623779296875,2.6233422488698688,#CFCFCF,True,uncertainty_gt_1m
southwest,182,1,2024-07-13,1274.63037109375,0.2874511077623454,#D62728,False,
southwest,182,1,2024-07-14,1281.9871351453994,13.926563691454248,#CFCFCF,True,uncertainty_gt_1m
southwest,182,1,2024-07-19,1313.4576416015625,0.0,,True,gray_between_red_segments_out_of_both_sides
southwest,182,1,2024-07-20,1274.239013671875,0.2849275078773901,#D62728,False,
southwest,182,1,2024-07-24,1273.9423489040798,0.2382617191879503,#D62728,False,
southwest,182,1,2024-07-30,1301.0482991536458,1.1917244642572582,#CFCFCF,True,uncertainty_gt_1m
southwest,182,1,2024-08-03,1273.1782836914062,0.0876114969365656,,True,local_min_extreme_gt_1m
southwest,182,1,2024-08-04,1273.7122239332932,0.2464955476755924,#D62728,False,
southwest,182,1,2024-08-09,1273.8643595377605,1.656219211178234,#D62728,True,uncertainty_gt_1m
southwest,182,1,2024-08-14,1308.7300455729169,0.2302275305866389,,True,edge_short_gray_above_nearest_red
southwest,183,1,2024-06-01,1244.6685791015625,0.3792134408809874,,True,force_noise_pre_20240605
southwest,183,1,2024-06-02,1269.906608715392,22.32746714324276,#CFCFCF,True,uncertainty_gt_1m
southwest,183,1,2024-06-08,1237.0251159667969,0.233262311005247,,True,gray_between_red_segments_out_of_both_sides
southwest,183,1,2024-06-22,1245.8560791015625,0.2193837132434988,#D62728,False,
southwest,183,1,2024-06-22,1245.851806640625,0.272215530258276,#D62728,False,
southwest,183,1,2024-06-23,1246.16748046875,0.1665351405341663,#D62728,False,
southwest,183,1,2024-06-28,1246.9510498046875,0.1465841605559017,#D62728,False,
southwest,183,1,2024-06-29,1247.1400146484375,0.1464679533777116,#D62728,False,
southwest,183,1,2024-07-13,1245.7017822265625,0.1641257738843483,#D62728,False,
southwest,183,1,2024-07-14,1245.6152954101562,0.1402456155475918,#D62728,False,
southwest,183,1,2024-07-19,1245.6298828125,0.1264617235291972,#D62728,False,
southwest,183,1,2024-07-20,1245.578857421875,0.1494388006461032,#D62728,False,
southwest,183,1,2024-08-03,1245.3012288411458,0.2370446264943038,#D62728,False,
southwest,183,1,2024-08-04,1242.1673583984375,0.0,,True,gray_between_red_segments_out_of_both_sides
southwest,183,1,2024-08-08,1244.8521728515625,0.1658975514074969,#D62728,False,
southwest,183,1,2024-08-09,1244.7347412109375,0.0973116114035354,#D62728,False,
southwest,186,1,2024-06-02,821.0438232421875,2.385967486030096,#CFCFCF,True,uncertainty_gt_1m
southwest,186,1,2024-06-08,980.5129638671876,1.3197098897344,#CFCFCF,True,uncertainty_gt_1m
southwest,186,1,2024-06-12,936.8381958007812,0.1150652125211285,#D62728,False,
southwest,186,1,2024-06-13,937.2517700195312,0.0,#D62728,False,
southwest,186,1,2024-06-23,959.1568603515624,0.0,,True,gray_between_red_segments_out_of_both_sides
southwest,186,1,2024-06-28,938.5612182617188,0.2130925686973004,#D62728,False,
southwest,186,1,2024-06-29,938.4108700148404,0.2313852531792192,#D62728,False,
southwest,186,1,2024-07-03,937.2779541015624,0.1080056653618857,#D62728,False,
southwest,186,1,2024-07-04,936.9442138671876,0.3756409504645001,#D62728,False,
southwest,186,1,2024-07-14,949.4359741210938,0.5289821651038678,,True,right_gray_above_nearest_red
southwest,186,1,2024-07-19,934.1748657226562,0.3618135332944329,#CFCFCF,False,
southwest,186,1,2024-07-24,934.2314453125,0.48397167381433,#CFCFCF,False,
southwest,186,1,2024-08-04,961.6560903695912,0.9918410591036114,,True,right_gray_above_nearest_red
southwest,186,1,2024-08-08,932.964385986328,0.4693053118608506,,True,right_gray_below_global_red_min_gt_3m
southwest,186,1,2024-08-14,935.1835327148438,0.6312430596796297,#CFCFCF,False,
southwest,187,1,2024-06-01,1240.6181889393883,11.143326796256504,#CFCFCF,True,uncertainty_gt_1m
southwest,187,1,2024-06-08,1235.528963955966,1.0632063328219006,#CFCFCF,True,uncertainty_gt_1m
southwest,187,1,2024-06-12,1238.8569782536204,4.713900413953715,#CFCFCF,True,uncertainty_gt_1m
southwest,187,1,2024-06-18,1249.676045735677,0.2292561234958273,#D62728,False,
southwest,187,1,2024-06-22,1250.2730102539062,0.1467350028299568,#D62728,False,
southwest,187,1,2024-06-29,1250.7076416015625,0.1783033818842219,#D62728,False,
southwest,187,1,2024-07-03,1249.9992426658164,0.2713501260048914,#D62728,False,
southwest,187,1,2024-07-09,1249.9594116210938,0.1106789918279802,#D62728,False,
southwest,187,1,2024-07-13,1249.533447265625,0.1727314107452401,#D62728,False,
southwest,187,1,2024-07-20,1250.0389404296875,0.1714931999396382,#D62728,False,
southwest,187,1,2024-07-24,1249.56689453125,0.3826665338684805,#D62728,False,
southwest,187,1,2024-07-30,1249.0533091786144,0.1988357512103016,#D62728,False,
southwest,187,1,2024-08-03,1249.146484375,0.0,#D62728,False,
southwest,187,1,2024-08-09,1249.501953125,0.3925659889988171,#D62728,False,
southwest,187,1,2024-08-14,1248.82470703125,0.3387280386403496,#D62728,False,
southwest,189,1,2024-06-12,1048.36865234375,0.1465469904379675,#CFCFCF,False,
southwest,189,1,2024-06-23,997.4286499023438,7.163562719005512,#CFCFCF,True,uncertainty_gt_1m
southwest,189,1,2024-06-28,1050.781005859375,0.148310305594114,#D62728,False,
southwest,189,1,2024-06-29,1050.953369140625,0.117932215694059,#D62728,False,
southwest,189,1,2024-07-03,1051.152099609375,0.0893578168730309,#D62728,False,
southwest,189,1,2024-07-14,1052.606201171875,0.1414237557971764,#D62728,False,
southwest,189,1,2024-07-19,1051.2293701171875,0.1562690241206056,#D62728,False,
southwest,189,1,2024-07-20,1050.8592529296875,0.1266869578408632,#D62728,False,
southwest,189,1,2024-07-24,1049.5716552734375,0.1382141266802415,,True,local_min_extreme_gt_1m
southwest,189,1,2024-08-04,1050.12158203125,0.0,,True,local_max_extreme_gt_1m
southwest,189,1,2024-08-08,1048.1620483398438,0.1299232817812919,#D62728,False,
southwest,189,1,2024-08-09,1047.999267578125,0.1088688265043957,#D62728,False,
southwest,189,1,2024-08-14,1047.5654296875,0.2339214914933533,#D62728,False,
southwest,18,1,2024-06-01,1287.6065673828125,0.0,,True,left_gray_far_from_nearest_red_gt_3m
southwest,18,1,2024-06-02,1324.916748046875,0.0,,True,left_gray_far_from_nearest_red_gt_3m
southwest,18,1,2024-06-18,1287.6834988064236,0.2111596742442547,,True,left_gray_far_from_nearest_red_gt_3m
southwest,18,1,2024-06-22,1288.8814697265625,0.1616601994620294,,True,left_gray_far_from_nearest_red_gt_3m
southwest,18,1,2024-07-09,1312.33642578125,0.0455752417561641,,True,left_gray_far_from_nearest_red_gt_3m
southwest,18,1,2024-07-13,1291.5550537109375,0.3489092752635898,,True,left_gray_far_from_nearest_red_gt_3m
southwest,18,1,2024-07-19,1328.5714111328125,1.835672939799328,#CFCFCF,True,uncertainty_gt_1m
southwest,18,1,2024-07-24,1295.104958558694,0.1385519015520296,#D62728,False,
southwest,18,1,2024-07-30,1296.1702965045797,0.1667998035127414,#D62728,False,
southwest,18,1,2024-08-03,1296.531005859375,0.3260171762814011,#D62728,False,
southwest,18,1,2024-08-04,1296.4662643264935,0.1585106919964743,#D62728,False,
southwest,18,1,2024-08-08,1297.2601318359375,0.0865919462162503,#D62728,False,
southwest,191,1,2024-06-02,1061.153076171875,0.3433037750107238,,True,force_noise_pre_20240605
southwest,191,1,2024-06-12,1061.359130859375,0.0990027353143444,,True,pre_0613_gt_first_post_0613
southwest,191,1,2024-06-23,1060.739013671875,0.2299457681901032,#D62728,False,
southwest,191,1,2024-06-28,1060.761962890625,0.1811709692084011,#D62728,False,
southwest,191,1,2024-06-29,1060.7457275390625,0.2063052982705887,#D62728,False,
southwest,191,1,2024-07-03,1060.5242919921875,0.0822148614502997,#D62728,False,
southwest,191,1,2024-07-14,1060.854736328125,0.2640401124734735,#D62728,False,
southwest,191,1,2024-07-19,1060.316650390625,0.1912946027058207,#D62728,False,
southwest,191,1,2024-07-20,1060.2196204144022,0.3626991603513829,#D62728,False,
southwest,191,1,2024-07-24,1059.5128173828125,0.1895517880538084,#D62728,False,
southwest,191,1,2024-08-04,1059.767822265625,0.3131422132838847,#D62728,False,
southwest,191,1,2024-08-08,1059.2007446289062,0.1952185033562245,#D62728,False,
southwest,191,1,2024-08-09,1059.0613695227582,0.4758965608014667,#D62728,False,
southwest,191,1,2024-08-14,1058.7293701171875,0.1918207082151922,#D62728,False,
southwest,193,1,2024-06-02,989.2008806501116,4.477363124272821,#CFCFCF,True,uncertainty_gt_1m
southwest,193,1,2024-06-12,967.4281005859376,0.1016625521285364,#D62728,False,
southwest,193,1,2024-06-18,967.8270263671876,0.1489088941738589,#D62728,False,
southwest,193,1,2024-06-19,967.6444702148438,0.2411692321864028,#D62728,False,
southwest,193,1,2024-06-23,968.1240234375,2.829303273950822,#D62728,True,uncertainty_gt_1m
southwest,193,1,2024-07-03,966.3137817382812,0.1484216122860747,#D62728,False,
southwest,193,1,2024-07-09,966.28125,0.1661637631910487,#D62728,False,
southwest,193,1,2024-07-10,966.3338928222656,0.3051440259176953,#D62728,False,
southwest,193,1,2024-07-14,965.1534729003906,1.6190895690965754,#D62728,True,uncertainty_gt_1m
southwest,193,1,2024-07-20,827.5314483642578,1.8699761481922623,#CFCFCF,True,uncertainty_gt_1m
southwest,193,1,2024-07-24,965.7886352539062,0.1826691727406957,#D62728,False,
southwest,193,1,2024-07-30,965.575439453125,0.3072555223321149,#D62728,False,
southwest,193,1,2024-07-31,965.3961791992188,0.5246162054766378,#D62728,False,
southwest,193,1,2024-08-04,965.6210327148438,0.4876249110293315,#D62728,False,
southwest,193,1,2024-08-09,828.421875,0.7118696583529872,,True,gray_between_red_segments_out_of_both_sides
southwest,193,1,2024-08-14,965.3293151855468,0.2566167870517146,#D62728,False,
southwest,194,1,2024-06-01,1035.2828979492188,0.4352260879415136,,True,force_noise_pre_20240605
southwest,194,1,2024-06-02,1058.91259765625,26.05989477496321,#CFCFCF,True,uncertainty_gt_1m
southwest,194,1,2024-06-18,1035.9244384765625,0.2555572865522509,#D62728,False,
southwest,194,1,2024-06-19,1036.221923828125,0.1334674426045093,#D62728,False,
southwest,194,1,2024-06-22,1036.5457763671875,0.146754284922295,#D62728,False,
southwest,194,1,2024-06-23,1036.310546875,0.1185992086609272,#D62728,False,
southwest,194,1,2024-07-09,1037.5870361328125,0.1461783907672686,#D62728,False,
southwest,194,1,2024-07-10,1037.4472045898438,0.172267094184111,#D62728,False,
southwest,194,1,2024-07-13,1037.037109375,0.1346127651733586,#D62728,False,
southwest,194,1,2024-07-14,1036.9583740234375,0.1128616761575585,#D62728,False,
southwest,194,1,2024-07-30,1035.662841796875,0.2193542877728984,#D62728,False,
southwest,194,1,2024-07-31,1035.5889892578125,0.1726429119254212,#D62728,False,
southwest,194,1,2024-08-03,1035.5560302734375,0.1887225577201542,#D62728,False,
southwest,194,1,2024-08-04,1035.6729736328125,0.1315560424709227,#D62728,False,
southwest,197,1,2024-06-12,1167.81103515625,0.182604148313715,#D62728,False,
southwest,197,1,2024-06-13,1220.3876546223958,4.481062600031647,#CFCFCF,True,uncertainty_gt_1m
southwest,197,1,2024-06-18,1168.3844371448863,0.3797095021542911,#D62728,False,
southwest,197,1,2024-06-23,1186.1700439453125,0.0,,True,gray_between_red_segments_out_of_both_sides
southwest,197,1,2024-06-28,1169.2791748046875,0.1732353029245023,#D62728,False,
southwest,197,1,2024-07-03,1169.63720703125,0.1802876847218434,#D62728,False,
southwest,197,1,2024-07-04,1169.6837158203125,0.3829981670204109,#D62728,False,
southwest,197,1,2024-07-09,1169.958930343878,0.4985881205763642,#D62728,False,
southwest,197,1,2024-07-14,1190.4232177734375,5.633788606432864,#CFCFCF,True,uncertainty_gt_1m
southwest,197,1,2024-07-19,1170.463134765625,0.1471536928769354,#D62728,False,
southwest,197,1,2024-07-24,1170.5602416992188,0.1260179530845982,#D62728,False,
southwest,197,1,2024-07-25,1170.29638671875,0.3752806075842721,#D62728,False,
southwest,197,1,2024-07-30,1170.2729135189416,0.2856958234851244,#D62728,False,
southwest,197,1,2024-08-04,1194.2688720703125,0.9519738554702888,,True,gray_between_red_segments_out_of_both_sides
southwest,197,1,2024-08-08,1169.4282836914062,0.1547404244398375,#D62728,False,
southwest,197,1,2024-08-14,1168.7557983398438,0.1437399003935318,#D62728,False,
southwest,197,1,2024-08-15,1168.7342529296875,0.4488701032293041,#D62728,False,
southwest,198,1,2024-06-02,1018.0307698567708,2.267840530299038,#CFCFCF,True,uncertainty_gt_1m
southwest,198,1,2024-06-08,951.3716804750504,0.3102680118144098,,True,pre_0613_gt_first_post_0613
southwest,198,1,2024-06-12,953.784637451172,0.0940601754387046,,True,gray_between_red_segments_out_of_both_sides
southwest,198,1,2024-06-13,954.2766941615512,0.2890982463083257,,True,gray_between_red_segments_out_of_both_sides
southwest,198,1,2024-06-28,950.4655456542968,0.2678432744144675,#D62728,False,
southwest,198,1,2024-07-14,951.7489318847656,23.828811466277248,#D62728,True,uncertainty_gt_1m
southwest,198,1,2024-07-19,949.607666015625,0.2224629141196914,#D62728,False,
southwest,198,1,2024-07-24,949.7470092773438,0.1850776188083267,#D62728,False,
southwest,198,1,2024-08-08,949.2256963820683,0.3615829659985211,#D62728,False,
southwest,198,1,2024-08-09,949.4777221679688,0.0555016675174499,#D62728,False,
southwest,198,1,2024-08-14,948.8716430664062,0.1060443699866252,#D62728,False,
southwest,199,1,2024-06-01,991.1600341796876,0.6743970462654082,,True,force_noise_pre_20240605
southwest,199,1,2024-06-02,1004.6082458496094,5.433404947657713,#CFCFCF,True,uncertainty_gt_1m
southwest,199,1,2024-06-08,988.8079223632812,0.0,,True,gray_between_red_segments_out_of_both_sides
southwest,199,1,2024-06-12,990.8618428932048,0.5488546149308317,#D62728,False,
southwest,199,1,2024-06-18,991.9432983398438,0.1334921443987625,#D62728,False,
southwest,199,1,2024-06-19,992.2238924656232,0.3136233449141529,#D62728,False,
southwest,199,1,2024-06-22,990.6636352539062,0.1408464723813472,#D62728,False,
southwest,199,1,2024-06-23,990.852518717448,0.4638336745085383,#D62728,False,
southwest,199,1,2024-07-03,990.0652465820312,0.3157622116296159,#D62728,False,
southwest,199,1,2024-07-09,990.0900268554688,0.1502916874068425,#D62728,False,
southwest,199,1,2024-07-10,968.2787611219618,5.946839517046215,#CFCFCF,True,uncertainty_gt_1m
southwest,199,1,2024-07-13,989.7310791015624,0.1320442544945942,#D62728,False,
southwest,199,1,2024-07-14,982.0523681640624,0.0817419582255444,,True,gray_between_red_segments_out_of_both_sides
southwest,199,1,2024-07-24,1000.4764607747396,0.0200836581214453,,True,gray_between_red_segments_out_of_both_sides
southwest,199,1,2024-07-30,988.9501037597656,0.1580891198416945,#D62728,False,
southwest,199,1,2024-07-31,988.6844482421876,0.0,#D62728,False,
southwest,199,1,2024-08-03,988.8473205566406,0.2397139898741823,#D62728,False,
southwest,199,1,2024-08-04,988.9330444335938,0.4795182083107855,#D62728,False,
southwest,199,1,2024-08-14,987.9452514648438,0.3873032381816453,#D62728,False,
southwest,19,1,2024-06-01,1203.360595703125,0.3192121320212482,,True,force_noise_pre_20240605
southwest,19,1,2024-06-02,1250.6335754394531,0.8708757980719025,,True,gray_between_red_segments_out_of_both_sides
southwest,19,1,2024-06-08,1196.051513671875,0.0,,True,gray_between_red_segments_out_of_both_sides
southwest,19,1,2024-06-22,1204.6727294921875,0.1257457813773426,#D62728,False,
southwest,19,1,2024-06-22,1204.5654296875,0.181799717265943,#D62728,False,
southwest,19,1,2024-06-23,1204.911376953125,0.0972559329210923,#D62728,False,
southwest,19,1,2024-06-28,1205.9544677734375,0.2042698889551783,#D62728,False,
southwest,19,1,2024-06-29,1206.2159423828125,0.1186551742107588,#D62728,False,
southwest,19,1,2024-07-13,1208.2974853515625,0.1966169691663145,#D62728,False,
southwest,19,1,2024-07-14,1208.5096435546875,0.0843234220746941,#D62728,False,
southwest,19,1,2024-07-19,1209.2908935546875,0.2098197919390456,#D62728,False,
southwest,19,1,2024-07-20,1209.50341796875,0.0946833453290455,#D62728,False,
southwest,19,1,2024-08-03,1202.5530395507812,0.1991136863341142,#D62728,False,
southwest,19,1,2024-08-04,1202.565899788065,0.1498688272392043,#D62728,False,
southwest,19,1,2024-08-08,1202.0343017578125,0.2285208847398915,#D62728,False,
southwest,19,1,2024-08-09,1202.015998391544,0.1493053069806961,#D62728,False,
southwest,200,1,2024-06-02,1070.6538774539265,0.4747654848725298,,True,edge_short_gray_above_nearest_red
southwest,200,1,2024-06-08,1042.7706909179688,0.7321482851848191,#D62728,False,
southwest,200,1,2024-06-12,1042.1026594135124,0.1713206435830837,,True,local_min_extreme_gt_1m
southwest,200,1,2024-06-18,1043.4119873046875,0.1024092469386917,#D62728,False,
southwest,200,1,2024-06-23,1070.295850670856,0.2043018102659785,,True,gray_between_red_segments_out_of_both_sides
southwest,200,1,2024-06-29,1042.7911376953125,0.4400910563845758,#D62728,False,
southwest,200,1,2024-07-03,1041.5821533203125,0.2245928796361782,#D62728,False,
southwest,200,1,2024-07-09,1041.6965942382812,0.0956310709668925,#D62728,False,
southwest,200,1,2024-07-14,1041.3848876953125,0.16041788353596,#D62728,False,
southwest,200,1,2024-07-20,1040.555908203125,0.3238846769753331,#D62728,False,
southwest,200,1,2024-07-24,1040.868896484375,0.1409919068543714,#D62728,False,
southwest,200,1,2024-07-30,1040.7040405273438,0.1603124708022603,#D62728,False,
southwest,200,1,2024-08-04,1040.889404296875,0.1223499710444765,#D62728,False,
southwest,200,1,2024-08-09,1039.9947509765625,1.4424406495646382,#D62728,True,uncertainty_gt_1m
southwest,200,1,2024-08-14,1040.3117065429688,0.1822941774851503,#D62728,False,
southwest,201,1,2024-06-12,1022.9105224609376,0.2652989831923267,,True,pre_0613_gt_first_post_0613
southwest,201,1,2024-06-13,1021.4359283447266,1.6435255217742997,#D62728,True,uncertainty_gt_1m
southwest,201,1,2024-06-28,1021.849151611328,0.1613920575146519,#D62728,False,
southwest,201,1,2024-07-04,1021.9435424804688,0.4688885608041205,#D62728,False,
southwest,201,1,2024-07-19,1021.3187255859376,0.1250787911215985,#D62728,False,
southwest,201,1,2024-07-24,1020.7533569335938,0.3094577778229797,#D62728,False,
southwest,201,1,2024-07-25,1021.1741984599346,0.3852423224795446,#D62728,False,
southwest,201,1,2024-08-08,1020.6927185058594,0.1598056344793834,#D62728,False,
southwest,201,1,2024-08-14,1020.3738403320312,0.2329907324804361,#D62728,False,
southwest,203,1,2024-06-01,1231.4185791015625,0.3622219515555997,,True,force_noise_pre_20240605
southwest,203,1,2024-06-02,1231.728515625,0.3209186381423233,,True,force_noise_pre_20240605
southwest,203,1,2024-06-08,1218.518053886218,1.3297601297423205,#CFCFCF,True,uncertainty_gt_1m
southwest,203,1,2024-06-18,1231.6307983398438,0.162112107520247,#D62728,False,
southwest,203,1,2024-06-22,1232.1943969726562,0.1384363610526547,#D62728,False,
southwest,203,1,2024-06-22,1232.2259521484375,0.1936661804799705,#D62728,False,
southwest,203,1,2024-06-23,1232.317626953125,0.2329670823674113,#D62728,False,
southwest,203,1,2024-06-29,1233.1092529296875,0.1188416047084804,,True,global_max_not_supported_by_neighbors
southwest,203,1,2024-07-03,1245.65234375,0.0,,True,gray_between_red_segments_out_of_both_sides
southwest,203,1,2024-07-09,1232.1751098632812,0.2052242549575356,#D62728,False,
southwest,203,1,2024-07-13,1232.0335693359375,0.1208232131644344,#D62728,False,
southwest,203,1,2024-07-14,1231.9945068359375,0.1885705213221512,#D62728,False,
southwest,203,1,2024-07-20,1232.0897216796875,0.1591042672251181,#D62728,False,
southwest,203,1,2024-07-30,1231.565185546875,0.2277410714420179,#D62728,False,
southwest,203,1,2024-08-03,1228.5926818847656,0.3880301998168558,#CFCFCF,False,
southwest,203,1,2024-08-04,1223.8813069661458,2.716638285237688,#CFCFCF,True,uncertainty_gt_1m
southwest,203,1,2024-08-14,1235.9984741210938,0.6817723673702939,,True,edge_short_gray_above_nearest_red
southwest,204,1,2024-06-02,1209.721435546875,0.590522041379005,,True,edge_short_gray_above_nearest_red
southwest,204,1,2024-06-12,1183.0167846679688,0.1396221005692591,#D62728,False,
southwest,204,1,2024-06-18,1184.211688701923,0.2814599685301731,#D62728,False,
southwest,204,1,2024-06-23,1208.451171875,0.3690904048283297,,True,gray_between_red_segments_out_of_both_sides
southwest,204,1,2024-06-28,1185.279269748264,0.1244449198790925,#D62728,False,
southwest,204,1,2024-07-03,1185.7037353515625,0.2332736765579417,#D62728,False,
southwest,204,1,2024-07-04,1185.915283203125,0.2848424354696136,#D62728,False,
southwest,204,1,2024-07-09,1186.604213169643,0.87536480007264,#D62728,False,
southwest,204,1,2024-07-19,1186.104248046875,0.1583389123206129,#D62728,False,
southwest,204,1,2024-07-24,1182.7181396484375,0.1109323885712793,#CFCFCF,False,
southwest,204,1,2024-08-04,1209.0867309570312,1.6578857356262229,#CFCFCF,True,uncertainty_gt_1m
southwest,204,1,2024-08-14,1181.9981689453125,0.119438396206451,#CFCFCF,False,
southwest,205,1,2024-06-01,1287.3330078125,0.3405992604850752,,True,force_noise_pre_20240605
southwest,205,1,2024-06-02,1286.7872314453125,0.4313295358417204,,True,force_noise_pre_20240605
southwest,205,1,2024-06-08,1322.280517578125,0.0,,True,gray_between_red_segments_out_of_both_sides
southwest,205,1,2024-06-22,1286.8079833984375,0.1934915524777186,#D62728,False,
southwest,205,1,2024-06-22,1286.7840576171875,0.1263946348712129,#D62728,False,
southwest,205,1,2024-06-23,1287.14453125,0.1950758453957028,#D62728,False,
southwest,205,1,2024-06-28,1286.898193359375,0.1570084125611601,#D62728,False,
southwest,205,1,2024-06-29,1287.0894775390625,0.1598605303317569,#D62728,False,
southwest,205,1,2024-07-09,1289.895751953125,0.1007388944961444,,True,global_max_not_supported_by_neighbors
southwest,205,1,2024-07-13,1288.79248046875,0.1081659398679122,#D62728,False,
southwest,205,1,2024-07-14,1288.7364501953125,0.2297942113922032,#D62728,False,
southwest,205,1,2024-07-19,1287.2120971679688,0.2068623993828827,#D62728,False,
southwest,205,1,2024-07-20,1287.0233154296875,0.1153029229689308,#D62728,False,
southwest,205,1,2024-07-30,1296.499542236328,0.0690270085506868,,True,gray_between_red_segments_out_of_both_sides
southwest,205,1,2024-08-03,1286.4821166992188,0.1246228638287034,#D62728,False,
southwest,205,1,2024-08-04,1286.0654296875,0.7499198870787017,#D62728,False,
southwest,205,1,2024-08-08,1285.5687133789063,0.3169073339017276,#D62728,False,
southwest,205,1,2024-08-09,1286.1698608398438,0.1009042757821135,#D62728,False,
southwest,210,1,2024-06-01,1329.0638860887098,1.1724478019163616,#CFCFCF,True,uncertainty_gt_1m
southwest,210,1,2024-06-12,1335.292236328125,0.0,,True,left_gray_far_from_nearest_red_gt_3m
southwest,210,1,2024-06-28,1343.81298828125,0.0,,True,left_gray_far_from_nearest_red_gt_3m
southwest,210,1,2024-06-29,1350.130615234375,0.0,#D62728,False,
southwest,210,1,2024-07-03,1371.0122445913462,0.4664561502817517,,True,gray_between_red_segments_out_of_both_sides
southwest,210,1,2024-07-13,1350.2359512992527,0.1044479115106667,#D62728,False,
southwest,210,1,2024-07-19,1349.8692626953125,0.1838355914027237,#D62728,False,
southwest,210,1,2024-07-20,1350.1503295898438,0.100578733272963,#D62728,False,
southwest,210,1,2024-07-24,1350.1513558846932,0.1731390238915213,#D62728,False,
southwest,210,1,2024-08-03,1329.552001953125,0.1769958242473388,,True,gray_between_red_segments_out_of_both_sides
southwest,210,1,2024-08-08,1348.8392333984375,0.0,#D62728,False,
southwest,210,1,2024-08-09,1349.3135986328125,0.0,#D62728,False,
southwest,210,1,2024-08-14,1359.6641322544642,16.825616971611073,#CFCFCF,True,uncertainty_gt_1m
southwest,211,1,2024-06-01,1340.565353638348,15.611623943204211,#CFCFCF,True,uncertainty_gt_1m
southwest,211,1,2024-06-02,1377.1439020377884,27.103107844710063,#CFCFCF,True,uncertainty_gt_1m
southwest,211,1,2024-06-08,1355.3060302734375,0.8263965238134773,,True,pre_0613_gt_first_post_0613
southwest,211,1,2024-06-12,1381.325439453125,0.5893822310723149,,True,gray_between_red_segments_out_of_both_sides
southwest,211,1,2024-06-22,1345.467041015625,0.5408607288714485,,True,gray_between_red_segments_out_of_both_sides
southwest,211,1,2024-06-28,1355.01806640625,0.0,#D62728,False,
southwest,211,1,2024-07-03,1366.5655517578125,0.0986636525904092,,True,gray_between_red_segments_out_of_both_sides
southwest,211,1,2024-07-13,1356.3919677734375,0.1395647472246458,#D62728,False,
southwest,211,1,2024-07-14,1356.519051688058,0.3473455000184401,#D62728,False,
southwest,211,1,2024-07-19,1356.8041381835938,0.1554184727972218,#D62728,False,
southwest,211,1,2024-07-20,1356.8934326171875,0.2132136375361388,#D62728,False,
southwest,211,1,2024-07-24,1376.62841796875,1.895253580004424,#CFCFCF,True,uncertainty_gt_1m
southwest,211,1,2024-08-03,1323.620418626435,0.4893236573468401,,True,right_gray_below_global_red_min_gt_3m
southwest,211,1,2024-08-04,1354.9748757102273,1.1356031951981025,#CFCFCF,True,uncertainty_gt_1m
southwest,211,1,2024-08-08,1346.392578125,0.0,,True,right_gray_below_global_red_min_gt_3m
southwest,211,1,2024-08-09,1354.44091796875,0.0,#CFCFCF,False,
southwest,211,1,2024-08-14,1366.54736328125,0.0,,True,right_gray_above_nearest_red
southwest,212,1,2024-06-01,1186.251878670767,11.74008537680218,#CFCFCF,True,uncertainty_gt_1m
southwest,212,1,2024-06-02,1198.802734375,0.6478355024205701,,True,force_noise_pre_20240605
southwest,212,1,2024-06-08,1201.1785481770833,0.5438800318301147,,True,gray_between_red_segments_out_of_both_sides
southwest,212,1,2024-06-12,1204.52490234375,5.750628394709192,#CFCFCF,True,uncertainty_gt_1m
southwest,212,1,2024-06-18,1198.625732421875,0.1175907173123469,#D62728,False,
southwest,212,1,2024-06-19,1198.4622395833333,0.7912482622066255,#D62728,False,
southwest,212,1,2024-06-22,1199.5370483398438,0.1035754548225933,#D62728,False,
southwest,212,1,2024-06-23,1199.819580078125,0.4189443919582121,#D62728,False,
southwest,212,1,2024-06-29,1205.934061686198,4.20671517463735,#CFCFCF,True,uncertainty_gt_1m
southwest,212,1,2024-07-03,1200.509033203125,0.4446340830815947,,True,global_max_not_supported_by_neighbors
southwest,212,1,2024-07-09,1198.3399658203125,0.1284243675141771,#D62728,False,
southwest,212,1,2024-07-10,1198.2734375,0.213386993182762,#D62728,False,
southwest,212,1,2024-07-13,1198.176513671875,0.1264715611501536,#D62728,False,
southwest,212,1,2024-07-14,1198.6787923177085,0.6228032065140149,,True,local_max_extreme_gt_1m
southwest,212,1,2024-07-20,1206.8872680664062,0.751508764776766,,True,gray_between_red_segments_out_of_both_sides
southwest,212,1,2024-07-24,1197.724453125,0.1844018120586405,#D62728,False,
southwest,212,1,2024-07-30,1197.619873046875,0.1870945739466713,#D62728,False,
southwest,212,1,2024-07-31,1197.5718994140625,0.674851218577713,#D62728,False,
southwest,212,1,2024-08-03,1197.6936645507812,0.1929157446831683,#D62728,False,
southwest,212,1,2024-08-04,1197.937744140625,0.0025895023725093,#D62728,False,
southwest,212,1,2024-08-09,1164.4854736328125,0.0,,True,right_gray_below_global_red_min_gt_3m
southwest,212,1,2024-08-14,1197.9535369873047,1.8849359317499093,#CFCFCF,True,uncertainty_gt_1m
southwest,214,1,2024-06-02,1216.7764333089192,0.4968746807252354,,True,left_gray_far_from_nearest_red_gt_3m
southwest,214,1,2024-06-12,1212.8600463867188,0.3829874008941298,,True,left_gray_far_from_nearest_red_gt_3m
southwest,214,1,2024-06-18,1201.6735229492188,0.334895334223627,,True,left_gray_far_from_nearest_red_gt_3m
southwest,214,1,2024-06-23,1196.532847911388,22.21647583447516,#CFCFCF,True,uncertainty_gt_1m
southwest,214,1,2024-06-28,1186.2402954101562,0.0981241048223053,#D62728,False,
southwest,214,1,2024-06-29,1186.1583251953125,0.2952361266332646,#D62728,False,
southwest,214,1,2024-07-03,1185.5321655273438,0.1473240904808185,#D62728,False,
southwest,214,1,2024-07-09,1202.287841796875,0.0,,True,gray_between_red_segments_out_of_both_sides
southwest,214,1,2024-07-14,1220.8324256310095,2.4345092603349694,#CFCFCF,True,uncertainty_gt_1m
southwest,214,1,2024-07-19,1185.7999877929688,0.1118028129606255,#D62728,False,
southwest,214,1,2024-07-20,1185.7802124023438,0.1852726405045119,#D62728,False,
southwest,214,1,2024-07-24,1184.83642578125,0.1089791280180086,#D62728,False,
southwest,214,1,2024-07-30,1205.4476318359375,0.3195445927676512,,True,gray_between_red_segments_out_of_both_sides
southwest,214,1,2024-08-04,1184.5640889485678,0.2226305160280033,#D62728,False,
southwest,214,1,2024-08-08,1184.502685546875,0.1215688754232769,#D62728,False,
southwest,214,1,2024-08-09,1184.5811070033485,0.2943934142300721,#D62728,False,
southwest,214,1,2024-08-14,1184.0940551757812,0.1482286144537158,#D62728,False,
southwest,219,1,2024-06-02,940.311553955078,3.782788224134504,#CFCFCF,True,uncertainty_gt_1m
southwest,219,1,2024-06-12,899.8596420288086,0.2952948982688859,#D62728,False,
southwest,219,1,2024-06-18,901.26171875,0.2301307564918705,#D62728,False,
southwest,219,1,2024-06-19,901.6246948242188,0.2323777854765399,#D62728,False,
southwest,219,1,2024-06-23,931.058837890625,1.0155579133461123,#CFCFCF,True,uncertainty_gt_1m
southwest,219,1,2024-07-09,904.019287109375,0.1646395029063753,#D62728,False,
southwest,219,1,2024-07-10,904.124969482422,0.2461221744793505,#D62728,False,
southwest,219,1,2024-07-14,904.5568237304688,0.434358045352368,#D62728,False,
southwest,219,1,2024-07-24,905.545166015625,0.1088791620889925,,True,global_max_not_supported_by_neighbors
southwest,219,1,2024-07-30,896.9935913085938,0.3003357904156136,#CFCFCF,False,
southwest,219,1,2024-07-31,897.1406982421875,0.5653482312576303,#CFCFCF,False,
southwest,219,1,2024-08-04,923.0599487304688,10.792321550022976,#CFCFCF,True,uncertainty_gt_1m
southwest,219,1,2024-08-14,938.3628412882488,1.4898758019420388,#CFCFCF,True,uncertainty_gt_1m
southwest,225,1,2024-06-01,1204.33748673804,10.959629078382354,#CFCFCF,True,uncertainty_gt_1m
southwest,225,1,2024-06-08,1233.54248046875,0.0,,True,left_gray_far_from_nearest_red_gt_3m
southwest,225,1,2024-06-12,1220.222625732422,1.719060327590021,#CFCFCF,True,uncertainty_gt_1m
southwest,225,1,2024-06-18,1217.2261962890625,0.125118300938354,#CFCFCF,False,
southwest,225,1,2024-06-19,1217.2576904296875,0.0,#CFCFCF,False,
southwest,225,1,2024-06-22,1218.936279296875,0.1126143874044163,,True,global_max_not_supported_by_neighbors
southwest,225,1,2024-06-29,1236.82642132303,10.359099446275836,#CFCFCF,True,uncertainty_gt_1m
southwest,225,1,2024-07-03,1218.3294677734375,0.2252974248234427,#D62728,False,
southwest,225,1,2024-07-09,1217.925537109375,0.1377213261167064,#D62728,False,
southwest,225,1,2024-07-10,1217.7479248046875,0.2467257069976396,#D62728,False,
southwest,225,1,2024-07-13,1217.4267578125,0.084388780663547,#D62728,False,
southwest,225,1,2024-07-20,1226.9751981847426,11.917349964051631,#CFCFCF,True,uncertainty_gt_1m
southwest,225,1,2024-07-24,1216.8165283203125,0.2539233173479675,#D62728,False,
southwest,225,1,2024-07-30,1216.43603515625,0.1798946681828879,#D62728,False,
southwest,225,1,2024-07-31,1208.0281147203948,0.4721778835321766,,True,gray_between_red_segments_out_of_both_sides
southwest,225,1,2024-08-03,1216.6383056640625,0.2782804907129549,#D62728,False,
southwest,225,1,2024-08-09,1215.443115234375,0.0,,True,local_min_extreme_gt_1m
southwest,225,1,2024-08-14,1216.206770734089,0.1877269399363977,#D62728,False,
southwest,228,1,2024-06-02,1178.8870124623254,15.724677201787474,#CFCFCF,True,uncertainty_gt_1m
southwest,228,1,2024-06-08,1155.6782836914062,0.298396990058825,,True,left_gray_far_from_nearest_red_gt_3m
southwest,228,1,2024-06-23,1163.890380859375,0.1660485114855246,#D62728,False,
southwest,228,1,2024-06-28,1163.9342041015625,0.1251404625418763,#D62728,False,
southwest,228,1,2024-06-29,1163.9105224609375,0.1338643763665923,#D62728,False,
southwest,228,1,2024-07-03,1163.36083984375,0.0894965967264649,#D62728,False,
southwest,228,1,2024-07-14,1162.239501953125,0.1459139582382104,#D62728,False,
southwest,228,1,2024-07-19,1162.1825561523438,0.136488769024908,#D62728,False,
southwest,228,1,2024-07-20,1161.9141845703125,0.1190903324775884,#D62728,False,
southwest,228,1,2024-07-24,1161.2171630859375,0.3585079172139153,#D62728,False,
southwest,228,1,2024-08-04,1161.35498046875,0.192721006229575,#D62728,False,
southwest,228,1,2024-08-08,1160.852783203125,0.2038494204622111,#D62728,False,
southwest,228,1,2024-08-09,1160.8757934570312,0.1264842458369825,#D62728,False,
southwest,228,1,2024-08-14,1160.66064453125,0.1323034728522387,#D62728,False,
southwest,233,1,2024-06-02,1271.2122427133413,0.1745922522901342,,True,edge_short_gray_above_nearest_red
southwest,233,1,2024-06-18,1244.5479050539852,0.1289751916162939,#D62728,False,
southwest,233,1,2024-06-23,1246.5602033496957,0.0705732693665154,,True,gray_between_red_segments_out_of_both_sides
southwest,233,1,2024-06-28,1264.1227449115954,0.0594937938705287,,True,gray_between_red_segments_out_of_both_sides
southwest,233,1,2024-07-03,1244.5980224609375,0.0932481977487637,#D62728,False,
southwest,233,1,2024-07-09,1243.8834345890923,0.1090269695839401,#D62728,False,
southwest,233,1,2024-07-14,1243.2822177168252,0.1612923773081925,#D62728,False,
southwest,233,1,2024-07-19,1262.602035522461,0.2831698125592923,,True,gray_between_red_segments_out_of_both_sides
southwest,233,1,2024-07-24,1243.0960693359375,0.1342873758639111,#D62728,False,
southwest,233,1,2024-07-30,1242.842041015625,0.1308806957127662,#D62728,False,
southwest,233,1,2024-08-04,1242.9164428710938,0.2759051940970844,#D62728,False,
southwest,233,1,2024-08-08,1262.6198323567708,0.4371109379208338,,True,gray_between_red_segments_out_of_both_sides
southwest,233,1,2024-08-14,1242.643798828125,0.1444990669319259,#D62728,False,
southwest,234,1,2024-06-01,1184.1893904549736,12.677233821872427,#CFCFCF,True,uncertainty_gt_1m
southwest,234,1,2024-06-02,1228.8042738172744,29.678904712109308,#CFCFCF,True,uncertainty_gt_1m
southwest,234,1,2024-06-08,1203.1480102539062,0.6445006729348243,,True,edge_short_gray_above_nearest_red
southwest,234,1,2024-06-18,1201.493429744945,0.2340016511961536,#D62728,False,
southwest,234,1,2024-06-22,1202.18603515625,0.1477444976435543,#D62728,False,
southwest,234,1,2024-06-23,1202.287353515625,0.3050446925761413,#D62728,False,
southwest,234,1,2024-06-29,1201.201171875,3.165164122979897,#D62728,True,uncertainty_gt_1m
southwest,234,1,2024-07-09,1201.408203125,0.2594512287890994,#D62728,False,
southwest,234,1,2024-07-13,1201.1264038085938,0.1000954882408556,#D62728,False,
southwest,234,1,2024-07-14,1201.06005859375,0.175134561174678,#D62728,False,
southwest,234,1,2024-07-20,1201.212158203125,0.2745226342854718,#D62728,False,
southwest,234,1,2024-07-30,1200.4423217773438,0.2949756775774695,#D62728,False,
southwest,234,1,2024-08-03,1197.886962890625,1.9096135763031523,#CFCFCF,True,uncertainty_gt_1m
southwest,234,1,2024-08-04,1200.18017578125,0.0,#D62728,False,
southwest,234,1,2024-08-09,1200.3522338867188,0.1834047345753422,#D62728,False,
southwest,236,1,2024-06-01,1213.0428625036168,25.1978610967376,#CFCFCF,True,uncertainty_gt_1m
southwest,236,1,2024-06-02,1279.9561477510056,1.0916525324838402,#CFCFCF,True,uncertainty_gt_1m
southwest,236,1,2024-06-12,1244.9626770019531,0.2600618241658956,,True,pre_0613_gt_first_post_0613
southwest,236,1,2024-06-22,1244.2534790039062,0.5814700250545592,#D62728,False,
southwest,236,1,2024-06-22,1244.1458129882812,0.4825978215108609,#D62728,False,
southwest,236,1,2024-06-23,1244.81982421875,0.3116804265070552,#D62728,False,
southwest,236,1,2024-06-28,1245.4301147460938,0.1038582307391896,#D62728,False,
southwest,236,1,2024-06-29,1245.6129760742188,0.3080826239378875,#D62728,False,
southwest,236,1,2024-07-03,1245.49267578125,0.1914329806264673,#D62728,False,
southwest,236,1,2024-07-13,1244.3990478515625,0.2155689748223599,#D62728,False,
southwest,236,1,2024-07-14,1244.4227294921875,0.4038685641027061,#D62728,False,
southwest,236,1,2024-07-19,1243.9971923828125,0.1337069162412815,#D62728,False,
southwest,236,1,2024-07-20,1243.6783447265625,0.2676147063201543,#D62728,False,
southwest,236,1,2024-08-03,1244.197021484375,0.4692575801942938,,True,local_max_extreme_gt_1m
southwest,236,1,2024-08-04,1242.78369140625,0.3282310170761405,#D62728,False,
southwest,236,1,2024-08-08,1242.252197265625,0.1999899330188425,#D62728,False,
southwest,236,1,2024-08-09,1224.8210754394531,0.178623459464972,,True,gray_between_red_segments_out_of_both_sides
southwest,236,1,2024-08-14,1241.9538717830883,0.3526308386637521,#D62728,False,
southwest,237,1,2024-06-01,1314.2325439453125,0.4126677047103136,,True,force_noise_pre_20240605
southwest,237,1,2024-06-02,1362.9955240885415,0.7396047271177377,,True,gray_between_red_segments_out_of_both_sides
southwest,237,1,2024-06-18,1328.6700439453125,2.4676506063236987,#CFCFCF,True,uncertainty_gt_1m
southwest,237,1,2024-06-22,1314.9864990234375,0.1291025170364526,#D62728,False,
southwest,237,1,2024-06-23,1314.9462890625,0.2134451299589641,#D62728,False,
southwest,237,1,2024-06-28,1315.9031356811524,0.1454004622921156,#D62728,False,
southwest,237,1,2024-06-29,1315.8812255859375,0.3333909040590649,#D62728,False,
southwest,237,1,2024-07-09,1331.496826171875,0.2898538256982063,,True,gray_between_red_segments_out_of_both_sides
southwest,237,1,2024-07-13,1319.1190185546875,0.1978630152656767,,True,gray_between_red_segments_out_of_both_sides
southwest,237,1,2024-07-19,1314.7342529296875,0.1306871164818573,#D62728,False,
southwest,237,1,2024-07-20,1314.6478881835938,0.2406369290968501,#D62728,False,
southwest,237,1,2024-07-30,1331.49541015625,1.2920911657317815,#CFCFCF,True,uncertainty_gt_1m
southwest,237,1,2024-08-04,1313.3533935546875,0.0,,True,local_min_extreme_gt_1m
southwest,237,1,2024-08-08,1314.1636962890625,0.0999685810411148,#D62728,False,
southwest,237,1,2024-08-09,1313.9110717773438,0.3695553054771773,#D62728,False,
southwest,238,1,2024-06-02,995.2589768629808,8.270618689260044,#CFCFCF,True,uncertainty_gt_1m
southwest,238,1,2024-06-12,951.189697265625,0.0,,True,edge_short_gray_above_nearest_red
southwest,238,1,2024-06-18,949.6341552734376,0.47687114471254,#D62728,False,
southwest,238,1,2024-06-19,949.2815246582032,0.2970158483084313,#D62728,False,
southwest,238,1,2024-06-22,949.4950561523438,0.4582841536826749,#D62728,False,
southwest,238,1,2024-06-23,949.7997436523438,0.4327141184604529,#D62728,False,
southwest,238,1,2024-07-03,948.8214721679688,0.0,#D62728,False,
southwest,238,1,2024-07-09,948.4738464355468,0.4207358077588772,#D62728,False,
southwest,238,1,2024-07-10,949.07275390625,0.0,#D62728,False,
southwest,238,1,2024-07-13,948.6732788085938,0.0,#D62728,False,
southwest,238,1,2024-07-14,994.552490234375,11.634675758498876,#CFCFCF,True,uncertainty_gt_1m
southwest,238,1,2024-07-20,1002.1406860351562,0.0763688759645569,,True,gray_between_red_segments_out_of_both_sides
southwest,238,1,2024-07-24,948.4051208496094,0.6804572937950318,#D62728,False,
southwest,238,1,2024-08-04,947.1321105957032,1.9780777039870008,#D62728,True,uncertainty_gt_1m
southwest,240,1,2024-06-02,931.8816964285714,0.2502354807136164,,True,edge_short_gray_above_nearest_red
southwest,240,1,2024-06-12,909.8614501953124,0.0792192577228413,#D62728,False,
southwest,240,1,2024-06-18,910.6443481445312,0.2900568670360992,#D62728,False,
southwest,240,1,2024-06-19,909.0438537597656,0.2357140966958753,#D62728,False,
southwest,240,1,2024-06-23,880.9796142578125,4.355370357069191,#CFCFCF,True,uncertainty_gt_1m
southwest,240,1,2024-07-03,908.087890625,0.0,#D62728,False,
southwest,240,1,2024-07-09,907.7855428059896,0.6807398113132574,#D62728,False,
southwest,240,1,2024-07-10,899.2842407226562,0.935932474170622,,True,gray_between_red_segments_out_of_both_sides
southwest,240,1,2024-07-14,908.9814453125,0.0,,True,local_max_extreme_gt_1m
southwest,240,1,2024-07-20,719.1373901367188,0.0,,True,gray_between_red_segments_out_of_both_sides
southwest,240,1,2024-07-24,906.3938751220704,0.9491480856953974,,True,local_min_extreme_gt_1m
southwest,240,1,2024-07-30,907.2120971679688,0.0,#D62728,False,
southwest,240,1,2024-08-04,908.5013732910156,0.009451683659659,,True,local_max_extreme_gt_1m
southwest,240,1,2024-08-14,906.9076232910156,0.8594528420913102,#CFCFCF,False,
southwest,243,1,2024-06-01,1116.0039672851562,0.209454992470315,,True,force_noise_pre_20240605
southwest,243,1,2024-06-02,1137.521188589243,20.344997411774063,#CFCFCF,True,uncertainty_gt_1m
southwest,243,1,2024-06-08,1117.9813368055557,0.8195642338408289,,True,global_max_not_supported_by_neighbors
southwest,243,1,2024-06-18,1117.1851196289062,0.215259295131019,#D62728,False,
southwest,243,1,2024-06-22,1117.6784057617188,0.2057621648303603,#D62728,False,
southwest,243,1,2024-06-22,1117.7271728515625,0.2339407214014939,#D62728,False,
southwest,243,1,2024-06-23,1117.6199951171875,0.0,#D62728,False,
southwest,243,1,2024-06-29,1116.8580322265625,0.3792148257768848,#D62728,False,
southwest,243,1,2024-07-09,1115.78076171875,0.2190518245001932,#D62728,False,
southwest,243,1,2024-07-13,1115.2357788085938,0.2016838705302212,#D62728,False,
southwest,243,1,2024-07-14,1115.305908203125,0.1406130018615868,#D62728,False,
southwest,243,1,2024-07-30,1114.689697265625,0.4021072422830284,#D62728,False,
southwest,243,1,2024-08-03,1114.552734375,0.376420749689522,#D62728,False,
southwest,243,1,2024-08-04,1114.5850219726562,0.3299826913008999,#D62728,False,
southwest,244,1,2024-06-08,866.5728759765625,0.0,,True,left_gray_far_from_nearest_red_gt_3m
southwest,244,1,2024-06-13,867.7225298200335,0.4430997693203354,#CFCFCF,False,
southwest,244,1,2024-06-28,870.3448486328125,0.1513225422473019,#D62728,False,
southwest,244,1,2024-06-29,870.2691040039062,0.2960061596168085,#D62728,False,
southwest,244,1,2024-07-03,869.538330078125,0.4347533424300908,#D62728,False,
southwest,244,1,2024-07-04,869.3643838757666,0.4821991352187954,#D62728,False,
southwest,244,1,2024-07-19,867.2481689453125,0.2316575192723826,#D62728,False,
southwest,244,1,2024-07-20,866.8890075683594,0.2543838905115278,#D62728,False,
southwest,244,1,2024-07-24,865.9383544921875,0.3996380168592171,#D62728,False,
southwest,244,1,2024-07-25,865.8807282624422,0.4747718632368739,#D62728,False,
southwest,244,1,2024-08-08,865.146484375,0.2034645585206508,#D62728,False,
southwest,244,1,2024-08-09,864.921142578125,0.133647887819827,#D62728,False,
southwest,244,1,2024-08-14,864.6504516601562,0.4107395127122302,#D62728,False,
southwest,244,1,2024-08-15,861.8206787109375,0.0,#CFCFCF,False,
southwest,245,1,2024-06-08,923.458740234375,0.1970989987646295,,True,pre_0613_gt_first_post_0613
southwest,245,1,2024-06-12,925.64794921875,0.1556778196275107,,True,gray_between_red_segments_out_of_both_sides
southwest,245,1,2024-06-28,923.3001708984376,0.2046403310918947,#D62728,False,
southwest,245,1,2024-07-04,922.1377563476562,0.1985139184022958,#D62728,False,
southwest,245,1,2024-07-19,921.81396484375,0.417771511157939,#D62728,False,
southwest,245,1,2024-07-20,921.9479522705078,0.3040468799906946,#D62728,False,
southwest,245,1,2024-07-24,921.502685546875,0.0998708612421807,#D62728,False,
southwest,245,1,2024-07-25,921.2364501953124,0.2506419565303587,#D62728,False,
southwest,245,1,2024-08-09,921.0828552246094,0.2733267196406598,#D62728,False,
southwest,245,1,2024-08-14,921.4344482421876,0.354242732549092,#D62728,False,
southwest,246,1,2024-06-02,1307.56201171875,0.0,,True,left_gray_far_from_nearest_red_gt_3m
southwest,246,1,2024-06-17,1282.951202392578,0.4249126566464421,#CFCFCF,False,
southwest,246,1,2024-06-18,1317.753759765625,0.2577039808128309,,True,left_gray_far_from_nearest_red_gt_3m
southwest,246,1,2024-06-23,1285.519915886645,0.2977547529333766,,True,global_max_not_supported_by_neighbors
southwest,246,1,2024-06-28,1284.7954711914062,0.1039479853054551,#D62728,False,
southwest,246,1,2024-07-03,1284.058349609375,0.1004522216925306,#D62728,False,
southwest,246,1,2024-07-08,1283.7437744140625,0.2837146209845834,#D62728,False,
southwest,246,1,2024-07-09,1316.8972473144531,0.2722252482165971,,True,gray_between_red_segments_out_of_both_sides
southwest,246,1,2024-07-14,1309.12646484375,1.973753376331767,#CFCFCF,True,uncertainty_gt_1m
southwest,246,1,2024-07-19,1283.1880759214744,0.1706109632339145,#D62728,False,
southwest,246,1,2024-07-24,1282.191650390625,0.1035850391384387,#D62728,False,
southwest,246,1,2024-07-29,1281.29052734375,0.0,#D62728,False,
southwest,246,1,2024-07-30,1314.213134765625,0.0,,True,gray_between_red_segments_out_of_both_sides
southwest,246,1,2024-08-04,1291.0292138671875,11.839852593153392,#CFCFCF,True,uncertainty_gt_1m
southwest,246,1,2024-08-14,1281.7424748347355,0.0836867014842524,#D62728,False,
southwest,24,1,2024-06-01,1202.9955157111672,10.33464011107493,#CFCFCF,True,uncertainty_gt_1m
southwest,24,1,2024-06-02,1228.1718994140624,26.92527118482856,#CFCFCF,True,uncertainty_gt_1m
southwest,24,1,2024-06-08,1221.5777587890625,0.0,#D62728,False,
southwest,24,1,2024-06-22,1216.750263560902,0.1305101440893891,,True,gray_between_red_segments_out_of_both_sides
southwest,24,1,2024-06-23,1217.240234375,0.3530441679989916,,True,gray_between_red_segments_out_of_both_sides
southwest,24,1,2024-06-29,1233.4812622070312,15.090325075798116,#CFCFCF,True,uncertainty_gt_1m
southwest,24,1,2024-07-03,1240.54052734375,0.0,,True,gray_between_red_segments_out_of_both_sides
southwest,24,1,2024-07-09,1222.5596923828125,0.114664021975523,#D62728,False,
southwest,24,1,2024-07-13,1223.6062622070312,0.1225171765984693,#D62728,False,
southwest,24,1,2024-07-14,1223.8487548828125,0.1837475136202515,#D62728,False,
southwest,24,1,2024-07-20,1225.323486328125,0.4747848313707358,#D62728,False,
southwest,24,1,2024-07-24,1235.66015625,0.091402068409272,,True,gray_between_red_segments_out_of_both_sides
southwest,24,1,2024-07-30,1223.4715576171875,0.081508752295772,#D62728,False,
southwest,24,1,2024-08-03,1222.388671875,0.1501569611971979,#D62728,False,
southwest,24,1,2024-08-04,1222.3365478515625,0.2914764867568356,#D62728,False,
southwest,24,1,2024-08-09,1220.522216796875,0.1716496273773399,#CFCFCF,False,
southwest,24,1,2024-08-14,1235.348388671875,0.0070779731515255,,True,edge_short_gray_above_nearest_red
southwest,254,1,2024-06-01,930.3137817382812,0.2438448067446285,,True,force_noise_pre_20240605
southwest,254,1,2024-06-18,931.414794921875,0.1847162463128227,#D62728,False,
southwest,254,1,2024-06-19,932.1768798828124,0.3221937505573952,#D62728,False,
southwest,254,1,2024-06-22,930.81494140625,0.1723406586365207,#D62728,False,
southwest,254,1,2024-06-23,933.9964599609376,0.0,,True,gray_between_red_segments_out_of_both_sides
southwest,254,1,2024-06-29,943.563985188802,0.3888021982256274,,True,gray_between_red_segments_out_of_both_sides
southwest,254,1,2024-07-09,929.0985412597656,0.1629562351035117,#D62728,False,
southwest,254,1,2024-07-10,909.79490492079,16.005825319159882,#CFCFCF,True,uncertainty_gt_1m
southwest,254,1,2024-07-13,928.98779296875,0.1160033255529166,#D62728,False,
southwest,254,1,2024-07-14,929.9807535807292,4.893166671449937,#D62728,True,uncertainty_gt_1m
southwest,254,1,2024-07-20,942.4226837158204,0.3699530700634091,,True,gray_between_red_segments_out_of_both_sides
southwest,254,1,2024-07-30,928.3129015470806,0.2674934823493547,#D62728,False,
southwest,254,1,2024-07-31,928.260498046875,0.2054006129956314,#D62728,False,
southwest,254,1,2024-08-03,928.24169921875,0.1931932406272996,#D62728,False,
southwest,254,1,2024-08-04,928.2050170898438,0.0,#D62728,False,
southwest,258,1,2024-06-02,875.2759704589844,0.1170023488645465,,True,edge_short_gray_above_nearest_red
southwest,258,1,2024-06-12,853.1307373046875,0.1329544479939806,,True,pre_0613_gt_first_post_0613
southwest,258,1,2024-06-18,852.9459838867188,0.2110898825115182,#D62728,False,
southwest,258,1,2024-06-19,852.5411682128906,0.2856435607094963,#D62728,False,
southwest,258,1,2024-06-23,870.5333862304688,3.171431645557848,#CFCFCF,True,uncertainty_gt_1m
southwest,258,1,2024-06-29,888.5233154296875,0.613971012521962,,True,gray_between_red_segments_out_of_both_sides
southwest,258,1,2024-07-03,850.3259582519531,0.2143211002026775,#D62728,False,
southwest,258,1,2024-07-09,850.0578002929688,0.2816735543392076,#D62728,False,
southwest,258,1,2024-07-10,850.007373046875,0.9035219095393338,#D62728,False,
southwest,258,1,2024-07-14,874.5052490234375,2.553009056520916,#CFCFCF,True,uncertainty_gt_1m
southwest,258,1,2024-07-24,849.6304931640625,0.1124409774640457,#D62728,False,
southwest,258,1,2024-07-30,849.7545471191406,0.8773935564283253,#D62728,False,
southwest,258,1,2024-08-04,874.4766429554332,1.6837276229538083,#CFCFCF,True,uncertainty_gt_1m
southwest,258,1,2024-08-09,752.3204345703125,127.23131481968711,#CFCFCF,True,uncertainty_gt_1m
southwest,258,1,2024-08-14,849.5287475585938,0.0,#D62728,False,
southwest,25,1,2024-06-02,1128.6611328125,0.3458529483544763,,True,force_noise_pre_20240605
southwest,25,1,2024-06-12,1127.559814453125,0.1585703295897023,,True,local_min_extreme_gt_1m
southwest,25,1,2024-06-23,1130.0301513671875,0.2422710363505467,#D62728,False,
southwest,25,1,2024-06-28,1130.4461669921875,0.1759850384337133,#D62728,False,
southwest,25,1,2024-06-29,1130.6072998046875,0.1298975779503709,#D62728,False,
southwest,25,1,2024-07-03,1130.8258056640625,0.1052684169843042,#D62728,False,
southwest,25,1,2024-07-14,1128.6366577148438,0.2147629207791948,#D62728,False,
southwest,25,1,2024-07-19,1128.2068481445312,0.1681659981107594,#D62728,False,
southwest,25,1,2024-07-20,1128.01416015625,0.1357276139576011,#D62728,False,
southwest,25,1,2024-07-24,1127.4156494140625,0.4007015010698562,#D62728,False,
southwest,25,1,2024-08-04,1127.138842616434,0.3107910633048541,#D62728,False,
southwest,25,1,2024-08-08,1126.9073486328125,0.2288925479660872,#D62728,False,
southwest,25,1,2024-08-09,1126.8404541015625,0.1357268869815457,#D62728,False,
southwest,25,1,2024-08-14,1126.6378784179688,0.2381480154998551,#D62728,False,
southwest,260,1,2024-06-01,998.8372802734376,0.3988547479038238,,True,force_noise_pre_20240605
southwest,260,1,2024-06-12,998.9002685546876,0.1902963614046941,#CFCFCF,False,
southwest,260,1,2024-06-18,1001.0641784667968,0.1264989659353207,,True,global_max_not_supported_by_neighbors
southwest,260,1,2024-06-19,1000.3648681640624,0.2215503228798413,#D62728,False,
southwest,260,1,2024-06-22,998.9901123046876,0.2672541912741162,#D62728,False,
southwest,260,1,2024-06-23,999.100067138672,0.1220715268392561,#D62728,False,
southwest,260,1,2024-06-29,1010.5230102539062,0.4651609428484258,,True,gray_between_red_segments_out_of_both_sides
southwest,260,1,2024-07-03,997.469970703125,0.3403915634154011,#D62728,False,
southwest,260,1,2024-07-09,996.775390625,0.4967808401366373,#D62728,False,
southwest,260,1,2024-07-10,996.7240600585938,0.2469749685730782,#D62728,False,
southwest,260,1,2024-07-13,996.5706787109376,0.4607237146053483,#D62728,False,
southwest,260,1,2024-07-14,996.9347737630208,0.4033546171462501,#D62728,False,
southwest,260,1,2024-07-20,834.6083374023438,0.0,,True,gray_between_red_segments_out_of_both_sides
southwest,260,1,2024-07-24,997.1206665039062,0.468317207092126,#D62728,False,
southwest,260,1,2024-07-30,996.0330429077148,0.3392788634704073,#D62728,False,
southwest,260,1,2024-07-31,986.6456298828124,0.0,,True,gray_between_red_segments_out_of_both_sides
southwest,260,1,2024-08-03,995.6783447265624,0.0915212755196183,#D62728,False,
southwest,260,1,2024-08-04,995.658447265625,0.418041589388849,#D62728,False,
southwest,260,1,2024-08-09,827.8893585205078,5.976021114747906,#CFCFCF,True,uncertainty_gt_1m
southwest,260,1,2024-08-14,998.2462768554688,4.941583490325771,#CFCFCF,True,uncertainty_gt_1m
southwest,270,1,2024-06-02,992.915985107422,0.1792367225505207,,True,force_noise_pre_20240605
southwest,270,1,2024-06-12,992.5501708984376,0.2078151696653986,#D62728,False,
southwest,270,1,2024-06-18,993.6521606445312,0.1688577660554696,#D62728,False,
southwest,270,1,2024-06-23,993.0225830078124,0.8190203030812823,#D62728,False,
southwest,270,1,2024-06-29,992.009130859375,0.3572109843153254,#D62728,False,
southwest,270,1,2024-07-03,991.329833984375,0.3497246759254031,#D62728,False,
southwest,270,1,2024-07-09,991.28369140625,0.1549603229570441,#D62728,False,
southwest,270,1,2024-07-14,992.8263549804688,1.0400035064063888,#CFCFCF,True,uncertainty_gt_1m
southwest,270,1,2024-07-20,990.7785896422372,0.2742896379017784,#D62728,False,
southwest,270,1,2024-07-24,990.5751953125,0.3647004335772139,#D62728,False,
southwest,270,1,2024-07-30,990.456787109375,0.0767927547139071,#D62728,False,
southwest,270,1,2024-08-04,984.3990391322544,17.368634590880916,#CFCFCF,True,uncertainty_gt_1m
southwest,270,1,2024-08-09,990.3299759265988,0.4405442965119058,#D62728,False,
southwest,270,1,2024-08-14,989.9373826980592,0.4559910131377285,#D62728,False,
southwest,271,1,2024-06-08,848.5052795410156,0.2812334579157736,#D62728,False,
southwest,271,1,2024-06-13,850.7422485351562,0.3495491990925133,,True,gray_between_red_segments_out_of_both_sides
southwest,271,1,2024-06-28,848.723388671875,0.2006125551832987,#D62728,False,
southwest,271,1,2024-07-03,848.1146240234375,0.1017674432396166,#D62728,False,
southwest,271,1,2024-07-04,847.9848022460938,0.2819594283244886,#D62728,False,
southwest,271,1,2024-07-19,847.2479858398438,0.2270288676432081,#D62728,False,
southwest,271,1,2024-07-20,847.1255185081845,0.2628960655204886,#D62728,False,
southwest,271,1,2024-07-24,846.7019653320312,0.2227547633300949,#D62728,False,
southwest,271,1,2024-07-25,846.4994506835938,0.3351081706899304,#D62728,False,
southwest,271,1,2024-08-08,846.3441223144531,0.0878453665637026,#D62728,False,
southwest,271,1,2024-08-14,845.9419555664062,0.1756742439221968,#D62728,False,
southwest,274,1,2024-06-01,1049.10498046875,0.2958780373089653,,True,force_noise_pre_20240605
southwest,274,1,2024-06-02,1078.5435165014023,25.003980851622533,#CFCFCF,True,uncertainty_gt_1m
southwest,274,1,2024-06-18,1049.7178955078125,0.1034270229480832,#D62728,False,
southwest,274,1,2024-06-19,1050.0861206054688,0.1882709675151888,#D62728,False,
southwest,274,1,2024-06-22,1050.544921875,0.1355320390279807,#D62728,False,
southwest,274,1,2024-06-23,1051.06494140625,0.0,#D62728,False,
southwest,274,1,2024-07-09,1051.2151489257812,0.0863680207392087,#D62728,False,
southwest,274,1,2024-07-10,1051.00390625,0.1840602145798178,#D62728,False,
southwest,274,1,2024-07-13,1050.6380615234375,0.1245495057776888,#D62728,False,
southwest,274,1,2024-07-14,1050.6923217773438,0.135522647065416,#D62728,False,
southwest,274,1,2024-07-30,1049.492431640625,0.1053665660363526,#D62728,False,
southwest,274,1,2024-07-31,1049.4459228515625,0.2496935975578673,#D62728,False,
southwest,274,1,2024-08-03,1049.311767578125,0.1802072890252848,#D62728,False,
southwest,274,1,2024-08-04,1049.3533935546875,0.2129808652418738,#D62728,False,
southwest,276,1,2024-06-01,998.4698181152344,0.4421797701156632,,True,force_noise_pre_20240605
southwest,276,1,2024-06-02,1059.945535098805,2.160742425472588,#CFCFCF,True,uncertainty_gt_1m
southwest,276,1,2024-06-18,1000.425750732422,0.3195810364362961,#D62728,False,
southwest,276,1,2024-06-19,1000.7952270507812,0.2043538296884125,#D62728,False,
southwest,276,1,2024-06-22,1001.3247680664062,0.1306449016241432,#D62728,False,
southwest,276,1,2024-07-09,1003.4932861328124,0.174449416012573,#D62728,False,
southwest,276,1,2024-07-10,1003.5984497070312,0.1814437885717363,#D62728,False,
southwest,276,1,2024-07-13,1003.9558715820312,0.1211554054714064,#D62728,False,
southwest,276,1,2024-07-14,1004.0148315429688,0.1413085576765252,#D62728,False,
southwest,276,1,2024-07-30,997.2511596679688,0.4100690817040978,#D62728,False,
southwest,276,1,2024-07-31,996.7836303710938,0.6381783840805147,#D62728,False,
southwest,276,1,2024-08-03,996.1897583007812,0.4073435265977282,#D62728,False,
southwest,276,1,2024-08-04,996.3721618652344,0.5314371374749915,#D62728,False,
southwest,27,1,2024-06-01,1203.7501220703125,0.2674282275699086,,True,left_gray_far_from_nearest_red_gt_3m
southwest,27,1,2024-06-02,1218.4453648158485,23.666770830970204,#CFCFCF,True,uncertainty_gt_1m
southwest,27,1,2024-06-08,1189.5987548828125,1.5134666722164412,#CFCFCF,True,uncertainty_gt_1m
southwest,27,1,2024-06-22,1205.6307373046875,0.1790382542195449,#CFCFCF,False,
southwest,27,1,2024-06-22,1205.659423828125,0.1648518225890332,#CFCFCF,False,
southwest,27,1,2024-06-23,1206.0650634765625,0.1765072399057436,#CFCFCF,False,
southwest,27,1,2024-06-28,1208.4095458984375,0.2854150053300446,#D62728,False,
southwest,27,1,2024-06-29,1208.79052734375,0.1490094150942258,#D62728,False,
southwest,27,1,2024-07-09,1206.9231900301847,0.2449151488152496,#D62728,False,
southwest,27,1,2024-07-13,1206.4677124023438,0.1748638205085471,#D62728,False,
southwest,27,1,2024-07-14,1206.4129638671875,0.1022534836951473,#D62728,False,
southwest,27,1,2024-07-19,1206.3167114257812,0.2943769089209915,#D62728,False,
southwest,27,1,2024-07-20,1206.3995361328125,0.1483799203258899,#D62728,False,
southwest,27,1,2024-07-30,1205.109816196987,0.0990945886796646,#D62728,False,
southwest,27,1,2024-08-03,1205.236083984375,0.2669712382707882,#D62728,False,
southwest,27,1,2024-08-04,1205.232861328125,0.297889551960643,#D62728,False,
southwest,27,1,2024-08-08,1204.9730224609375,0.2465716218989641,#D62728,False,
southwest,284,1,2024-06-01,995.957275390625,0.3660417423016316,,True,force_noise_pre_20240605
southwest,284,1,2024-06-02,1014.3025309244792,6.377070576675174,#CFCFCF,True,uncertainty_gt_1m
southwest,284,1,2024-06-18,997.0338745117188,0.1567170808532018,#D62728,False,
southwest,284,1,2024-06-19,996.9873657226562,0.1550618088298322,#D62728,False,
southwest,284,1,2024-06-22,996.2775268554688,0.1445982200411752,#D62728,False,
southwest,284,1,2024-06-29,995.2218918573288,0.3266982141167024,#D62728,False,
southwest,284,1,2024-07-03,994.0018005371094,0.9921423339684,,True,local_min_extreme_gt_1m
southwest,284,1,2024-07-09,995.0983276367188,0.1891222225044434,#D62728,False,
southwest,284,1,2024-07-10,977.5886743164062,5.112720223057714,#CFCFCF,True,uncertainty_gt_1m
southwest,284,1,2024-07-13,994.8037719726562,0.1322541971110166,#D62728,False,
southwest,284,1,2024-07-24,991.6836738586426,0.8319612427986746,,True,gray_between_red_segments_out_of_both_sides
southwest,284,1,2024-07-30,994.0686645507812,0.8773234038061608,#D62728,False,
southwest,284,1,2024-08-03,994.167724609375,0.1843388189536363,#D62728,False,
southwest,284,1,2024-08-04,994.4224548339844,0.1653400569409129,#D62728,False,
southwest,284,1,2024-08-09,994.533660888672,0.2984401484317002,#D62728,False,
southwest,284,1,2024-08-14,995.192138671875,0.0,#D62728,False,
southwest,285,1,2024-06-01,1320.8193761599018,8.44213047679354,#CFCFCF,True,uncertainty_gt_1m
southwest,285,1,2024-06-08,1329.131591796875,0.0890127812862572,#D62728,False,
southwest,285,1,2024-06-12,1314.2694392128597,1.7157474616340924,#CFCFCF,True,uncertainty_gt_1m
southwest,285,1,2024-06-18,1329.3056640625,0.5298554439767267,#D62728,False,
southwest,285,1,2024-06-22,1329.0438232421875,0.3711978410168049,#D62728,False,
southwest,285,1,2024-06-29,1329.317138671875,0.1407583142232845,#D62728,False,
southwest,285,1,2024-07-03,1329.668212890625,0.1254113265744238,#D62728,False,
southwest,285,1,2024-07-09,1330.4503173828125,0.1238470705992499,#D62728,False,
southwest,285,1,2024-07-13,1329.7390185546874,0.0930680223119842,#D62728,False,
southwest,285,1,2024-07-20,1328.8298950195312,0.1340634880008877,#D62728,False,
southwest,285,1,2024-07-24,1328.5218505859375,0.2567779970761901,#D62728,False,
southwest,285,1,2024-07-30,1328.163818359375,0.1562183395037248,#D62728,False,
southwest,285,1,2024-08-03,1321.7444229125977,8.200709095475437,#CFCFCF,True,uncertainty_gt_1m
southwest,285,1,2024-08-09,1328.2998046875,0.1502217746706199,#D62728,False,
southwest,285,1,2024-08-14,1328.1527099609375,0.2258271933463073,#D62728,False,
southwest,288,1,2024-06-08,990.71443123653,1.5116293927273847,#CFCFCF,True,uncertainty_gt_1m
southwest,288,1,2024-06-12,993.9591674804688,0.1477243188847196,,True,pre_0613_gt_first_post_0613
southwest,288,1,2024-06-23,1010.1510620117188,0.0,,True,gray_between_red_segments_out_of_both_sides
southwest,288,1,2024-06-28,993.4832763671876,0.1059097167234869,#D62728,False,
southwest,288,1,2024-06-29,992.6028747558594,0.121289905374259,#D62728,False,
southwest,288,1,2024-07-03,991.9073825412328,0.394624028900381,#D62728,False,
southwest,288,1,2024-07-04,991.65234375,0.3609677002536574,#D62728,False,
southwest,288,1,2024-07-19,991.2601928710938,0.1589690965366089,#D62728,False,
southwest,288,1,2024-07-20,990.897813650278,0.4134347032511787,#D62728,False,
southwest,288,1,2024-07-24,989.9730529785156,0.3721705861427233,#D62728,False,
southwest,288,1,2024-07-25,989.955810546875,0.8504278346583386,#D62728,False,
southwest,288,1,2024-08-04,1008.9684448242188,0.0,,True,gray_between_red_segments_out_of_both_sides
southwest,288,1,2024-08-08,989.3551635742188,0.1650866386151134,#D62728,False,
southwest,288,1,2024-08-14,988.7081909179688,0.1997575588595123,#D62728,False,
southwest,289,1,2024-06-01,1326.0190836588542,22.915781319182194,#CFCFCF,True,uncertainty_gt_1m
southwest,289,1,2024-06-02,1390.0994657628676,1.1237185296117804,#CFCFCF,True,uncertainty_gt_1m
southwest,289,1,2024-06-18,1348.4215494791667,0.1788425259883485,#D62728,False,
southwest,289,1,2024-06-22,1349.8282470703125,0.0,#D62728,False,
southwest,289,1,2024-06-23,1349.501220703125,0.1586940503578904,#D62728,False,
southwest,289,1,2024-06-28,1350.0343017578125,0.0,#D62728,False,
southwest,289,1,2024-07-09,1336.1538492838542,1.1375903712868514,#CFCFCF,True,uncertainty_gt_1m
southwest,289,1,2024-07-13,1351.91796875,0.3039283474200491,,True,gray_between_red_segments_out_of_both_sides
southwest,289,1,2024-07-14,1320.6669479202435,3.714115120548673,#CFCFCF,True,uncertainty_gt_1m
southwest,289,1,2024-07-19,1349.2037823016826,0.1145425233064903,#D62728,False,
southwest,289,1,2024-07-30,1336.4132961697048,1.0002297050800926,#CFCFCF,True,uncertainty_gt_1m
southwest,289,1,2024-08-04,1319.6061248779297,1.7453676732179657,#CFCFCF,True,uncertainty_gt_1m
southwest,289,1,2024-08-08,1348.0072631835938,0.4585405354599242,#D62728,False,
southwest,28,1,2024-06-01,1319.3515545771672,18.465105282940307,#CFCFCF,True,uncertainty_gt_1m
southwest,28,1,2024-06-02,1390.4004572088068,1.4709762054670137,#CFCFCF,True,uncertainty_gt_1m
southwest,28,1,2024-06-08,1332.1141357421875,4.752772654503623,#CFCFCF,True,uncertainty_gt_1m
southwest,28,1,2024-06-22,1342.24853515625,0.280485606120648,#CFCFCF,False,
southwest,28,1,2024-06-22,1342.29443359375,0.2103315378318686,#CFCFCF,False,
southwest,28,1,2024-07-09,1344.9385030995245,0.2632692957110455,#D62728,False,
southwest,28,1,2024-07-13,1345.721923828125,0.1690222464659859,#D62728,False,
southwest,28,1,2024-07-14,1345.8432055052535,0.1357299082986786,#D62728,False,
southwest,28,1,2024-07-19,1346.3577880859375,0.1130862436782264,#D62728,False,
southwest,28,1,2024-07-20,1346.6513671875,0.2581554909985698,#D62728,False,
southwest,28,1,2024-07-30,1360.9374918619792,0.3274129074433216,,True,gray_between_red_segments_out_of_both_sides
southwest,28,1,2024-08-03,1348.5336303710938,0.1958233897773032,#D62728,False,
southwest,28,1,2024-08-04,1348.581992900477,0.2550428449639255,#D62728,False,
southwest,28,1,2024-08-08,1349.1104125976562,0.1166547700861331,#D62728,False,
southwest,290,1,2024-06-01,1081.4613793945311,13.645996774360231,#CFCFCF,True,uncertainty_gt_1m
southwest,290,1,2024-06-02,1101.4295654296875,0.0806198405307904,,True,force_noise_pre_20240605
southwest,290,1,2024-06-08,1116.1307983398438,1.7504172870705563,#CFCFCF,True,uncertainty_gt_1m
southwest,290,1,2024-06-18,1102.6507568359375,0.1387588916397829,#D62728,False,
southwest,290,1,2024-06-19,1103.49267578125,0.1566623833719916,#D62728,False,
southwest,290,1,2024-06-22,1103.27978515625,0.1451131009093674,#D62728,False,
southwest,290,1,2024-06-23,1103.3850708007812,0.0264992409453454,#D62728,False,
southwest,290,1,2024-07-09,1100.4495239257812,0.1197870523382734,#D62728,False,
southwest,290,1,2024-07-10,1100.3613082885745,0.20798301940645,#D62728,False,
southwest,290,1,2024-07-13,1100.2782592773438,0.1319540954812779,#D62728,False,
southwest,290,1,2024-07-14,1100.7130126953125,0.0,#D62728,False,
southwest,290,1,2024-07-30,1099.297146267361,0.4643909820942828,#D62728,False,
southwest,290,1,2024-07-31,1089.136474609375,1.639845535764408,#CFCFCF,True,uncertainty_gt_1m
southwest,290,1,2024-08-03,1099.5216064453125,0.4362685909693197,#D62728,False,
southwest,290,1,2024-08-04,1099.4052908761162,0.2760779047689138,#D62728,False,
southwest,290,1,2024-08-09,1115.0914306640625,0.0,,True,edge_short_gray_above_nearest_red
southwest,293,1,2024-06-01,1233.633037860577,9.566557367688524,#CFCFCF,True,uncertainty_gt_1m
southwest,293,1,2024-06-08,1240.0439682006836,0.2814872391219739,,True,pre_0613_gt_first_post_0613
southwest,293,1,2024-06-12,1226.724111196157,3.1447795163588803,#CFCFCF,True,uncertainty_gt_1m
southwest,293,1,2024-06-18,1239.2547607421875,0.1416016151165042,#D62728,False,
southwest,293,1,2024-06-19,1238.9699096679688,0.5841054184923544,#D62728,False,
southwest,293,1,2024-06-22,1239.751220703125,0.1091351518703657,#D62728,False,
southwest,293,1,2024-06-29,1240.3459250710227,0.4897924464555062,#D62728,False,
southwest,293,1,2024-07-03,1240.5360950587951,0.3974419492270875,#D62728,False,
southwest,293,1,2024-07-09,1240.0980224609375,0.0968277686503726,#D62728,False,
southwest,293,1,2024-07-10,1240.016845703125,0.2445520961761949,#D62728,False,
southwest,293,1,2024-07-13,1239.850830078125,0.1169326130288253,#D62728,False,
southwest,293,1,2024-07-20,1241.1739145914714,2.117996328613736,#D62728,True,uncertainty_gt_1m
southwest,293,1,2024-07-24,1239.5865345105449,0.2267989893183395,#D62728,False,
southwest,293,1,2024-07-30,1239.5461018880208,0.2238713889065581,#D62728,False,
southwest,293,1,2024-07-31,1232.9385986328125,0.0,,True,gray_between_red_segments_out_of_both_sides
southwest,293,1,2024-08-03,1239.6761474609375,0.152365947685177,#D62728,False,
southwest,293,1,2024-08-09,1239.82768758138,2.935536907097365,#D62728,True,uncertainty_gt_1m
southwest,293,1,2024-08-14,1239.495847557773,0.2647490916212022,#D62728,False,
southwest,296,1,2024-06-12,1046.2142333984375,0.1032969058933657,,True,pre_0613_gt_first_post_0613
southwest,296,1,2024-06-28,1045.187574433117,0.1644044601989079,#D62728,False,
southwest,296,1,2024-06-29,1044.8345947265625,0.4066567981517519,#D62728,False,
southwest,296,1,2024-07-04,1044.6819846413352,0.3713006609979101,#D62728,False,
southwest,296,1,2024-07-19,1043.91259765625,0.1733431055102801,#D62728,False,
southwest,296,1,2024-07-20,1043.6429443359375,0.2508570937255716,#D62728,False,
southwest,296,1,2024-07-24,1043.2449645996094,0.221032642146722,#D62728,False,
southwest,296,1,2024-07-25,1043.2047729492188,0.35760659025881,#D62728,False,
southwest,296,1,2024-08-08,1043.0364990234375,0.1321705125102044,#D62728,False,
southwest,296,1,2024-08-09,1044.11572265625,0.0,,True,local_max_extreme_gt_1m
southwest,296,1,2024-08-14,1042.772216796875,0.2625130826824614,#D62728,False,
southwest,298,1,2024-06-02,1100.0211791992188,0.1970127409781805,,True,force_noise_pre_20240605
southwest,298,1,2024-06-12,1100.2689208984375,0.2620759285389688,,True,pre_0613_gt_first_post_0613
southwest,298,1,2024-06-23,1099.404052734375,0.109104366628393,#D62728,False,
southwest,298,1,2024-06-28,1099.8475341796875,0.1610084382594319,#D62728,False,
southwest,298,1,2024-06-29,1100.0112915039062,0.1696100350880502,#D62728,False,
southwest,298,1,2024-07-03,1100.2402954101562,0.1115031790760022,#D62728,False,
southwest,298,1,2024-07-14,1099.7073974609375,0.4442434012097632,#D62728,False,
southwest,298,1,2024-07-19,1099.5549926757812,0.1698233048097571,#D62728,False,
southwest,298,1,2024-07-20,1099.1676025390625,0.1254336687691327,#D62728,False,
southwest,298,1,2024-07-24,1098.5960083007812,0.1545901753364701,#D62728,False,
southwest,298,1,2024-08-04,1106.504150390625,0.0,,True,gray_between_red_segments_out_of_both_sides
southwest,298,1,2024-08-08,1098.240478515625,0.123856052097262,#D62728,False,
southwest,298,1,2024-08-09,1098.3799438476562,0.5022771435210596,#D62728,False,
southwest,298,1,2024-08-14,1098.0691731770833,0.2888300849000826,#D62728,False,
southwest,29,2,2024-06-02,1191.09814453125,0.4990495413331081,,True,left_gray_far_from_nearest_red_gt_3m
southwest,29,2,2024-06-18,1191.403564453125,0.0,,True,left_gray_far_from_nearest_red_gt_3m
southwest,29,2,2024-06-29,1159.7415161132812,0.4459815428776848,#CFCFCF,False,
southwest,29,2,2024-07-03,1159.8257493239182,0.168872520739827,#CFCFCF,False,
southwest,29,2,2024-07-19,1161.37128350859,0.1261932992955126,#D62728,False,
southwest,29,2,2024-07-20,1161.583251953125,0.304498855559117,#D62728,False,
southwest,29,2,2024-07-24,1162.1049547350085,0.0841166987913183,#D62728,False,
southwest,29,2,2024-08-04,1164.743935324929,0.4603225500433309,,True,gray_between_red_segments_out_of_both_sides
southwest,29,2,2024-08-08,1161.8794361787684,0.1273747318605463,#D62728,False,
southwest,29,2,2024-08-09,1161.623291015625,0.2298779518849295,#D62728,False,
southwest,302,1,2024-06-08,995.387237548828,1.216036124124702,#CFCFCF,True,uncertainty_gt_1m
southwest,302,1,2024-06-12,976.259735107422,0.2121911095149803,#D62728,False,
southwest,302,1,2024-06-18,977.492156982422,0.1103156630331666,#D62728,False,
southwest,302,1,2024-06-19,977.324462890625,0.2920795163120454,#D62728,False,
southwest,302,1,2024-06-23,976.343505859375,0.1561238942284668,#D62728,False,
southwest,302,1,2024-06-29,993.8048638237848,1.7803998538274346,#CFCFCF,True,uncertainty_gt_1m
southwest,302,1,2024-07-03,974.8622131347656,0.3954182538332136,#D62728,False,
southwest,302,1,2024-07-09,974.6598205566406,0.1578014009070679,#D62728,False,
southwest,302,1,2024-07-10,974.7301025390624,0.3399721688165115,#D62728,False,
southwest,302,1,2024-07-14,974.5426897321428,0.3760776381552907,#D62728,False,
southwest,302,1,2024-07-20,992.8800048828124,2.170786334586952,#CFCFCF,True,uncertainty_gt_1m
southwest,302,1,2024-07-24,974.1795654296876,0.3792851199430069,#D62728,False,
southwest,302,1,2024-07-30,973.9051513671876,0.170251956355192,#D62728,False,
southwest,302,1,2024-07-31,975.174072265625,0.0,,True,local_max_extreme_gt_1m
southwest,302,1,2024-08-04,973.4472217559814,0.4708471962947329,,True,local_min_extreme_gt_1m
southwest,302,1,2024-08-09,996.0707092285156,1.4360785703280412,#CFCFCF,True,uncertainty_gt_1m
southwest,302,1,2024-08-14,974.116435657848,0.774705957044346,#D62728,False,
southwest,309,1,2024-06-12,1018.6654052734376,0.1972953867158951,,True,pre_0613_gt_first_post_0613
southwest,309,1,2024-06-13,1018.3026733398438,0.0107032764730385,#D62728,False,
southwest,309,1,2024-06-18,1035.60419921875,0.2832610709004035,,True,gray_between_red_segments_out_of_both_sides
southwest,309,1,2024-06-28,1017.1388854980468,0.2362567833296424,#D62728,False,
southwest,309,1,2024-06-29,1016.997073364258,0.4291566619623599,#D62728,False,
southwest,309,1,2024-07-04,1016.6959984188989,0.3667387268811939,#D62728,False,
southwest,309,1,2024-07-19,1016.6862182617188,0.1863614012871677,#D62728,False,
southwest,309,1,2024-07-20,1016.3465585859996,0.3520038796720136,#D62728,False,
southwest,309,1,2024-07-24,1016.1335754394532,0.2526067943023473,#D62728,False,
southwest,309,1,2024-07-25,1015.8655529022216,0.4440601837987257,#D62728,False,
southwest,309,1,2024-07-30,1040.962158203125,0.0,,True,gray_between_red_segments_out_of_both_sides
southwest,309,1,2024-08-08,1016.0305597478692,0.2917971448961675,#D62728,False,
southwest,309,1,2024-08-14,1015.6937554253471,0.2091564474876599,#D62728,False,
southwest,309,1,2024-08-15,1015.0960693359376,0.1485605858898948,#D62728,False,
southwest,311,1,2024-06-02,1078.145528157552,0.3122246236242613,,True,force_noise_pre_20240605
southwest,311,1,2024-06-08,1080.94453125,0.4084000053357424,,True,gray_between_red_segments_out_of_both_sides
southwest,311,1,2024-06-12,1079.438799324682,0.1743824190198112,,True,pre_0613_gt_first_post_0613
southwest,311,1,2024-06-18,1080.5403451772836,0.2179634288885608,,True,global_max_not_supported_by_neighbors
southwest,311,1,2024-06-23,1077.5706329345703,0.2916852387509043,,True,local_min_extreme_gt_1m
southwest,311,1,2024-06-28,1078.436767578125,0.3442839177187561,#D62728,False,
southwest,311,1,2024-06-29,1078.3916015625,0.1149289237012513,#D62728,False,
southwest,311,1,2024-07-03,1078.0581868489585,0.2357144018874082,#D62728,False,
southwest,311,1,2024-07-09,1077.8338650173612,0.1777058262888545,#D62728,False,
southwest,311,1,2024-07-14,1091.5588134765626,16.280049505702184,#CFCFCF,True,uncertainty_gt_1m
southwest,311,1,2024-07-19,1077.3489379882812,0.4198765054573886,#D62728,False,
southwest,311,1,2024-07-20,1077.2896259014424,0.6952230135109436,#D62728,False,
southwest,311,1,2024-07-24,1076.9944458007812,0.2409950187099298,#D62728,False,
southwest,311,1,2024-07-30,1076.760986328125,0.2707070248405603,#D62728,False,
southwest,311,1,2024-08-04,1078.7122192382812,0.3980404970296369,,True,gray_between_red_segments_out_of_both_sides
southwest,311,1,2024-08-08,1076.5244663783485,0.3296837028865009,#D62728,False,
southwest,311,1,2024-08-09,1076.05859375,0.3854118651872835,#D62728,False,
southwest,311,1,2024-08-14,1076.4171498616536,0.302010078191714,#D62728,False,
southwest,317,1,2024-06-01,1228.2033889043898,10.048197241503036,#CFCFCF,True,uncertainty_gt_1m
southwest,317,1,2024-06-02,1242.396240234375,0.4227420115443431,,True,force_noise_pre_20240605
southwest,317,1,2024-06-08,1232.869619516226,5.176676379949366,#CFCFCF,True,uncertainty_gt_1m
southwest,317,1,2024-06-12,1250.1864568536932,6.680652927737612,#CFCFCF,True,uncertainty_gt_1m
southwest,317,1,2024-06-18,1242.357177734375,0.1063116049060656,#D62728,False,
southwest,317,1,2024-06-22,1243.2042236328125,0.1020419026274166,#D62728,False,
southwest,317,1,2024-06-23,1243.6229858398438,0.4639879662397821,#D62728,False,
southwest,317,1,2024-06-29,1240.6934204101562,3.016429273622138,#CFCFCF,True,uncertainty_gt_1m
southwest,317,1,2024-07-03,1242.845458984375,0.310140640694195,#D62728,False,
southwest,317,1,2024-07-09,1242.1829833984375,0.1305676964557935,#D62728,False,
southwest,317,1,2024-07-13,1242.123397612236,0.1318736349304716,#D62728,False,
southwest,317,1,2024-07-14,1242.248046875,0.0581022630336149,#D62728,False,
southwest,317,1,2024-07-20,1242.5162353515625,0.1482831030642076,#D62728,False,
southwest,317,1,2024-07-24,1243.007568359375,3.267493787639092,#D62728,True,uncertainty_gt_1m
southwest,317,1,2024-07-30,1241.5242919921875,0.1805261626349345,#D62728,False,
southwest,317,1,2024-08-03,1221.513671875,0.8028661429486679,,True,gray_between_red_segments_out_of_both_sides
southwest,317,1,2024-08-04,1241.6292724609375,0.411668705055207,#D62728,False,
southwest,317,1,2024-08-09,1241.9545288085938,0.1301675234285915,#D62728,False,
southwest,317,1,2024-08-14,1241.1448974609375,0.0882157141568178,#D62728,False,
southwest,328,1,2024-06-02,1148.8333740234375,1.6642133005671582,#CFCFCF,True,uncertainty_gt_1m
southwest,328,1,2024-06-12,1130.9078147194602,0.231639415732547,,True,edge_short_gray_above_nearest_red
southwest,328,1,2024-06-23,1130.2813293457032,1.6675970383316618,#D62728,True,uncertainty_gt_1m
southwest,328,1,2024-06-28,1129.0067138671875,0.132232478144883,#D62728,False,
southwest,328,1,2024-06-29,1114.58837890625,26.225867283799392,#CFCFCF,True,uncertainty_gt_1m
southwest,328,1,2024-07-03,1129.3125657301682,0.4051054195537572,#D62728,False,
southwest,328,1,2024-07-09,1143.9266967773438,0.2383205350166086,,True,gray_between_red_segments_out_of_both_sides
southwest,328,1,2024-07-14,1137.51318359375,7.433080243542279,#CFCFCF,True,uncertainty_gt_1m
southwest,328,1,2024-07-19,1128.8555908203125,0.123220383696357,#D62728,False,
southwest,328,1,2024-07-20,1128.530517578125,0.2211144158284494,#D62728,False,
southwest,328,1,2024-07-24,1127.8897705078125,0.2363137603300243,#D62728,False,
southwest,328,1,2024-08-04,1130.7618220402644,1.890077901165779,#CFCFCF,True,uncertainty_gt_1m
southwest,328,1,2024-08-08,1128.1250871930804,0.1566900543646235,#D62728,False,
southwest,328,1,2024-08-14,1128.073486328125,0.13540351440501,#D62728,False,
southwest,331,1,2024-06-12,1394.5903198242188,0.373196949266974,,True,pre_0613_gt_first_post_0613
southwest,331,1,2024-06-18,1393.368896484375,0.1316678706649264,,True,local_min_extreme_gt_1m
southwest,331,1,2024-06-23,1393.94580078125,0.1497317746242623,#D62728,False,
southwest,331,1,2024-07-03,1394.9152221679688,0.21267682460165,#D62728,False,
southwest,331,1,2024-07-08,1394.8919067382812,0.2849501298614532,#D62728,False,
southwest,331,1,2024-07-09,1394.9570922851562,0.158743515666226,#D62728,False,
southwest,331,1,2024-07-14,1421.316685994466,3.480987009970108,#CFCFCF,True,uncertainty_gt_1m
southwest,331,1,2024-07-24,1393.829833984375,0.1965344767833389,#D62728,False,
southwest,331,1,2024-07-29,1393.5418701171875,0.4170987024662497,#D62728,False,
southwest,331,1,2024-08-04,1392.8573608398438,2.7130254515500685,#D62728,True,uncertainty_gt_1m
southwest,331,1,2024-08-14,1393.388427734375,0.3887751590615595,#D62728,False,
southwest,332,1,2024-06-02,677.197509765625,0.0340951145713728,,True,edge_short_gray_above_nearest_red
southwest,332,1,2024-06-12,666.479524230957,0.3754966134463651,#D62728,False,
southwest,332,1,2024-06-13,666.6348876953125,0.2816266434118991,#D62728,False,
southwest,332,1,2024-06-18,668.1107788085938,0.2307799410634422,#D62728,False,
southwest,332,1,2024-06-19,668.5198544456845,0.4557372384641559,#D62728,False,
southwest,332,1,2024-07-03,663.6636009216309,0.8053753449865251,#D62728,False,
southwest,332,1,2024-07-09,662.9544067382812,0.2124255112915153,#D62728,False,
southwest,332,1,2024-07-10,663.0781982421875,0.5517285236248112,#D62728,False,
southwest,332,1,2024-07-24,662.9053257533482,0.2707029972667205,#D62728,False,
southwest,332,1,2024-07-30,662.2777099609375,0.0,#D62728,False,
southwest,332,1,2024-08-14,662.0636335100446,0.6058937712475926,#D62728,False,
southwest,332,1,2024-08-15,661.9468994140625,0.0,#D62728,False,
southwest,336,1,2024-06-01,1019.428955078125,0.6079573434289739,,True,force_noise_pre_20240605
southwest,336,1,2024-06-02,1019.3361206054688,0.4369805851686619,,True,force_noise_pre_20240605
southwest,336,1,2024-06-08,1033.8625244140626,2.392814313791461,#CFCFCF,True,uncertainty_gt_1m
southwest,336,1,2024-06-12,1019.2178649902344,0.4252987599704423,#D62728,False,
southwest,336,1,2024-06-18,1020.7861328125,0.1172325593378537,#D62728,False,
southwest,336,1,2024-06-19,1020.7023315429688,0.2470604638288839,#D62728,False,
southwest,336,1,2024-06-22,1020.354949951172,0.2529269327442553,#D62728,False,
southwest,336,1,2024-06-23,1020.4435119628906,0.0987031987654806,#D62728,False,
southwest,336,1,2024-06-29,1033.7950744628906,2.5522516659188894,#CFCFCF,True,uncertainty_gt_1m
southwest,336,1,2024-07-03,1018.8546142578124,0.1891437215607159,#D62728,False,
southwest,336,1,2024-07-09,1018.2928161621094,0.224396986496256,#D62728,False,
southwest,336,1,2024-07-10,1018.3132123804804,0.2479507203657145,#D62728,False,
southwest,336,1,2024-07-13,1017.8824462890624,0.198333518370113,#D62728,False,
southwest,336,1,2024-07-14,1017.9613647460938,0.3735605331784272,#D62728,False,
southwest,336,1,2024-07-20,1032.5368041992188,0.1364356060854815,,True,gray_between_red_segments_out_of_both_sides
southwest,336,1,2024-07-24,1017.9464416503906,3.520477259385656,#D62728,True,uncertainty_gt_1m
southwest,336,1,2024-07-30,1017.2825927734376,0.3779836272531655,#D62728,False,
southwest,336,1,2024-08-03,1017.3702392578124,0.3004124464212245,#D62728,False,
southwest,336,1,2024-08-04,1017.2496948242188,0.3194716446412219,#D62728,False,
southwest,336,1,2024-08-09,1035.4149169921875,0.0,,True,edge_short_gray_above_nearest_red
southwest,336,1,2024-08-14,1021.865264892578,3.674626478199824,#CFCFCF,True,uncertainty_gt_1m
southwest,33,1,2024-06-01,1348.8386596679688,0.2918828669462669,,True,force_noise_pre_20240605
southwest,33,1,2024-06-08,1348.993408203125,0.2936926684333746,,True,pre_0613_gt_first_post_0613
southwest,33,1,2024-06-12,1346.400390625,1.0458993208282188,#CFCFCF,True,uncertainty_gt_1m
southwest,33,1,2024-06-18,1348.992815290179,0.1995115861607066,#D62728,False,
southwest,33,1,2024-06-22,1348.5367431640625,0.0854339900248387,#D62728,False,
southwest,33,1,2024-06-28,1340.2745971679688,3.244214889025438,#D62728,True,uncertainty_gt_1m
southwest,33,1,2024-07-02,1340.78271484375,0.397368624227757,,True,gray_between_red_segments_out_of_both_sides
southwest,33,1,2024-07-03,1348.8951953125,0.2349883321729932,#D62728,False,
southwest,33,1,2024-07-09,1366.1370035807292,3.1899421357506745,#CFCFCF,True,uncertainty_gt_1m
southwest,33,1,2024-07-13,1349.6854316818883,0.342723672900487,#D62728,False,
southwest,33,1,2024-07-19,1350.0225830078125,0.2692410419331685,#D62728,False,
southwest,33,1,2024-07-20,1350.2012939453125,0.1558952397241474,#D62728,False,
southwest,33,1,2024-07-23,1350.7918701171875,0.3106141847884953,#D62728,False,
southwest,33,1,2024-07-24,1350.9654541015625,0.1809144807178775,#D62728,False,
southwest,33,1,2024-07-30,1351.27991965965,0.1336887888037823,#D62728,False,
southwest,33,1,2024-08-03,1351.2847900390625,0.1435935017992713,#D62728,False,
southwest,33,1,2024-08-08,1352.1538696289062,0.2881280111663222,#D62728,False,
southwest,33,1,2024-08-09,1351.8221435546875,0.1723470580009708,#D62728,False,
southwest,33,1,2024-08-13,1352.010498046875,0.2741216171681413,#D62728,False,
southwest,33,1,2024-08-14,1351.9842399664683,0.4668846748988372,#D62728,False,
southwest,340,1,2024-06-08,1382.0054473876953,0.2912384229114137,,True,pre_0613_gt_first_post_0613
southwest,340,1,2024-06-12,1339.983154296875,0.9333968081170396,,True,gray_between_red_segments_out_of_both_sides
southwest,340,1,2024-06-18,1381.5326974051338,0.1059353111159913,#D62728,False,
southwest,340,1,2024-06-28,1374.9909973144531,0.8382967481161151,,True,gray_between_red_segments_out_of_both_sides
southwest,340,1,2024-06-29,1381.5081787109375,0.0500707513198039,#D62728,False,
southwest,340,1,2024-07-02,1375.7707763671874,0.7243857457645073,,True,gray_between_red_segments_out_of_both_sides
southwest,340,1,2024-07-03,1381.970703125,0.0418317227655142,#D62728,False,
southwest,340,1,2024-07-09,1382.50634765625,0.0911562778500894,#D62728,False,
southwest,340,1,2024-07-19,1382.0389404296875,0.3124294531815987,#D62728,False,
southwest,340,1,2024-07-20,1382.1429443359375,0.1577827823967836,#D62728,False,
southwest,340,1,2024-07-23,1381.956457519531,0.2954758811115692,#D62728,False,
southwest,340,1,2024-07-24,1381.8249942555146,0.1757460714805579,#D62728,False,
southwest,340,1,2024-07-30,1381.4650485131049,0.1903646123491138,#D62728,False,
southwest,340,1,2024-08-09,1381.653076171875,0.2388260533288,#D62728,False,
southwest,340,1,2024-08-13,1381.261474609375,0.0,#D62728,False,
southwest,340,1,2024-08-14,1365.215641465298,11.355794286517824,#CFCFCF,True,uncertainty_gt_1m
southwest,342,1,2024-06-02,1135.3748094963305,17.02364942920076,#CFCFCF,True,uncertainty_gt_1m
southwest,342,1,2024-06-12,1121.5235595703125,0.3371664530089815,,True,pre_0613_gt_first_post_0613
southwest,342,1,2024-06-23,1125.3359375,0.1158962572984624,,True,gray_between_red_segments_out_of_both_sides
southwest,342,1,2024-06-28,1125.959228515625,0.1475543662182201,,True,gray_between_red_segments_out_of_both_sides
southwest,342,1,2024-06-29,1121.0943603515625,0.712685650144555,#D62728,False,
southwest,342,1,2024-07-03,1122.01611328125,0.1046246068610047,#D62728,False,
southwest,342,1,2024-07-14,1121.3682861328125,0.0,#D62728,False,
southwest,342,1,2024-07-20,1119.7197265625,0.0,,True,local_min_extreme_gt_1m
southwest,342,1,2024-07-24,1120.6633911132812,0.948579288562463,,True,local_max_extreme_gt_1m
southwest,342,1,2024-08-04,1254.5134536280775,115.6324497945272,#CFCFCF,True,uncertainty_gt_1m
southwest,342,1,2024-08-08,1119.7733154296875,0.0,#D62728,False,
southwest,342,1,2024-08-09,1118.720947265625,0.2983106733130747,,True,local_min_extreme_gt_1m
southwest,342,1,2024-08-14,1119.773681640625,0.6555968085376555,#D62728,False,
southwest,343,1,2024-06-12,814.3567199707031,0.1647630956364292,#D62728,False,
southwest,343,1,2024-06-13,823.2867431640625,0.4912959630727681,,True,gray_between_red_segments_out_of_both_sides
southwest,343,1,2024-06-18,815.173583984375,0.1815007033534364,#D62728,False,
southwest,343,1,2024-07-04,813.9661254882812,0.2470272654475444,#D62728,False,
southwest,343,1,2024-07-09,813.8408203125,0.1846229755190925,#D62728,False,
southwest,343,1,2024-07-24,812.8211059570312,0.218685823025577,#D62728,False,
southwest,343,1,2024-07-25,813.0227661132812,0.3393432960252106,#D62728,False,
southwest,343,1,2024-07-30,812.5863037109375,0.456489576119372,#D62728,False,
southwest,343,1,2024-08-14,812.5826110839844,0.2139247449360953,#D62728,False,
southwest,343,1,2024-08-15,812.5213623046875,0.3554815823520897,#D62728,False,
southwest,344,1,2024-06-01,1033.6771240234375,0.4118645073346446,,True,force_noise_pre_20240605
southwest,344,1,2024-06-02,1054.802225748698,18.012147846140124,#CFCFCF,True,uncertainty_gt_1m
southwest,344,1,2024-06-08,938.2128295898438,5.130408417161234,#CFCFCF,True,uncertainty_gt_1m
southwest,344,1,2024-06-18,1034.4456787109375,0.1751072782977448,#D62728,False,
southwest,344,1,2024-06-19,1034.18896484375,0.2563481714736182,#D62728,False,
southwest,344,1,2024-06-22,1033.5498046875,0.2135763995124643,#D62728,False,
southwest,344,1,2024-06-23,1033.6175537109375,0.1111577609930688,#D62728,False,
southwest,344,1,2024-06-29,924.3985595703124,0.0,,True,gray_between_red_segments_out_of_both_sides
southwest,344,1,2024-07-09,1033.36572265625,0.1415846138096417,#D62728,False,
southwest,344,1,2024-07-10,1033.076904296875,0.332727004663969,#D62728,False,
southwest,344,1,2024-07-13,1032.9400024414062,0.1890761598469551,#D62728,False,
southwest,344,1,2024-07-14,1032.80517578125,0.147140513250939,#D62728,False,
southwest,344,1,2024-07-30,1032.153076171875,0.276710877748433,#D62728,False,
southwest,344,1,2024-08-03,1031.9690551757812,0.2265979673313811,#D62728,False,
southwest,344,1,2024-08-04,1031.8566284179688,0.2593222330797794,#D62728,False,
southwest,344,1,2024-08-09,1059.2246500651042,1.915518613586835,#CFCFCF,True,uncertainty_gt_1m
southwest,345,1,2024-06-01,1304.779489853803,9.586830608583057,#CFCFCF,True,uncertainty_gt_1m
southwest,345,1,2024-06-08,1313.8314979954769,0.4400530136645144,#D62728,False,
southwest,345,1,2024-06-12,1296.866474609375,1.6139907195479275,#CFCFCF,True,uncertainty_gt_1m
southwest,345,1,2024-06-18,1313.9529418945312,0.1347404401162354,#D62728,False,
southwest,345,1,2024-06-22,1313.390869140625,0.1403409190096598,,True,local_min_extreme_gt_1m
southwest,345,1,2024-06-29,1314.09326171875,0.1202397399900486,#D62728,False,
southwest,345,1,2024-07-03,1314.5968735638787,0.1422563368966155,#D62728,False,
southwest,345,1,2024-07-09,1314.4432373046875,0.149453960065659,#D62728,False,
southwest,345,1,2024-07-13,1313.8206787109375,0.1331398974775224,#D62728,False,
southwest,345,1,2024-07-20,1313.9305419921875,0.1935384652965895,#D62728,False,
southwest,345,1,2024-07-24,1313.4391479492188,0.2140743767829308,#D62728,False,
southwest,345,1,2024-07-30,1313.0076293945312,0.1639325643470843,#D62728,False,
southwest,345,1,2024-08-03,1302.3747112940227,9.374959094365964,#CFCFCF,True,uncertainty_gt_1m
southwest,345,1,2024-08-09,1313.0861206054688,0.1484710801393311,#D62728,False,
southwest,345,1,2024-08-14,1312.931836998981,0.2337490795177816,#D62728,False,
southwest,348,1,2024-06-02,1208.248992919922,56.6978297253951,#CFCFCF,True,uncertainty_gt_1m
southwest,348,1,2024-06-12,1186.7352905273438,0.3085823660573617,,True,left_gray_far_from_nearest_red_gt_3m
southwest,348,1,2024-06-28,1163.5953369140625,0.1398908322735894,,True,left_gray_far_from_nearest_red_gt_3m
southwest,348,1,2024-06-29,1163.94873046875,0.1664970743343538,,True,left_gray_far_from_nearest_red_gt_3m
southwest,348,1,2024-07-03,1186.531005859375,0.3716095595453509,,True,left_gray_far_from_nearest_red_gt_3m
southwest,348,1,2024-07-14,1155.653305053711,0.9515611416283312,#D62728,False,
southwest,348,1,2024-07-19,1156.1409912109375,0.1313117553096993,#D62728,False,
southwest,348,1,2024-07-20,1155.964599609375,0.1442440332827466,#D62728,False,
southwest,348,1,2024-07-24,1155.7765502929688,0.3121708562310851,#D62728,False,
southwest,348,1,2024-08-04,1157.9512939453125,0.0,,True,gray_between_red_segments_out_of_both_sides
southwest,348,1,2024-08-08,1155.4849243164062,0.1470207313983353,#D62728,False,
southwest,348,1,2024-08-09,1155.3058004940258,0.2328708778800151,#D62728,False,
southwest,348,1,2024-08-14,1155.0743408203125,0.1770792768782905,#D62728,False,
southwest,34,1,2024-06-01,1092.0767822265625,0.6131941618102091,,True,force_noise_pre_20240605
southwest,34,1,2024-06-01,1071.6703722723598,13.649371304483834,#CFCFCF,True,uncertainty_gt_1m
southwest,34,1,2024-06-02,1103.4275512695312,4.607417817738595,#CFCFCF,True,uncertainty_gt_1m
southwest,34,1,2024-06-18,1092.7423095703125,0.1401398701720104,#D62728,False,
southwest,34,1,2024-06-19,1093.4586181640625,0.1794415804736277,#D62728,False,
southwest,34,1,2024-06-22,1094.5728759765625,0.1101445463144883,#D62728,False,
southwest,34,1,2024-06-22,1094.512939453125,0.132087170919116,#D62728,False,
southwest,34,1,2024-07-09,1096.431396484375,0.1198517070742415,#D62728,False,
southwest,34,1,2024-07-10,1096.4359130859375,0.1901468097916421,#D62728,False,
southwest,34,1,2024-07-13,1096.6900024414062,0.138413515795006,#D62728,False,
southwest,34,1,2024-07-13,1096.64501953125,0.0997272985008537,#D62728,False,
southwest,34,1,2024-07-14,1096.7684326171875,0.2369204958957765,#D62728,False,
southwest,34,1,2024-07-30,1088.7764892578125,0.0,,True,right_gray_below_global_red_min_gt_3m
southwest,34,1,2024-08-03,1090.4521484375,0.956955535384858,#CFCFCF,False,
southwest,34,1,2024-08-04,1089.5521850585938,0.3612355809650514,#CFCFCF,False,
southwest,354,1,2024-06-01,1313.61654750279,8.549008225458866,#CFCFCF,True,uncertainty_gt_1m
southwest,354,1,2024-06-08,1320.1513427734376,0.1364316760177493,#D62728,False,
southwest,354,1,2024-06-12,1300.7511831430288,6.22227970236103,#CFCFCF,True,uncertainty_gt_1m
southwest,354,1,2024-06-18,1305.4725036621094,0.7245495121126715,,True,gray_between_red_segments_out_of_both_sides
southwest,354,1,2024-06-22,1320.1808675130208,0.5239222734706569,#D62728,False,
southwest,354,1,2024-06-29,1320.5160522460938,0.117497592093969,#D62728,False,
southwest,354,1,2024-07-03,1320.8406982421875,0.3078817592197154,#D62728,False,
southwest,354,1,2024-07-09,1319.925048828125,0.1671761914388015,#D62728,False,
southwest,354,1,2024-07-13,1319.7277221679688,0.1881089494455362,#D62728,False,
southwest,354,1,2024-07-20,1319.7062377929688,0.1849438639889231,#D62728,False,
southwest,354,1,2024-07-24,1319.4593505859375,0.2011769303626562,#D62728,False,
southwest,354,1,2024-07-30,1303.8329139122595,2.707449323928389,#CFCFCF,True,uncertainty_gt_1m
southwest,354,1,2024-08-03,1319.84423828125,0.1831393157193571,#D62728,False,
southwest,354,1,2024-08-09,1319.908447265625,0.1079357520504324,#D62728,False,
southwest,354,1,2024-08-14,1319.2633666992188,0.1336189741853614,#D62728,False,
southwest,355,1,2024-06-12,903.2439880371094,0.1633747579029222,,True,edge_short_gray_above_nearest_red
southwest,355,1,2024-06-13,903.510498046875,0.2795271700356437,,True,edge_short_gray_above_nearest_red
southwest,355,1,2024-06-28,899.4095458984375,0.2051406659658572,#D62728,False,
southwest,355,1,2024-07-04,898.578369140625,0.3462362004880159,#D62728,False,
southwest,355,1,2024-07-19,898.9681057400173,0.5739798641825163,#D62728,False,
southwest,355,1,2024-07-24,898.6828155517578,0.4646943554178013,#D62728,False,
southwest,355,1,2024-07-25,898.845703125,0.8681328578013869,#D62728,False,
southwest,355,1,2024-08-14,898.003173828125,0.2158373082346024,#D62728,False,
southwest,356,1,2024-06-02,855.3316040039062,0.0,,True,left_gray_far_from_nearest_red_gt_3m
southwest,356,1,2024-06-08,869.2967834472656,0.6537198739399802,,True,left_gray_far_from_nearest_red_gt_3m
southwest,356,1,2024-06-12,853.0995483398438,0.1205883380754745,,True,left_gray_far_from_nearest_red_gt_3m
southwest,356,1,2024-06-18,848.9742431640625,0.2009650768896962,#D62728,False,
southwest,356,1,2024-06-19,848.829833984375,0.2618049576302676,#D62728,False,
southwest,356,1,2024-06-23,852.3023834228516,2.4889578872958142,#CFCFCF,True,uncertainty_gt_1m
southwest,356,1,2024-07-03,848.9664001464844,0.6186430490563811,#D62728,False,
southwest,356,1,2024-07-09,848.152587890625,0.7686167986345874,#D62728,False,
southwest,356,1,2024-07-10,847.0682373046875,0.0,#D62728,False,
southwest,356,1,2024-07-14,884.8679122924805,1.4291372893588288,#CFCFCF,True,uncertainty_gt_1m
southwest,356,1,2024-07-24,858.1527535574777,17.310548438156182,#CFCFCF,True,uncertainty_gt_1m
southwest,356,1,2024-07-30,847.1541748046875,0.0,#D62728,False,
southwest,356,1,2024-08-04,881.0532531738281,1.1687718958320858,#CFCFCF,True,uncertainty_gt_1m
southwest,356,1,2024-08-14,841.1258544921875,2.3939086266391247,#CFCFCF,True,uncertainty_gt_1m
southwest,358,1,2024-06-02,1314.2342904897837,1.3035249831580682,#CFCFCF,True,uncertainty_gt_1m
southwest,358,1,2024-06-17,1293.7613525390625,0.8522915475385706,#D62728,False,
southwest,358,1,2024-06-23,1294.396372562697,0.1865578242068652,#D62728,False,
southwest,358,1,2024-06-28,1294.14697265625,0.1029316347046864,#D62728,False,
southwest,358,1,2024-07-08,1293.142578125,0.2511778263779072,#D62728,False,
southwest,358,1,2024-07-14,1313.2554931640625,0.831219729610927,,True,gray_between_red_segments_out_of_both_sides
southwest,358,1,2024-07-19,1292.9749755859375,0.0750707249526012,#D62728,False,
southwest,358,1,2024-07-29,1292.0361938476562,0.3959881475602284,#D62728,False,
southwest,358,1,2024-08-04,1311.4725341796875,0.0,,True,gray_between_red_segments_out_of_both_sides
southwest,358,1,2024-08-08,1292.2669750612174,0.1110871303555631,#D62728,False,
southwest,364,1,2024-06-02,942.4672241210938,0.0,,True,left_gray_far_from_nearest_red_gt_3m
southwest,364,1,2024-06-12,916.9002075195312,0.3081358413190652,#CFCFCF,False,
southwest,364,1,2024-06-13,916.9234619140624,0.3365669915482468,#CFCFCF,False,
southwest,364,1,2024-06-23,950.7643432617188,0.0,,True,left_gray_far_from_nearest_red_gt_3m
southwest,364,1,2024-06-28,916.9481811523438,0.1895389307418458,#CFCFCF,False,
southwest,364,1,2024-07-03,915.359130859375,0.4992157927116096,#D62728,False,
southwest,364,1,2024-07-04,915.36572265625,0.489905766235347,#D62728,False,
southwest,364,1,2024-07-14,942.8419494628906,1.32811260848716,#CFCFCF,True,uncertainty_gt_1m
southwest,364,1,2024-07-19,915.09814453125,0.1754834242552403,#D62728,False,
southwest,364,1,2024-07-20,914.8743106079102,0.1625910049653185,#D62728,False,
southwest,364,1,2024-07-24,914.3717041015624,0.2089885430099584,#D62728,False,
southwest,364,1,2024-07-25,914.3997192382812,0.4845960875834322,#D62728,False,
southwest,364,1,2024-08-08,914.111328125,0.1689603846563575,#D62728,False,
southwest,364,1,2024-08-09,949.4539693196616,0.5393383196990904,,True,gray_between_red_segments_out_of_both_sides
southwest,364,1,2024-08-14,913.7357788085938,0.265596551362247,#D62728,False,
southwest,364,1,2024-08-15,913.7638702392578,0.2445555267705716,#D62728,False,
southwest,366,1,2024-06-02,913.556610107422,0.4064223973653392,,True,left_gray_far_from_nearest_red_gt_3m
southwest,366,1,2024-06-08,928.959442138672,0.0319803543004902,,True,edge_short_gray_above_nearest_red
southwest,366,1,2024-06-12,921.0887145996094,0.3633725746002609,#D62728,False,
southwest,366,1,2024-06-18,922.25390625,0.1926095224042188,#D62728,False,
southwest,366,1,2024-06-19,921.2593383789062,0.2029931872731311,#D62728,False,
southwest,366,1,2024-06-23,913.4681396484376,0.0,,True,gray_between_red_segments_out_of_both_sides
southwest,366,1,2024-06-29,938.26220703125,0.0,,True,gray_between_red_segments_out_of_both_sides
southwest,366,1,2024-07-03,919.3467407226562,0.2068583048012358,#D62728,False,
southwest,366,1,2024-07-09,919.010498046875,0.24663742461292,#D62728,False,
southwest,366,1,2024-07-10,918.9808044433594,0.1825402043783332,#D62728,False,
southwest,366,1,2024-07-14,918.6854248046876,1.2790235217659371,#D62728,True,uncertainty_gt_1m
southwest,366,1,2024-07-24,918.3161010742188,0.3656639053106654,#D62728,False,
southwest,366,1,2024-07-30,918.1282348632812,0.2645785895611755,#D62728,False,
southwest,366,1,2024-08-04,929.8125939002404,15.163437418634407,#CFCFCF,True,uncertainty_gt_1m
southwest,36,1,2024-06-01,1242.299560546875,0.3887441833078091,,True,force_noise_pre_20240605
southwest,36,1,2024-06-02,1242.07763671875,0.4941728943137701,,True,force_noise_pre_20240605
southwest,36,1,2024-06-08,1242.59033203125,0.0,,True,pre_0613_gt_first_post_0613
southwest,36,1,2024-06-18,1242.32822265625,0.3445135912186601,#D62728,False,
southwest,36,1,2024-06-22,1242.4137776692708,0.0762176245866587,#D62728,False,
southwest,36,1,2024-06-23,1242.3712158203125,0.2359899828813502,#D62728,False,
southwest,36,1,2024-06-29,1242.27783203125,0.172399340563082,#D62728,False,
southwest,36,1,2024-07-03,1248.5201416015625,0.0,,True,gray_between_red_segments_out_of_both_sides
southwest,36,1,2024-07-09,1244.1911010742188,0.137606436958511,#D62728,False,
southwest,36,1,2024-07-13,1244.74462890625,0.0886771346581269,#D62728,False,
southwest,36,1,2024-07-14,1245.0122680664062,0.184665110630005,#D62728,False,
southwest,36,1,2024-07-20,1245.0829467773438,0.1074821681748213,#D62728,False,
southwest,36,1,2024-08-03,1243.149169921875,0.2977927728385728,#CFCFCF,False,
southwest,373,1,2024-06-02,791.2365790473091,2.64613130815722,#CFCFCF,True,uncertainty_gt_1m
southwest,373,1,2024-06-12,778.8296508789062,0.3735314995201571,,True,edge_short_gray_above_nearest_red
southwest,373,1,2024-06-18,779.3775634765625,0.1580282222532284,,True,edge_short_gray_above_nearest_red
southwest,373,1,2024-06-19,776.279296875,0.3173478998397769,#D62728,False,
southwest,373,1,2024-06-23,747.4329681396484,3.726520109027165,#CFCFCF,True,uncertainty_gt_1m
southwest,373,1,2024-07-03,775.8098754882812,0.0,#D62728,False,
southwest,373,1,2024-07-09,775.27294921875,0.0,#D62728,False,
southwest,373,1,2024-07-10,775.4511413574219,1.5541761656072244,#D62728,True,uncertainty_gt_1m
southwest,373,1,2024-07-24,775.0386352539062,0.4055279908976347,#D62728,False,
southwest,373,1,2024-08-04,756.9073486328125,0.0,,True,gray_between_red_segments_out_of_both_sides
southwest,373,1,2024-08-14,774.2092895507812,0.0,#D62728,False,
southwest,375,1,2024-06-01,1248.1353759765625,0.3340182087018233,,True,force_noise_pre_20240605
southwest,375,1,2024-06-02,1248.0989990234375,0.2931249161492361,,True,force_noise_pre_20240605
southwest,375,1,2024-06-08,1241.5668131510415,0.8244557815740787,,True,gray_between_red_segments_out_of_both_sides
southwest,375,1,2024-06-22,1248.6705322265625,0.2066785296451123,#D62728,False,
southwest,375,1,2024-06-22,1248.7069091796875,0.2320534038089497,#D62728,False,
southwest,375,1,2024-06-23,1249.0284423828125,0.2079997867158024,#D62728,False,
southwest,375,1,2024-06-28,1248.683837890625,0.1634974824878782,#D62728,False,
southwest,375,1,2024-06-29,1248.6459350585938,0.1173782785858501,#D62728,False,
southwest,375,1,2024-07-13,1247.9197998046875,0.1433465649757691,#D62728,False,
southwest,375,1,2024-07-14,1247.8759765625,0.1668160532452849,#D62728,False,
southwest,375,1,2024-07-19,1248.1007690429688,0.1630993241439859,#D62728,False,
southwest,375,1,2024-07-20,1248.1185302734375,0.1013236971292718,#D62728,False,
southwest,375,1,2024-08-03,1247.7273356119792,0.1744707836205925,#D62728,False,
southwest,375,1,2024-08-04,1246.2474365234375,3.436975841223864,#D62728,True,uncertainty_gt_1m
southwest,375,1,2024-08-08,1247.3849487304688,0.1767960577026533,#D62728,False,
southwest,375,1,2024-08-09,1247.364990234375,0.0,#D62728,False,
southwest,37,1,2024-06-01,1317.8690185546875,0.2762180736183283,,True,force_noise_pre_20240605
southwest,37,1,2024-06-02,1317.9393920898438,0.8441418869413352,,True,force_noise_pre_20240605
southwest,37,1,2024-06-08,1296.0588948567708,2.6347335331644777,#CFCFCF,True,uncertainty_gt_1m
southwest,37,1,2024-06-12,1333.3079833984375,0.0,,True,gray_between_red_segments_out_of_both_sides
southwest,37,1,2024-06-22,1317.7020568847656,0.0729905738413637,#D62728,False,
southwest,37,1,2024-06-22,1308.4176025390625,0.0,,True,gray_between_red_segments_out_of_both_sides
southwest,37,1,2024-06-23,1306.919677734375,1.6332673119278978,#D62728,True,uncertainty_gt_1m
southwest,37,1,2024-06-28,1317.6182861328125,0.0,#D62728,False,
southwest,37,1,2024-06-29,1318.2582194010415,0.3135224186997477,#D62728,False,
southwest,37,1,2024-07-03,1318.8921152750652,0.1305573310421873,#D62728,False,
southwest,37,1,2024-07-09,1319.7658081054688,0.0883945725186459,#D62728,False,
southwest,37,1,2024-07-13,1320.1185302734375,0.125076865503338,#D62728,False,
southwest,37,1,2024-07-14,1319.9785766601562,0.4048990524577691,#D62728,False,
southwest,37,1,2024-07-19,1320.6513061523438,0.2336511846171899,#D62728,False,
southwest,37,1,2024-07-20,1320.9503173828125,0.1329341513003606,#D62728,False,
southwest,37,1,2024-07-24,1321.5949510143648,0.1689758594066261,#D62728,False,
southwest,37,1,2024-08-03,1322.0267944335938,0.1464979321867286,#D62728,False,
southwest,37,1,2024-08-04,1322.3968505859375,0.5853124000336285,#D62728,False,
southwest,37,1,2024-08-08,1322.6178588867188,0.3191895836553036,#D62728,False,
southwest,37,1,2024-08-09,1322.2642822265625,0.0,#D62728,False,
southwest,37,1,2024-08-14,1336.4675259976773,0.3554925741594615,,True,edge_short_gray_above_nearest_red
southwest,380,1,2024-06-12,1004.0737915039062,0.1568450762790865,,True,edge_short_gray_above_nearest_red
southwest,380,1,2024-06-23,998.373046875,0.0,,True,left_gray_far_from_nearest_red_gt_3m
southwest,380,1,2024-06-28,1002.195281982422,0.1604263115220996,#D62728,False,
southwest,380,1,2024-07-04,1001.7384134928384,0.401609464445882,#D62728,False,
southwest,380,1,2024-07-19,1001.3838605182926,0.1638679269667338,#D62728,False,
southwest,380,1,2024-07-20,1001.264219156901,0.2117285702291772,#D62728,False,
southwest,380,1,2024-07-24,1000.9328002929688,0.2139995142351487,#D62728,False,
southwest,380,1,2024-07-25,1000.8689676920573,0.2444577238085744,#D62728,False,
southwest,380,1,2024-08-04,1000.2647835867746,0.48584413717712,,True,local_min_extreme_gt_1m
southwest,380,1,2024-08-08,1000.9625040690104,0.1834900529349954,#D62728,False,
southwest,380,1,2024-08-14,1000.826708984375,0.4674881001364391,#D62728,False,
southwest,381,1,2024-06-01,1194.877685546875,0.4629907226559434,,True,force_noise_pre_20240605
southwest,381,1,2024-06-02,1194.7020874023438,0.3526132986256373,,True,force_noise_pre_20240605
southwest,381,1,2024-06-22,1187.1691080729167,0.856321801936415,,True,gray_between_red_segments_out_of_both_sides
southwest,381,1,2024-06-23,1195.7688598632812,0.1319250738593196,#D62728,False,
southwest,381,1,2024-06-28,1196.1275634765625,0.1820086891594518,#D62728,False,
southwest,381,1,2024-06-29,1196.055419921875,0.1199945799842032,#D62728,False,
southwest,381,1,2024-07-03,1195.5384135999177,0.4011568652342741,#D62728,False,
southwest,381,1,2024-07-13,1194.489990234375,0.2417237414280286,#D62728,False,
southwest,381,1,2024-07-14,1194.3865356445312,1.0344926215963153,#D62728,True,uncertainty_gt_1m
southwest,381,1,2024-07-19,1194.6650390625,0.1375940540959842,#D62728,False,
southwest,381,1,2024-07-20,1194.389404296875,0.2221912639344468,#D62728,False,
southwest,381,1,2024-08-03,1188.3971435546875,0.252711943938419,,True,gray_between_red_segments_out_of_both_sides
southwest,381,1,2024-08-04,1193.974365234375,0.0,#D62728,False,
southwest,381,1,2024-08-08,1194.0640258789062,0.3813349068506823,#D62728,False,
southwest,381,1,2024-08-09,1193.7731323242188,0.1617884463412421,#D62728,False,
southwest,381,1,2024-08-14,1194.0035436293658,0.2468211875252767,#D62728,False,
southwest,385,1,2024-06-02,1121.754404703776,0.9171057201895108,,True,edge_short_gray_above_nearest_red
southwest,385,1,2024-06-12,1062.1861470540364,0.1264335988273628,#D62728,False,
southwest,385,1,2024-06-23,1065.1209106445312,3.054786606536232,#CFCFCF,True,uncertainty_gt_1m
southwest,385,1,2024-06-28,1063.1021728515625,0.1484793139512447,#D62728,False,
southwest,385,1,2024-06-29,1063.0977526212994,0.1647094885836187,#D62728,False,
southwest,385,1,2024-07-03,1062.6039225260415,0.1227137785039657,#D62728,False,
southwest,385,1,2024-07-14,1103.1140714946546,36.09202051776941,#CFCFCF,True,uncertainty_gt_1m
southwest,385,1,2024-07-19,1061.7825317382812,0.8104221134607481,#D62728,False,
southwest,385,1,2024-07-20,1062.0041605631511,0.4435450767541858,#D62728,False,
southwest,385,1,2024-07-24,1060.3318328857422,3.973492385127925,#CFCFCF,True,uncertainty_gt_1m
southwest,385,1,2024-08-04,1110.530731201172,20.455716688364923,#CFCFCF,True,uncertainty_gt_1m
southwest,385,1,2024-08-08,1061.139190673828,0.1634911587244186,#D62728,False,
southwest,385,1,2024-08-09,1060.8464813232422,0.8409491981853682,#D62728,False,
southwest,385,1,2024-08-14,1061.0756971571182,0.239994102939261,#D62728,False,
southwest,38,1,2024-06-01,1052.341984446456,17.197437773499757,#CFCFCF,True,uncertainty_gt_1m
southwest,38,1,2024-06-02,1080.3218790690105,0.4540031945997766,,True,force_noise_pre_20240605
southwest,38,1,2024-06-18,1082.68212890625,0.1039926831592764,#D62728,False,
southwest,38,1,2024-06-19,1083.6541748046875,0.2719792129050252,#D62728,False,
southwest,38,1,2024-06-22,1084.8656005859375,0.1555676015244167,#D62728,False,
southwest,38,1,2024-06-29,1095.3853236607142,1.9882058350490164,#CFCFCF,True,uncertainty_gt_1m
southwest,38,1,2024-07-09,1084.0365600585938,0.1120037204303521,#D62728,False,
southwest,38,1,2024-07-10,1083.8257703481231,0.2845480328377022,#D62728,False,
southwest,38,1,2024-07-13,1083.5968017578125,0.1515499348375858,#D62728,False,
southwest,38,1,2024-07-14,1083.53271484375,0.1375725246315119,#D62728,False,
southwest,38,1,2024-07-20,1022.8629150390624,1.2326031293144408,#CFCFCF,True,uncertainty_gt_1m
southwest,38,1,2024-07-30,1080.5038452148438,0.2654038119435808,#D62728,False,
southwest,38,1,2024-07-31,1080.350341796875,0.2659213512486297,#D62728,False,
southwest,38,1,2024-08-03,1080.4578247070312,0.1720897488095149,#D62728,False,
southwest,38,1,2024-08-04,1080.52734375,0.2002678489963509,#D62728,False,
southwest,38,1,2024-08-09,1019.2081604003906,0.2652640297575793,,True,right_gray_below_global_red_min_gt_3m
southwest,391,1,2024-06-02,1366.9974330357145,0.6832613016315804,,True,edge_short_gray_above_nearest_red
southwest,391,1,2024-06-23,1334.075927734375,0.0958230337883203,#D62728,False,
southwest,391,1,2024-06-28,1341.6730821397568,5.937017016293384,#CFCFCF,True,uncertainty_gt_1m
southwest,391,1,2024-07-03,1343.9018286132812,8.006845691255783,#CFCFCF,True,uncertainty_gt_1m
southwest,391,1,2024-07-14,1388.3875448537428,34.30080359084923,#CFCFCF,True,uncertainty_gt_1m
southwest,391,1,2024-07-19,1334.4279174804688,0.1459698553375145,#D62728,False,
southwest,391,1,2024-07-24,1338.7783022280094,6.797199244206859,#CFCFCF,True,uncertainty_gt_1m
southwest,391,1,2024-07-29,1334.0792236328125,0.0,#D62728,False,
southwest,391,1,2024-07-30,1335.4588623046875,0.1243015088148328,#D62728,False,
southwest,391,1,2024-08-04,1335.3155517578125,0.2015671879092322,#D62728,False,
southwest,391,1,2024-08-08,1334.4443359375,0.0952374141709918,#D62728,False,
southwest,391,1,2024-08-14,1335.3241577148438,19.383202108944083,#D62728,True,uncertainty_gt_1m
southwest,394,1,2024-06-01,1023.2883911132812,0.4372327216964986,,True,force_noise_pre_20240605
southwest,394,1,2024-06-02,1017.5946350097656,4.552675541669848,#CFCFCF,True,uncertainty_gt_1m
southwest,394,1,2024-06-08,1015.57302734375,1.5021777063777877,#CFCFCF,True,uncertainty_gt_1m
southwest,394,1,2024-06-12,1038.3848876953125,0.5048963346951704,,True,gray_between_red_segments_out_of_both_sides
southwest,394,1,2024-06-18,1023.854248046875,0.1106475991119705,#D62728,False,
southwest,394,1,2024-06-19,1023.792449951172,0.1456972139087382,#D62728,False,
southwest,394,1,2024-06-22,1023.5833435058594,0.1349846897136114,#D62728,False,
southwest,394,1,2024-06-23,1023.645751953125,0.0838647034147937,#D62728,False,
southwest,394,1,2024-07-03,1061.3853759765625,0.0,,True,gray_between_red_segments_out_of_both_sides
southwest,394,1,2024-07-09,1022.770538330078,0.120180226753806,#D62728,False,
southwest,394,1,2024-07-10,1022.5013122558594,0.1240454925872554,#D62728,False,
southwest,394,1,2024-07-13,1022.5104370117188,0.1370587817489275,#D62728,False,
southwest,394,1,2024-07-14,1022.4497680664062,0.2244043929748388,#D62728,False,
southwest,394,1,2024-07-30,1021.2755737304688,0.4340688119140557,#D62728,False,
southwest,394,1,2024-07-31,1021.0903930664062,0.4927391639066676,#D62728,False,
southwest,394,1,2024-08-03,1021.6839599609376,0.2008462713759435,#D62728,False,
southwest,394,1,2024-08-04,1021.5255126953124,0.3252385870927162,#D62728,False,
southwest,401,1,2024-06-01,879.3525390625,1.195227978404556,#CFCFCF,True,uncertainty_gt_1m
southwest,401,1,2024-06-02,911.1552734375,1.1081343819424925,#CFCFCF,True,uncertainty_gt_1m
southwest,401,1,2024-06-12,879.9604187011719,0.1957403362339476,,True,pre_0613_gt_first_post_0613
southwest,401,1,2024-06-18,878.9684753417969,0.1194860876574315,#D62728,False,
southwest,401,1,2024-06-19,878.64111328125,0.1592596467753923,#D62728,False,
southwest,401,1,2024-06-22,877.7684631347656,0.1978083124207826,#D62728,False,
southwest,401,1,2024-06-23,876.5755615234375,0.4831148259644905,#D62728,False,
southwest,401,1,2024-07-03,876.9010620117188,0.3866990660585184,#D62728,False,
southwest,401,1,2024-07-09,877.1132166245404,0.2892905423724177,#D62728,False,
southwest,401,1,2024-07-10,876.8705783420139,0.4123292999555209,#D62728,False,
southwest,401,1,2024-07-13,876.6771545410156,0.3038781034139698,#D62728,False,
southwest,401,1,2024-07-14,876.039697265625,0.354904902940575,#D62728,False,
southwest,401,1,2024-07-24,877.9360776154891,0.6196852784659503,,True,gray_between_red_segments_out_of_both_sides
southwest,401,1,2024-07-30,876.1715850830078,0.2815590519214124,#D62728,False,
southwest,401,1,2024-07-31,875.9739990234375,0.0,#D62728,False,
southwest,401,1,2024-08-03,876.0787963867188,0.0,#D62728,False,
southwest,401,1,2024-08-04,875.8786315917969,0.3758075565454127,#D62728,False,
southwest,401,1,2024-08-14,877.6246643066406,0.8160557106335652,,True,edge_short_gray_above_nearest_red
southwest,402,1,2024-06-01,1229.7450561523438,0.252667806026375,,True,force_noise_pre_20240605
southwest,402,1,2024-06-02,1229.802001953125,0.4080646701654739,,True,force_noise_pre_20240605
southwest,402,1,2024-06-08,1211.4828219943577,1.7017702636357794,#CFCFCF,True,uncertainty_gt_1m
southwest,402,1,2024-06-18,1229.790947265625,0.3275236077208234,#D62728,False,
southwest,402,1,2024-06-22,1230.5086669921875,0.1516341426196188,#D62728,False,
southwest,402,1,2024-06-22,1230.540771484375,0.1839387137005741,#D62728,False,
southwest,402,1,2024-06-23,1230.83349609375,0.3800027739027234,#D62728,False,
southwest,402,1,2024-06-29,1230.5271606445312,0.1070494669258058,#D62728,False,
southwest,402,1,2024-07-09,1229.7059936523438,0.1164208396955196,#D62728,False,
southwest,402,1,2024-07-13,1229.3760986328125,0.1104534040146586,#D62728,False,
southwest,402,1,2024-07-14,1229.3514404296875,0.3263860096259367,#D62728,False,
southwest,402,1,2024-07-20,1230.6541748046875,0.0979550635234065,,True,local_max_extreme_gt_1m
southwest,402,1,2024-07-24,1237.7255859375,0.5816591084389093,,True,gray_between_red_segments_out_of_both_sides
southwest,402,1,2024-07-30,1228.8966064453125,0.247360247629265,#D62728,False,
southwest,402,1,2024-08-03,1228.7843017578125,0.1965240875359618,#D62728,False,
southwest,402,1,2024-08-04,1229.7959594726562,0.4344321813613152,,True,local_max_extreme_gt_1m
southwest,402,1,2024-08-09,1228.6482543945312,0.1345167355604875,#D62728,False,
southwest,418,1,2024-06-12,1087.00048828125,0.1467477270971335,,True,pre_0613_gt_first_post_0613
southwest,418,1,2024-06-23,1016.5611267089844,0.3574808025249129,,True,gray_between_red_segments_out_of_both_sides
southwest,418,1,2024-06-28,1086.2139892578125,0.1662625981307964,#D62728,False,
southwest,418,1,2024-07-14,1106.3522135416667,1.7227005307712129,#CFCFCF,True,uncertainty_gt_1m
southwest,418,1,2024-07-19,1085.5500785209038,0.1352988592803227,#D62728,False,
southwest,418,1,2024-07-20,1085.3298110961914,0.2019519690853443,#D62728,False,
southwest,418,1,2024-07-24,1085.1825138972356,0.232213773159506,#D62728,False,
southwest,418,1,2024-08-04,1103.5084228515625,0.0,,True,gray_between_red_segments_out_of_both_sides
southwest,418,1,2024-08-08,1084.9210815429688,0.1384429504655328,#D62728,False,
southwest,418,1,2024-08-14,1084.8700232872595,0.2322458896762044,#D62728,False,
southwest,41,1,2024-06-01,1334.3776238692435,7.975106586930856,#CFCFCF,True,uncertainty_gt_1m
southwest,41,1,2024-06-08,1342.522216796875,0.3871028707132986,#D62728,False,
southwest,41,1,2024-06-12,1335.133773803711,1.6642063680401007,#CFCFCF,True,uncertainty_gt_1m
southwest,41,1,2024-06-18,1343.0870361328125,0.0,#D62728,False,
southwest,41,1,2024-06-28,1332.2021484375,0.0,,True,gray_between_red_segments_out_of_both_sides
southwest,41,1,2024-07-03,1343.0028461657073,0.9328430133629014,#D62728,False,
southwest,41,1,2024-07-09,1343.7078857421875,0.2522890414326661,#D62728,False,
southwest,41,1,2024-07-13,1344.4462890625,0.1521367587008595,#D62728,False,
southwest,41,1,2024-07-19,1344.6451416015625,0.2501507078797204,#D62728,False,
southwest,41,1,2024-07-20,1344.812255859375,0.1042027872374794,#D62728,False,
southwest,41,1,2024-07-24,1345.5960542485957,0.4293400635927641,#D62728,False,
southwest,41,1,2024-07-30,1346.073519897461,0.1691998612953364,#D62728,False,
southwest,41,1,2024-08-03,1336.922292436872,9.739384102403946,#CFCFCF,True,uncertainty_gt_1m
southwest,41,1,2024-08-08,1346.691162109375,0.3175203793100483,#D62728,False,
southwest,41,1,2024-08-09,1346.6704711914062,0.103668729521523,#D62728,False,
southwest,41,1,2024-08-14,1346.8623088489878,0.3383025003936342,#D62728,False,
southwest,421,1,2024-06-08,932.4514363606772,0.8565220526586936,,True,pre_0613_gt_first_post_0613
southwest,421,1,2024-06-12,935.2119750976562,0.1388003118537797,,True,gray_between_red_segments_out_of_both_sides
southwest,421,1,2024-06-23,838.3346557617188,2.8659749091475755,#CFCFCF,True,uncertainty_gt_1m
southwest,421,1,2024-06-28,931.946757725307,0.8255352356041746,#D62728,False,
southwest,421,1,2024-06-29,931.4276123046876,0.6540219825501062,#D62728,False,
southwest,421,1,2024-07-03,931.1393432617188,0.0,#D62728,False,
southwest,421,1,2024-07-04,931.4406127929688,0.475676056080293,#D62728,False,
southwest,421,1,2024-07-09,931.3295288085938,0.6621357566506355,#D62728,False,
southwest,421,1,2024-07-19,931.2026407877604,0.4759647081155924,#D62728,False,
southwest,421,1,2024-07-20,931.5624389648438,1.0024884611303626,#D62728,True,uncertainty_gt_1m
southwest,421,1,2024-07-24,930.3084920247396,0.4487974915743831,#D62728,False,
southwest,421,1,2024-07-25,930.3527323404948,0.3249025313699125,#D62728,False,
southwest,421,1,2024-08-09,930.8996785481772,0.8245967304134287,,True,local_max_extreme_gt_1m
southwest,421,1,2024-08-14,929.5211588541666,0.100707218667994,#D62728,False,
southwest,426,1,2024-06-01,1259.4741103560837,5.319411914505556,#CFCFCF,True,uncertainty_gt_1m
southwest,426,1,2024-06-02,1344.2321602957588,0.3959012209368098,,True,edge_short_gray_above_nearest_red
southwest,426,1,2024-06-23,1290.25732421875,0.0716428989727581,#D62728,False,
southwest,426,1,2024-06-28,1291.1806640625,0.1975914424257325,#D62728,False,
southwest,426,1,2024-06-29,1291.398863271815,0.2165600869351801,#D62728,False,
southwest,426,1,2024-07-13,1290.064208984375,0.154406349043407,#D62728,False,
southwest,426,1,2024-07-19,1289.91357421875,0.1554917022407199,#D62728,False,
southwest,426,1,2024-08-03,1289.339599609375,0.0,#D62728,False,
southwest,426,1,2024-08-04,1289.417724609375,0.0,#D62728,False,
southwest,426,1,2024-08-08,1289.5087890625,0.2400145678312634,#D62728,False,
southwest,428,1,2024-06-01,1149.6750091185052,25.91222026939952,#CFCFCF,True,uncertainty_gt_1m
southwest,428,1,2024-06-02,1210.1611099956192,1.1771958713449413,#CFCFCF,True,uncertainty_gt_1m
southwest,428,1,2024-06-08,1162.4458618164062,0.8941021768912073,,True,left_gray_far_from_nearest_red_gt_3m
southwest,428,1,2024-06-12,1183.51904296875,2.274338992474041,#CFCFCF,True,uncertainty_gt_1m
southwest,428,1,2024-06-22,1174.7947998046875,0.2321514943723548,#D62728,False,
southwest,428,1,2024-06-22,1174.8121337890625,0.3684227213942512,#D62728,False,
southwest,428,1,2024-06-23,1175.6986694335938,0.1651136192359995,#D62728,False,
southwest,428,1,2024-06-28,1176.2510986328125,0.1607534053697884,#D62728,False,
southwest,428,1,2024-06-29,1176.2128940768598,0.1418821759075572,#D62728,False,
southwest,428,1,2024-07-03,1175.4528718171296,0.1472186260960979,#D62728,False,
southwest,428,1,2024-07-13,1174.0581665039062,0.2638042370131366,#D62728,False,
southwest,428,1,2024-07-14,1173.801044921875,0.3099500705101643,#D62728,False,
southwest,428,1,2024-07-19,1174.2169189453125,0.1825392704895585,#D62728,False,
southwest,428,1,2024-07-20,1173.7252197265625,0.2390932610724425,#D62728,False,
southwest,428,1,2024-07-24,1183.1672478441922,0.3083078479504426,,True,gray_between_red_segments_out_of_both_sides
southwest,428,1,2024-08-03,1173.02392578125,0.9196783149676224,#D62728,False,
southwest,428,1,2024-08-04,1172.6020914713542,1.2701914525121258,#D62728,True,uncertainty_gt_1m
southwest,428,1,2024-08-08,1171.39111328125,0.300847446704106,#CFCFCF,False,
southwest,428,1,2024-08-09,1171.434261924342,0.4278717717762794,#CFCFCF,False,
southwest,428,1,2024-08-14,1181.032927594866,0.4975728687381551,,True,right_gray_above_nearest_red
southwest,42,1,2024-06-01,1277.8272918701173,10.014212027001266,#CFCFCF,True,uncertainty_gt_1m
southwest,42,1,2024-06-12,1286.14501953125,0.0,#D62728,False,
southwest,42,1,2024-06-18,1287.4545084635415,0.1175757229412828,#D62728,False,
southwest,42,1,2024-06-22,1287.8405151367188,0.0901528575342484,#D62728,False,
southwest,42,1,2024-06-29,1289.089111328125,0.0780880640909346,#D62728,False,
southwest,42,1,2024-07-03,1289.8394775390625,0.1294137300687348,#D62728,False,
southwest,42,1,2024-07-09,1290.834716796875,0.0641565341611841,#D62728,False,
southwest,42,1,2024-07-13,1291.3441162109375,0.1040754688228336,#D62728,False,
southwest,42,1,2024-07-20,1292.236572265625,0.0868091171093492,#D62728,False,
southwest,42,1,2024-07-24,1291.27294921875,0.1093659888944841,#D62728,False,
southwest,42,1,2024-07-30,1290.686279296875,0.0761061121074603,#D62728,False,
southwest,42,1,2024-08-03,1290.2698974609375,0.1180087097387195,#D62728,False,
southwest,42,1,2024-08-09,1289.1011962890625,0.0578359654913152,#D62728,False,
southwest,42,1,2024-08-14,1288.782470703125,0.3560352373835451,#D62728,False,
southwest,431,1,2024-06-02,928.0465515136718,10.831152086333342,#CFCFCF,True,uncertainty_gt_1m
southwest,431,1,2024-06-12,900.8055114746094,0.1106181209907541,,True,pre_0613_gt_first_post_0613
southwest,431,1,2024-06-18,899.7569885253906,0.1953941580825352,#D62728,False,
southwest,431,1,2024-06-19,898.9147338867188,0.2478200917900515,#D62728,False,
southwest,431,1,2024-06-23,930.5769348144532,0.0078979822361534,,True,gray_between_red_segments_out_of_both_sides
southwest,431,1,2024-06-29,926.1053466796876,0.0,,True,gray_between_red_segments_out_of_both_sides
southwest,431,1,2024-07-09,897.9247436523438,0.2438458583134263,#D62728,False,
southwest,431,1,2024-07-10,898.1585083007812,0.2272719915605688,#D62728,False,
southwest,431,1,2024-07-14,926.4525756835938,0.988404436312226,,True,gray_between_red_segments_out_of_both_sides
southwest,431,1,2024-07-20,926.0542602539062,0.0,,True,gray_between_red_segments_out_of_both_sides
southwest,431,1,2024-07-24,897.4927978515625,0.2402113762550515,#D62728,False,
southwest,431,1,2024-08-04,930.0677490234376,0.5182457414848671,,True,gray_between_red_segments_out_of_both_sides
southwest,431,1,2024-08-14,896.8224487304688,0.3452066566219466,#D62728,False,
southwest,433,1,2024-06-01,1355.2690551757812,9.863738560069804,#CFCFCF,True,uncertainty_gt_1m
southwest,433,1,2024-06-08,1360.1912841796875,0.0,,True,left_gray_far_from_nearest_red_gt_3m
southwest,433,1,2024-06-12,1357.1323313993566,0.9546997606753168,,True,left_gray_far_from_nearest_red_gt_3m
southwest,433,1,2024-06-22,1354.9105851456925,10.127497147144084,#CFCFCF,True,uncertainty_gt_1m
southwest,433,1,2024-06-22,1357.0663609658518,10.11503838671341,#CFCFCF,True,uncertainty_gt_1m
southwest,433,1,2024-06-28,1366.459716796875,0.4040634052446437,#D62728,False,
southwest,433,1,2024-07-03,1366.5897216796875,0.1884699762529464,#D62728,False,
southwest,433,1,2024-07-13,1366.0853271484375,0.0,#D62728,False,
southwest,433,1,2024-07-19,1366.056640625,0.1424379950187632,#D62728,False,
southwest,433,1,2024-07-20,1366.2972412109375,0.1605149577346804,#D62728,False,
southwest,433,1,2024-07-24,1365.8433581936745,0.3969837166716659,#D62728,False,
southwest,433,1,2024-08-03,1350.3438806366505,7.967174595151934,#CFCFCF,True,uncertainty_gt_1m
southwest,433,1,2024-08-09,1365.47607421875,0.0971926557148501,#D62728,False,
southwest,433,1,2024-08-14,1365.620849609375,0.3320946269229417,#D62728,False,
southwest,435,1,2024-06-02,900.9222412109376,0.0,,True,edge_short_gray_above_nearest_red
southwest,435,1,2024-06-12,884.0679321289062,0.1186151683127725,,True,edge_short_gray_above_nearest_red
southwest,435,1,2024-06-18,881.96484375,0.348804041792011,#D62728,False,
southwest,435,1,2024-06-19,881.913818359375,0.3383640000565553,#D62728,False,
southwest,435,1,2024-06-23,901.2951049804688,0.141369752356319,,True,gray_between_red_segments_out_of_both_sides
southwest,435,1,2024-06-29,676.6804606119791,8.07285712838009,#CFCFCF,True,uncertainty_gt_1m
southwest,435,1,2024-07-03,881.182394845145,0.2405239976575464,#D62728,False,
southwest,435,1,2024-07-09,881.2863159179688,0.4049131621105032,#D62728,False,
southwest,435,1,2024-07-10,881.201904296875,0.3366158658696128,#D62728,False,
southwest,435,1,2024-07-14,868.3305182206003,26.598565353346448,#CFCFCF,True,uncertainty_gt_1m
southwest,435,1,2024-07-20,902.8323974609376,0.0,,True,gray_between_red_segments_out_of_both_sides
southwest,435,1,2024-07-24,880.4323120117188,0.2290819671023847,#D62728,False,
southwest,435,1,2024-07-30,880.3515014648438,0.3278942115603528,#D62728,False,
southwest,435,1,2024-07-31,880.0744018554688,0.3935792248057601,#D62728,False,
southwest,435,1,2024-08-14,879.7945861816406,0.2959405554342005,#D62728,False,
southwest,43,1,2024-06-01,1355.7200927734375,0.6675331744305976,,True,force_noise_pre_20240605
southwest,43,1,2024-06-02,1398.3511878704203,1.9262659415581047,#CFCFCF,True,uncertainty_gt_1m
southwest,43,1,2024-06-22,1354.7672932942708,0.921057211766232,,True,local_min_extreme_gt_1m
southwest,43,1,2024-06-23,1355.537841796875,0.1568044215136358,#D62728,False,
southwest,43,1,2024-06-28,1356.071011247306,0.1247476981793547,#D62728,False,
southwest,43,1,2024-07-09,1357.69936399822,0.1396854647391881,#D62728,False,
southwest,43,1,2024-07-13,1358.2467041015625,0.2238532197100049,#D62728,False,
southwest,43,1,2024-07-14,1331.0976973313552,8.949523260812521,#CFCFCF,True,uncertainty_gt_1m
southwest,43,1,2024-07-19,1358.7393798828125,0.1571497366928187,#D62728,False,
southwest,43,1,2024-07-30,1353.9746193956971,10.741644150975924,#CFCFCF,True,uncertainty_gt_1m
southwest,43,1,2024-08-03,1361.0118408203125,0.2322010611085247,#D62728,False,
southwest,43,1,2024-08-04,1361.1307624937997,0.3106556287138888,#D62728,False,
southwest,43,1,2024-08-08,1360.54833984375,0.126474818930017,#D62728,False,
southwest,440,1,2024-06-01,1298.7790394176136,12.801029379872254,#CFCFCF,True,uncertainty_gt_1m
southwest,440,1,2024-06-08,1301.94443359375,0.3775949045119583,,True,left_gray_far_from_nearest_red_gt_3m
southwest,440,1,2024-06-12,1300.5052065641985,1.2942231625483305,#D62728,True,uncertainty_gt_1m
southwest,440,1,2024-06-22,1308.2398071289062,0.1413986226231284,#D62728,False,
southwest,440,1,2024-06-28,1302.84375,0.8531547149960736,,True,gray_between_red_segments_out_of_both_sides
southwest,440,1,2024-06-29,1309.2973022460938,0.099476423858192,#D62728,False,
southwest,440,1,2024-07-03,1309.1572911879596,0.3866837565591279,#D62728,False,
southwest,440,1,2024-07-09,1308.1782836914062,0.1301630438692317,#D62728,False,
southwest,440,1,2024-07-13,1308.1928100585938,0.1866568714385607,#D62728,False,
southwest,440,1,2024-07-19,1308.1238403320312,0.3477742933375057,#D62728,False,
southwest,440,1,2024-07-20,1308.6766357421875,0.0883102851882892,#D62728,False,
southwest,440,1,2024-07-24,1308.3905632113233,0.31041675764115,#D62728,False,
southwest,440,1,2024-07-30,1307.510498046875,0.2265446828533027,#D62728,False,
southwest,440,1,2024-08-03,1307.65185546875,0.234984512762731,#D62728,False,
southwest,440,1,2024-08-08,1308.2923583984375,0.4281603412241985,#D62728,False,
southwest,440,1,2024-08-09,1307.8377685546875,0.1268804585585051,#D62728,False,
southwest,440,1,2024-08-14,1307.3001340835813,0.1835141642852133,#D62728,False,
southwest,442,1,2024-06-01,1204.9325561523438,0.326752362524517,,True,force_noise_pre_20240605
southwest,442,1,2024-06-02,1217.3498922681051,18.76284064459737,#CFCFCF,True,uncertainty_gt_1m
southwest,442,1,2024-06-08,1202.6743774414062,3.0631223564412857,#CFCFCF,True,uncertainty_gt_1m
southwest,442,1,2024-06-22,1207.3980712890625,0.2046483086505712,#D62728,False,
southwest,442,1,2024-06-22,1207.451171875,0.2102797559678341,#D62728,False,
southwest,442,1,2024-06-23,1207.3377075195312,0.1761165267327878,#D62728,False,
southwest,442,1,2024-06-28,1206.171142578125,0.1302274638465272,#D62728,False,
southwest,442,1,2024-06-29,1206.031005859375,0.1350956301700171,#D62728,False,
southwest,442,1,2024-07-13,1204.724853515625,0.2130946529020486,#D62728,False,
southwest,442,1,2024-07-14,1204.7227783203125,0.4267715262355477,#D62728,False,
southwest,442,1,2024-07-19,1205.35546875,0.1524209712952398,#D62728,False,
southwest,442,1,2024-07-20,1205.1375732421875,0.2096618762028277,#D62728,False,
southwest,442,1,2024-08-03,1203.8543701171875,0.5944615793197237,#D62728,False,
southwest,442,1,2024-08-04,1204.1117078993057,0.3847086251559108,#D62728,False,
southwest,442,1,2024-08-08,1204.1549682617188,0.143186203971176,#D62728,False,
southwest,442,1,2024-08-09,1204.0909423828125,0.2927474778813524,#D62728,False,
southwest,44,1,2024-06-01,1106.0273282877604,12.369944915666306,#CFCFCF,True,uncertainty_gt_1m
southwest,44,1,2024-06-02,1123.4990844726562,0.4559487012062883,,True,left_gray_far_from_nearest_red_gt_3m
southwest,44,1,2024-06-08,1139.5046997070312,0.6063752392404231,,True,left_gray_far_from_nearest_red_gt_3m
southwest,44,1,2024-06-18,1124.51416015625,0.4171179402011756,,True,left_gray_far_from_nearest_red_gt_3m
southwest,44,1,2024-06-22,1128.0396728515625,0.1592827137075851,,True,left_gray_far_from_nearest_red_gt_3m
southwest,44,1,2024-06-23,1129.8020629882812,0.9617578544227798,,True,left_gray_far_from_nearest_red_gt_3m
southwest,44,1,2024-06-29,1146.3704833984375,1.1072679839946489,#CFCFCF,True,uncertainty_gt_1m
southwest,44,1,2024-07-03,1133.5958251953125,0.0,#D62728,False,
southwest,44,1,2024-07-09,1133.1660766601562,0.1115539010505421,#D62728,False,
southwest,44,1,2024-07-13,1133.7669677734375,0.1377770834140237,#D62728,False,
southwest,44,1,2024-07-14,1134.0028076171875,0.148007029844475,#D62728,False,
southwest,44,1,2024-07-20,1078.5628662109375,3.358628846628689,#CFCFCF,True,uncertainty_gt_1m
southwest,44,1,2024-07-24,1124.2677001953125,3.29058582184114,#CFCFCF,True,uncertainty_gt_1m
southwest,44,1,2024-07-30,1122.0791625976562,0.1630379676882393,#D62728,False,
southwest,44,1,2024-08-03,1122.1978149414062,0.252518334060858,#D62728,False,
southwest,44,1,2024-08-04,1122.114013671875,0.2246410181727049,#D62728,False,
southwest,44,1,2024-08-09,1147.9845581054688,0.0472152599254201,,True,edge_short_gray_above_nearest_red
southwest,44,1,2024-08-14,1121.0426635742188,1.759799814386555,#CFCFCF,True,uncertainty_gt_1m
southwest,452,1,2024-06-02,1007.7035217285156,0.3531718188134501,,True,edge_short_gray_above_nearest_red
southwest,452,1,2024-06-08,985.9353471235796,1.020736104842967,#D62728,True,uncertainty_gt_1m
southwest,452,1,2024-06-12,987.0564575195312,0.1214835821245141,,True,pre_0613_gt_first_post_0613
southwest,452,1,2024-06-18,986.4078369140624,0.5856068701168178,#D62728,False,
southwest,452,1,2024-06-23,1007.3699544270834,0.7672019462170588,,True,gray_between_red_segments_out_of_both_sides
southwest,452,1,2024-06-29,986.1940877278646,0.4615381955754005,#D62728,False,
southwest,452,1,2024-07-03,985.5532836914062,0.2563261168736158,#D62728,False,
southwest,452,1,2024-07-09,985.46826171875,0.2133858927891503,#D62728,False,
southwest,452,1,2024-07-14,1008.812469482422,0.3933595965768998,,True,gray_between_red_segments_out_of_both_sides
southwest,452,1,2024-07-20,988.9972330729166,3.0840814387142323,#CFCFCF,True,uncertainty_gt_1m
southwest,452,1,2024-07-24,984.7239013671876,0.1809024127342683,#D62728,False,
southwest,452,1,2024-08-04,986.3085327148438,0.6954649583230847,,True,edge_short_gray_above_nearest_red
southwest,452,1,2024-08-09,989.4173889160156,4.526493305519183,#CFCFCF,True,uncertainty_gt_1m
southwest,452,1,2024-08-14,981.271713256836,0.4564187274430373,,True,right_gray_below_global_red_min_gt_3m
southwest,455,1,2024-06-02,1061.97589276288,0.2938246377144786,,True,force_noise_pre_20240605
southwest,455,1,2024-06-12,1061.8584428267045,0.1751283197290837,,True,pre_0613_gt_first_post_0613
southwest,455,1,2024-06-23,1064.08984375,0.0,,True,gray_between_red_segments_out_of_both_sides
southwest,455,1,2024-06-28,1061.495361328125,0.225100776287621,#D62728,False,
southwest,455,1,2024-06-29,1061.370829264323,0.130282314553196,#D62728,False,
southwest,455,1,2024-07-03,1061.1426544189453,0.2502110215444764,#D62728,False,
southwest,455,1,2024-07-14,1050.8804803892624,17.413303146376155,#CFCFCF,True,uncertainty_gt_1m
southwest,455,1,2024-07-19,1060.9548204210068,0.3977956780881689,#D62728,False,
southwest,455,1,2024-07-20,1060.1802978515625,0.0,#D62728,False,
southwest,455,1,2024-07-24,1060.648941040039,0.4094769498593458,#D62728,False,
southwest,455,1,2024-08-04,1060.7018737792969,0.2063091678220133,#D62728,False,
southwest,455,1,2024-08-09,1059.811767578125,0.0,,True,local_min_extreme_gt_1m
southwest,455,1,2024-08-14,1060.354842122396,0.3968989022491039,#D62728,False,
southwest,456,1,2024-06-01,963.3109741210938,0.0,,True,force_noise_pre_20240605
southwest,456,1,2024-06-02,1001.35693359375,1.7698493065371732,#CFCFCF,True,uncertainty_gt_1m
southwest,456,1,2024-06-18,964.8529052734376,0.1323737838650987,#D62728,False,
southwest,456,1,2024-06-19,964.7001342773438,0.2132826273455086,#D62728,False,
southwest,456,1,2024-06-22,963.7247924804688,0.1747461917418102,#D62728,False,
southwest,456,1,2024-07-09,961.5831909179688,0.1749813560754017,#D62728,False,
southwest,456,1,2024-07-10,961.6233947753906,0.3664021970440463,#D62728,False,
southwest,456,1,2024-07-13,961.4551391601562,0.199290178517008,#D62728,False,
southwest,456,1,2024-07-31,998.9086303710938,0.0,,True,gray_between_red_segments_out_of_both_sides
southwest,456,1,2024-08-03,960.2279663085938,0.4776768709822209,,True,local_min_extreme_gt_1m
southwest,456,1,2024-08-04,960.7880859375,0.451868164002878,#D62728,False,
southwest,457,1,2024-06-02,1024.5107421875,0.0,,True,edge_short_gray_above_nearest_red
southwest,457,1,2024-06-12,1022.5885925292968,0.2289112941686326,,True,pre_0613_gt_first_post_0613
southwest,457,1,2024-06-23,1024.2130737304688,0.7688232543980199,,True,gray_between_red_segments_out_of_both_sides
southwest,457,1,2024-06-28,1021.966552734375,0.2016744421256847,#D62728,False,
southwest,457,1,2024-06-29,1021.987345377604,0.1605401129741056,#D62728,False,
southwest,457,1,2024-07-03,1021.5714416503906,0.1106826599169401,#D62728,False,
southwest,457,1,2024-07-14,1043.8780517578125,0.0,,True,gray_between_red_segments_out_of_both_sides
southwest,457,1,2024-07-19,1021.0404196346508,0.2976259228932146,#D62728,False,
southwest,457,1,2024-07-20,1021.1577758789062,0.2797662285865082,#D62728,False,
southwest,457,1,2024-07-24,1020.492645263672,0.1436627053728241,#D62728,False,
southwest,457,1,2024-08-04,1031.4000713641826,67.60047894856169,#CFCFCF,True,uncertainty_gt_1m
southwest,457,1,2024-08-14,1020.2492513020832,0.3830500652896575,#D62728,False,
southwest,458,1,2024-06-01,1102.3814086914062,0.4982317807167614,,True,left_gray_far_from_nearest_red_gt_3m
southwest,458,1,2024-06-02,1188.1367154508025,1.0146548673052502,#CFCFCF,True,uncertainty_gt_1m
southwest,458,1,2024-06-18,1142.785400390625,0.0,#D62728,False,
southwest,458,1,2024-06-18,1142.7257690429688,0.3672418537803046,#D62728,False,
southwest,458,1,2024-06-22,1143.206298828125,0.1468288453696711,#D62728,False,
southwest,458,1,2024-06-23,1143.0108642578125,0.2532140193537841,#D62728,False,
southwest,458,1,2024-07-09,1142.0728759765625,0.5240253336129592,#D62728,False,
southwest,458,1,2024-07-09,1141.6461181640625,0.3191601496247832,#D62728,False,
southwest,458,1,2024-07-13,1142.151611328125,0.0,#D62728,False,
southwest,458,1,2024-07-14,1141.8321533203125,0.0,#D62728,False,
southwest,458,1,2024-07-24,1147.5206659490411,1.8408389656806288,#CFCFCF,True,uncertainty_gt_1m
southwest,458,1,2024-08-03,1142.322021484375,0.2342348421424773,#D62728,False,
southwest,458,1,2024-08-04,1142.3073120117188,0.0798429898190376,#D62728,False,
southwest,45,1,2024-06-01,1230.7734375,0.3464493415134814,,True,force_noise_pre_20240605
southwest,45,1,2024-06-02,1230.7186279296875,0.2801697327282697,,True,force_noise_pre_20240605
southwest,45,1,2024-06-18,1227.019482421875,2.329931867858376,#CFCFCF,True,uncertainty_gt_1m
southwest,45,1,2024-06-22,1231.1029663085938,0.3373981039440559,#D62728,False,
southwest,45,1,2024-06-22,1231.1680908203125,0.2289010145673249,#D62728,False,
southwest,45,1,2024-06-23,1231.385009765625,0.126174862375037,#D62728,False,
southwest,45,1,2024-06-28,1232.5863647460938,0.3492390290096828,#D62728,False,
southwest,45,1,2024-06-29,1232.9639892578125,0.1158494073918536,#D62728,False,
southwest,45,1,2024-07-09,1234.4224243164062,0.0797327073206537,#D62728,False,
southwest,45,1,2024-07-13,1234.8192138671875,0.1388196639241012,#D62728,False,
southwest,45,1,2024-07-14,1234.6959228515625,0.1101396628453379,#D62728,False,
southwest,45,1,2024-07-19,1232.9630126953125,0.2545672143601292,#D62728,False,
southwest,45,1,2024-07-20,1232.96044921875,0.1026987437662217,#D62728,False,
southwest,45,1,2024-07-30,1232.2262573242188,0.1298416260296606,#D62728,False,
southwest,45,1,2024-08-03,1228.9397277832031,0.2727614486004631,,True,gray_between_red_segments_out_of_both_sides
southwest,45,1,2024-08-04,1232.3536376953125,0.0,#D62728,False,
southwest,45,1,2024-08-08,1232.1433715820312,0.2016217955802879,#D62728,False,
southwest,45,1,2024-08-09,1231.8895263671875,0.0,#D62728,False,
southwest,460,1,2024-06-01,1192.64362493551,14.36379655973153,#CFCFCF,True,uncertainty_gt_1m
southwest,460,1,2024-06-02,1207.9931640625,0.4687388083432246,,True,force_noise_pre_20240605
southwest,460,1,2024-06-08,1204.482666015625,0.0,,True,gray_between_red_segments_out_of_both_sides
southwest,460,1,2024-06-18,1206.9138834635417,1.379546656164997,#D62728,True,uncertainty_gt_1m
southwest,460,1,2024-06-22,1208.4022216796875,0.1393321640876779,#D62728,False,
southwest,460,1,2024-06-23,1208.5473022460938,0.230461454435697,#D62728,False,
southwest,460,1,2024-06-29,1208.3984985351562,0.1450532840733591,#D62728,False,
southwest,460,1,2024-07-09,1207.837158203125,0.2582780102270379,#D62728,False,
southwest,460,1,2024-07-13,1207.5028686523438,0.129531044372825,#D62728,False,
southwest,460,1,2024-07-14,1207.295654296875,0.3123824810638656,#D62728,False,
southwest,460,1,2024-07-20,1207.06640625,0.2502586407827711,#D62728,False,
southwest,460,1,2024-07-30,1206.4946899414062,0.3275958766201697,,True,local_min_extreme_gt_1m
southwest,460,1,2024-08-03,1207.6220296223958,0.99723841650853,,True,local_max_extreme_gt_1m
southwest,460,1,2024-08-04,1206.343505859375,0.0,#D62728,False,
southwest,460,1,2024-08-09,1205.1700439453125,0.5574335440555083,#D62728,False,
southwest,463,1,2024-06-01,889.9547932942709,0.3942890194747214,,True,force_noise_pre_20240605
southwest,463,1,2024-06-02,926.985348171658,4.899135038173615,#CFCFCF,True,uncertainty_gt_1m
southwest,463,1,2024-06-12,891.7560563795637,0.2735961924793539,,True,pre_0613_gt_first_post_0613
southwest,463,1,2024-06-18,890.5843811035156,0.1672642700852638,#D62728,False,
southwest,463,1,2024-06-19,890.0407298603996,0.2139496396286218,#D62728,False,
southwest,463,1,2024-06-22,888.9050903320312,0.3884951125711814,#D62728,False,
southwest,463,1,2024-06-23,923.5740269252232,2.44336305817662,#CFCFCF,True,uncertainty_gt_1m
southwest,463,1,2024-07-03,926.63525390625,0.0,,True,gray_between_red_segments_out_of_both_sides
southwest,463,1,2024-07-09,887.864990234375,0.4113991247896021,#D62728,False,
southwest,463,1,2024-07-10,934.989013671875,0.0721607994472599,,True,gray_between_red_segments_out_of_both_sides
southwest,463,1,2024-07-13,887.7788492838541,0.244793471708474,#D62728,False,
southwest,463,1,2024-07-14,921.9680969238282,4.315872376997218,#CFCFCF,True,uncertainty_gt_1m
southwest,463,1,2024-07-24,926.2761840820312,1.2099393253074218,#CFCFCF,True,uncertainty_gt_1m
southwest,463,1,2024-07-30,887.448974609375,0.3325175818835688,#D62728,False,
southwest,463,1,2024-08-03,887.7981567382812,0.0,#D62728,False,
southwest,463,1,2024-08-04,930.4310531616212,3.969598033466896,#CFCFCF,True,uncertainty_gt_1m
southwest,463,1,2024-08-14,925.4140625,0.5336964389741727,,True,edge_short_gray_above_nearest_red
southwest,470,1,2024-06-02,978.237775530134,1.4402449355590037,#CFCFCF,True,uncertainty_gt_1m
southwest,470,1,2024-06-08,958.9452916195518,1.7407750763376877,#CFCFCF,True,uncertainty_gt_1m
southwest,470,1,2024-06-12,957.3331298828124,0.1222730555736522,,True,pre_0613_gt_first_post_0613
southwest,470,1,2024-06-18,956.6553344726562,0.3085987271869735,#D62728,False,
southwest,470,1,2024-06-19,956.1740112304688,0.2001345959928268,#D62728,False,
southwest,470,1,2024-06-23,964.3257573445638,12.030976286055672,#CFCFCF,True,uncertainty_gt_1m
southwest,470,1,2024-06-29,769.1907348632812,0.0,,True,gray_between_red_segments_out_of_both_sides
southwest,470,1,2024-07-03,955.4624633789062,0.3763579943488375,#D62728,False,
southwest,470,1,2024-07-09,955.7337036132812,0.3942007211035874,#D62728,False,
southwest,470,1,2024-07-10,955.4786071777344,0.3359982218233643,#D62728,False,
southwest,470,1,2024-07-14,954.9216111127068,0.4591389280185809,#D62728,False,
southwest,470,1,2024-07-20,758.5186462402344,0.3785420884879888,,True,gray_between_red_segments_out_of_both_sides
southwest,470,1,2024-07-24,954.752685546875,0.2958530242670246,#D62728,False,
southwest,470,1,2024-07-30,954.8583374023438,0.3773959188434396,#D62728,False,
southwest,470,1,2024-07-31,954.598191034226,0.5341954436078525,#D62728,False,
southwest,470,1,2024-08-04,977.1863752092634,1.9768194579590803,#CFCFCF,True,uncertainty_gt_1m
southwest,470,1,2024-08-09,760.8160034179688,3.624359341593906,#CFCFCF,True,uncertainty_gt_1m
southwest,470,1,2024-08-14,954.236328125,0.2501966508974458,#D62728,False,
southwest,484,1,2024-06-01,1344.270528157552,1.1246080150554068,#CFCFCF,True,uncertainty_gt_1m
southwest,484,1,2024-06-08,1359.348117404514,0.2065642035079507,#D62728,False,
southwest,484,1,2024-06-12,1359.6743977864585,0.3581871289835011,,True,pre_0613_gt_first_post_0613
southwest,484,1,2024-06-18,1359.4287923177085,0.1305101393722757,#D62728,False,
southwest,484,1,2024-06-22,1359.3468221028645,0.1859100067691871,#D62728,False,
southwest,484,1,2024-07-09,1374.0754801432292,0.2288993916878283,,True,gray_between_red_segments_out_of_both_sides
southwest,484,1,2024-07-13,1344.5316365559895,0.6180146501312092,,True,gray_between_red_segments_out_of_both_sides
southwest,484,1,2024-07-20,1359.5782932590794,0.152474038882147,#D62728,False,
southwest,484,1,2024-07-23,1359.9509887695312,0.6098278087259471,#D62728,False,
southwest,484,1,2024-07-24,1359.9539995797072,0.0944237694611646,#D62728,False,
southwest,484,1,2024-07-30,1360.1383026123046,0.1245325391957519,#D62728,False,
southwest,484,1,2024-08-03,1344.09248046875,0.6132150213356344,,True,gray_between_red_segments_out_of_both_sides
southwest,484,1,2024-08-09,1360.0898990271226,0.1006641883140987,#D62728,False,
southwest,484,1,2024-08-13,1359.7958984375,0.6403912047853226,#D62728,False,
southwest,484,1,2024-08-14,1359.8001973470052,0.1617381493685956,#D62728,False,
southwest,492,1,2024-06-01,1238.4378927907635,10.065395450056034,#CFCFCF,True,uncertainty_gt_1m
southwest,492,1,2024-06-08,1247.2456732855903,0.4165111335901506,#D62728,False,
southwest,492,1,2024-06-12,1246.8217163085938,0.1960253295989562,#D62728,False,
southwest,492,1,2024-06-19,1237.9229329427085,0.6294608125394359,,True,gray_between_red_segments_out_of_both_sides
southwest,492,1,2024-06-22,1247.2459716796875,0.1126041019134456,#D62728,False,
southwest,492,1,2024-06-29,1247.8132058848505,3.006910936370691,#D62728,True,uncertainty_gt_1m
southwest,492,1,2024-07-03,1247.0265737680288,0.1348011355641466,#D62728,False,
southwest,492,1,2024-07-09,1246.3701171875,0.191378109791137,#D62728,False,
southwest,492,1,2024-07-10,1246.211669921875,0.3126047063888743,#D62728,False,
southwest,492,1,2024-07-13,1246.0557861328125,0.2068996491014219,#D62728,False,
southwest,492,1,2024-07-20,1253.959511893136,7.838496501665302,#CFCFCF,True,uncertainty_gt_1m
southwest,492,1,2024-07-24,1245.81884765625,0.1925743823259021,#D62728,False,
southwest,492,1,2024-07-30,1245.84130859375,0.2013664761125866,#D62728,False,
southwest,492,1,2024-07-31,1245.3638916015625,0.0,#D62728,False,
southwest,492,1,2024-08-03,1245.9366455078125,0.1662882699412763,,True,local_max_extreme_gt_1m
southwest,492,1,2024-08-09,1262.037762810202,4.142252379343607,#CFCFCF,True,uncertainty_gt_1m
southwest,492,1,2024-08-14,1245.4364624023438,0.23496148709776,#D62728,False,
southwest,496,1,2024-06-02,1026.234375,1.46099255296081,#CFCFCF,True,uncertainty_gt_1m
southwest,496,1,2024-06-12,1023.7580261230468,0.1393273600207353,,True,pre_0613_gt_first_post_0613
southwest,496,1,2024-06-23,1022.2638549804688,0.1472580682652217,#D62728,False,
southwest,496,1,2024-06-28,1022.4525756835938,0.258272030772566,#D62728,False,
southwest,496,1,2024-06-29,1022.7987467447916,1.319249138752233,#D62728,True,uncertainty_gt_1m
southwest,496,1,2024-07-03,1022.1123901367188,0.2739507568965246,#D62728,False,
southwest,496,1,2024-07-14,1023.558853149414,0.4304060747122984,,True,local_max_extreme_gt_1m
southwest,496,1,2024-07-19,1021.15576171875,0.2135528397703844,#D62728,False,
southwest,496,1,2024-07-24,1021.4144287109376,0.6254755714191285,#D62728,False,
southwest,496,1,2024-08-04,1025.832275390625,0.0,,True,gray_between_red_segments_out_of_both_sides
southwest,496,1,2024-08-09,1022.4840698242188,0.0,,True,local_max_extreme_gt_1m
southwest,496,1,2024-08-14,1021.2020786830356,0.6955668420232738,#D62728,False,
southwest,498,1,2024-06-01,1189.6888622527426,15.56702855772688,#CFCFCF,True,uncertainty_gt_1m
southwest,498,1,2024-06-02,1233.7242603975185,25.72379922709224,#CFCFCF,True,uncertainty_gt_1m
southwest,498,1,2024-06-08,1198.353732638889,4.18149040847581,#CFCFCF,True,uncertainty_gt_1m
southwest,498,1,2024-06-18,1201.1880493164062,0.3427170984891437,#D62728,False,
southwest,498,1,2024-06-22,1202.1717529296875,0.1917205683712779,#D62728,False,
southwest,498,1,2024-06-23,1202.320068359375,0.2783993205449559,#D62728,False,
southwest,498,1,2024-06-29,1204.0889241536458,7.329831645014551,#CFCFCF,True,uncertainty_gt_1m
southwest,498,1,2024-07-09,1201.0947875976562,0.2883903658549369,#D62728,False,
southwest,498,1,2024-07-13,1200.7767333984375,0.1756354086019338,#D62728,False,
southwest,498,1,2024-07-14,1200.6893310546875,0.130562573172735,#D62728,False,
southwest,498,1,2024-07-20,1200.8260931199598,0.4516000041379576,#D62728,False,
southwest,498,1,2024-07-30,1200.0861206054688,0.4443312590183249,#D62728,False,
southwest,498,1,2024-08-03,1200.5224609375,0.7057155359131907,#D62728,False,
southwest,498,1,2024-08-04,1200.344970703125,0.6931898850150675,#D62728,False,
southwest,498,1,2024-08-09,1200.7412109375,0.0,#D62728,False,
southwest,503,1,2024-06-01,967.768798828125,0.0,,True,force_noise_pre_20240605
southwest,503,1,2024-06-02,1000.0671976023708,3.788786184333062,#CFCFCF,True,uncertainty_gt_1m
southwest,503,1,2024-06-18,968.8025817871094,0.1688417236434472,#D62728,False,
southwest,503,1,2024-06-19,968.5951538085938,0.4345863112003291,#D62728,False,
southwest,503,1,2024-06-22,968.4322814941406,0.4222665381176189,#D62728,False,
southwest,503,1,2024-06-23,981.6633775499132,12.54780793009026,#CFCFCF,True,uncertainty_gt_1m
southwest,503,1,2024-07-09,967.7828563343396,0.3462713518780086,#D62728,False,
southwest,503,1,2024-07-10,968.0004272460938,0.0,#D62728,False,
southwest,503,1,2024-07-13,967.6738891601562,0.0,#D62728,False,
southwest,503,1,2024-07-14,992.586181640625,0.7702992837596198,,True,gray_between_red_segments_out_of_both_sides
southwest,503,1,2024-07-30,966.9456176757812,0.0,,True,local_min_extreme_gt_1m
southwest,503,1,2024-07-31,958.1087036132812,0.0,,True,gray_between_red_segments_out_of_both_sides
southwest,503,1,2024-08-03,968.1997680664062,0.0,,True,local_max_extreme_gt_1m
southwest,503,1,2024-08-04,966.702117919922,0.3245181063248099,#D62728,False,
southwest,504,1,2024-06-02,821.96240234375,0.0,,True,force_noise_pre_20240605
southwest,504,1,2024-06-08,828.9986572265625,1.5791648635019393,#CFCFCF,True,uncertainty_gt_1m
southwest,504,1,2024-06-12,821.314697265625,0.2579330713108623,,True,pre_0613_gt_first_post_0613
southwest,504,1,2024-06-18,820.9535522460938,0.3601738278087602,#D62728,False,
southwest,504,1,2024-06-19,820.7332153320312,0.1725461001871132,#D62728,False,
southwest,504,1,2024-06-29,661.4946899414062,0.0,,True,gray_between_red_segments_out_of_both_sides
southwest,504,1,2024-07-09,819.31201171875,0.1687208393647989,#D62728,False,
southwest,504,1,2024-07-10,819.2615356445312,0.2528403473138914,#D62728,False,
southwest,504,1,2024-07-14,847.3017730712891,0.8547052439333183,,True,gray_between_red_segments_out_of_both_sides
southwest,504,1,2024-07-24,818.3824768066406,0.1590589100349552,#D62728,False,
southwest,504,1,2024-07-30,817.497314453125,0.4422786130987591,#D62728,False,
southwest,504,1,2024-08-04,773.5796915690104,75.38591623460582,#CFCFCF,True,uncertainty_gt_1m
southwest,504,1,2024-08-14,817.8504028320312,0.1928697492887189,#D62728,False,
southwest,515,1,2024-06-01,1402.0966796875,0.2753525142248023,,True,force_noise_pre_20240605
southwest,515,1,2024-06-08,1402.8533935546875,0.0,,True,global_max_not_supported_by_neighbors
southwest,515,1,2024-06-12,1384.073876953125,1.295563266532907,#CFCFCF,True,uncertainty_gt_1m
southwest,515,1,2024-06-22,1402.1863403320312,0.30414954914092,#D62728,False,
southwest,515,1,2024-06-22,1402.1712036132812,0.250297463479163,#D62728,False,
southwest,515,1,2024-06-28,1398.0704345703125,0.6019042765745096,,True,gray_between_red_segments_out_of_both_sides
southwest,515,1,2024-07-03,1401.8407745361328,0.1177589098011914,#D62728,False,
southwest,515,1,2024-07-13,1402.5760498046875,0.142358061177183,#D62728,False,
southwest,515,1,2024-07-19,1402.3140869140625,0.2009899432694298,#D62728,False,
southwest,515,1,2024-07-20,1402.3260498046875,0.1037340705325229,#D62728,False,
southwest,515,1,2024-07-24,1402.1337413221302,0.1443632503105769,#D62728,False,
southwest,515,1,2024-08-03,1401.783935546875,0.1072810026576301,#D62728,False,
southwest,515,1,2024-08-08,1401.8837890625,0.1886420715501109,#D62728,False,
southwest,515,1,2024-08-09,1401.9091796875,0.2574529940790136,#D62728,False,
southwest,515,1,2024-08-14,1401.501924491223,0.1482384014922831,#D62728,False,
southwest,51,1,2024-06-01,1314.19482421875,0.3652019493671763,,True,force_noise_pre_20240605
southwest,51,1,2024-06-02,1362.9955240885415,0.7396047271177377,,True,gray_between_red_segments_out_of_both_sides
southwest,51,1,2024-06-18,1328.6700439453125,2.4676506063236987,#CFCFCF,True,uncertainty_gt_1m
southwest,51,1,2024-06-22,1314.9864990234375,0.1291025170364526,#D62728,False,
southwest,51,1,2024-06-23,1314.9462890625,0.2134451299589641,#D62728,False,
southwest,51,1,2024-06-28,1315.9031356811524,0.1454004622921156,#D62728,False,
southwest,51,1,2024-06-29,1315.883544921875,0.3323876230233266,#D62728,False,
southwest,51,1,2024-07-09,1331.496826171875,0.2898538256982063,,True,gray_between_red_segments_out_of_both_sides
southwest,51,1,2024-07-13,1319.119384765625,0.2008078614438496,,True,gray_between_red_segments_out_of_both_sides
southwest,51,1,2024-07-19,1314.7342529296875,0.1304978896371197,#D62728,False,
southwest,51,1,2024-07-20,1314.6461181640625,0.2405750764673402,#D62728,False,
southwest,51,1,2024-07-30,1331.49541015625,1.2920911657317815,#CFCFCF,True,uncertainty_gt_1m
southwest,51,1,2024-08-04,1313.3533935546875,0.0,,True,local_min_extreme_gt_1m
southwest,51,1,2024-08-08,1314.1636962890625,0.0993132206723016,#D62728,False,
southwest,51,1,2024-08-09,1313.9110717773438,0.3695553054771773,#D62728,False,
southwest,522,1,2024-06-12,1029.9542846679688,0.1038394321356303,,True,pre_0613_gt_first_post_0613
southwest,522,1,2024-06-13,1030.2464396158855,0.3088268550464224,#D62728,False,
southwest,522,1,2024-06-28,1029.5118408203125,0.1208528839429085,#D62728,False,
southwest,522,1,2024-06-29,1029.6260375976562,0.2846525314614174,#D62728,False,
southwest,522,1,2024-07-04,1028.587890625,0.2400704178900298,#D62728,False,
southwest,522,1,2024-07-19,1028.78125,0.1261395185683078,#D62728,False,
southwest,522,1,2024-07-20,1028.6246337890625,0.2204889684610255,#D62728,False,
southwest,522,1,2024-07-24,1028.0750732421875,0.1461594998451323,#D62728,False,
southwest,522,1,2024-07-25,1027.951416015625,0.2090377262050976,#D62728,False,
southwest,522,1,2024-08-08,1028.0350341796875,0.1398700643000099,#D62728,False,
southwest,522,1,2024-08-09,1027.9013061523438,0.2076453808285274,#D62728,False,
southwest,522,1,2024-08-14,1027.4947509765625,0.1595756755241718,#D62728,False,
southwest,536,1,2024-06-01,957.87548828125,0.4673795096587166,,True,left_gray_far_from_nearest_red_gt_3m
southwest,536,1,2024-06-02,989.73154296875,3.80828904268152,#CFCFCF,True,uncertainty_gt_1m
southwest,536,1,2024-06-18,971.0992431640624,0.1709405410264207,#D62728,False,
southwest,536,1,2024-06-19,970.989990234375,0.3358424315091899,#D62728,False,
southwest,536,1,2024-06-22,970.1112060546876,0.1522432449793165,#D62728,False,
southwest,536,1,2024-06-23,969.8639526367188,0.0,#D62728,False,
southwest,536,1,2024-06-29,992.3233693440756,0.2569585685528912,,True,gray_between_red_segments_out_of_both_sides
southwest,536,1,2024-07-09,968.1126708984376,0.3074896678906968,#D62728,False,
southwest,536,1,2024-07-10,963.3460693359376,0.0,,True,gray_between_red_segments_out_of_both_sides
southwest,536,1,2024-07-13,967.8251342773438,0.1501314586486037,#D62728,False,
southwest,536,1,2024-07-14,968.0418395996094,0.1842430938040387,#D62728,False,
southwest,536,1,2024-08-03,966.5910034179688,0.1901591735234787,#D62728,False,
southwest,538,1,2024-06-08,916.2990214029948,0.0529199994876187,,True,pre_0613_gt_first_post_0613
southwest,538,1,2024-06-12,917.3466186523438,0.1878022010121193,,True,global_max_not_supported_by_neighbors
southwest,538,1,2024-06-23,929.1600341796876,0.6091350639366334,,True,gray_between_red_segments_out_of_both_sides
southwest,538,1,2024-06-28,915.5481185913086,0.4371518447148625,#D62728,False,
southwest,538,1,2024-06-29,915.6765950520834,0.0889694408090237,#D62728,False,
southwest,538,1,2024-07-03,915.6275634765624,0.5322822576656735,#D62728,False,
southwest,538,1,2024-07-04,915.4630950927734,0.4518016354949649,#D62728,False,
southwest,538,1,2024-07-14,932.085968017578,0.507412989893203,,True,gray_between_red_segments_out_of_both_sides
southwest,538,1,2024-07-19,915.0205775669644,0.3515131319523957,#D62728,False,
southwest,538,1,2024-07-20,914.7573760986328,0.2001660290309947,#D62728,False,
southwest,538,1,2024-07-24,914.3860514322917,0.2714783455811996,#D62728,False,
southwest,538,1,2024-07-25,914.191357421875,0.3978344197228076,#D62728,False,
southwest,538,1,2024-08-08,914.131805419922,0.3212277693097823,#D62728,False,
southwest,538,1,2024-08-14,913.8097330729166,0.2986071976054384,#D62728,False,
southwest,538,1,2024-08-15,913.313232421875,0.0,#D62728,False,
southwest,53,1,2024-06-01,1343.014404296875,0.2505708420147847,,True,force_noise_pre_20240605
southwest,53,1,2024-06-02,1342.9913330078125,0.5633572838142785,,True,force_noise_pre_20240605
southwest,53,1,2024-06-08,1342.624755859375,0.4778255287308526,,True,pre_0613_gt_first_post_0613
southwest,53,1,2024-06-22,1335.761494954427,0.4182362879680873,,True,gray_between_red_segments_out_of_both_sides
southwest,53,1,2024-06-28,1342.164306640625,0.0,#D62728,False,
southwest,53,1,2024-06-29,1342.8464762369792,0.4413364715336144,#D62728,False,
southwest,53,1,2024-07-13,1343.5728759765625,0.1115730267491939,#D62728,False,
southwest,53,1,2024-07-14,1343.7261962890625,0.2893681396005478,#D62728,False,
southwest,53,1,2024-07-19,1343.82666015625,0.1521659015291029,#D62728,False,
southwest,53,1,2024-07-20,1343.6378784179688,0.1661607662220808,#D62728,False,
southwest,53,1,2024-07-24,1343.3086263020834,0.4919187098722303,#D62728,False,
southwest,53,1,2024-08-03,1342.753662109375,0.1615847506184149,#D62728,False,
southwest,53,1,2024-08-04,1342.5159912109375,0.0,#D62728,False,
southwest,53,1,2024-08-08,1342.486328125,0.3451952499303832,#D62728,False,
southwest,53,1,2024-08-09,1342.7484130859375,0.2320583509397187,#D62728,False,
southwest,53,1,2024-08-14,1353.7037109375,0.4568281977904251,,True,edge_short_gray_above_nearest_red
southwest,542,1,2024-06-01,1055.2920532226562,0.441922776755035,,True,force_noise_pre_20240605
southwest,542,1,2024-06-02,1065.8974609375,1.7520749563258062,#CFCFCF,True,uncertainty_gt_1m
southwest,542,1,2024-06-08,1062.6834106445312,1.356742438191886,#CFCFCF,True,uncertainty_gt_1m
southwest,542,1,2024-06-12,1055.3277587890625,0.4924066871948909,#D62728,False,
southwest,542,1,2024-06-18,1056.3065185546875,0.2345877749930464,#D62728,False,
southwest,542,1,2024-06-22,1056.0673828125,0.2787581371134948,#D62728,False,
southwest,542,1,2024-06-23,1055.9083251953125,0.0,#D62728,False,
southwest,542,1,2024-06-29,1063.658656529018,1.0517911081390126,#CFCFCF,True,uncertainty_gt_1m
southwest,542,1,2024-07-03,1055.50830078125,0.0928036458656493,#D62728,False,
southwest,542,1,2024-07-09,1055.054443359375,0.1608720776192289,#D62728,False,
southwest,542,1,2024-07-13,1054.423095703125,0.168493241402143,#D62728,False,
southwest,542,1,2024-07-14,1054.4420166015625,0.2297990699536949,#D62728,False,
southwest,542,1,2024-07-24,1053.6217518682065,0.4680951192874494,#D62728,False,
southwest,542,1,2024-07-30,1053.5282021799396,0.4526467633044664,#D62728,False,
southwest,542,1,2024-08-03,1053.697544642857,0.3902332612282742,#D62728,False,
southwest,542,1,2024-08-04,1053.6587524414062,0.3044295664562524,#D62728,False,
southwest,542,1,2024-08-14,1053.2571411132812,0.4704204575404602,#D62728,False,
southwest,54,1,2024-06-01,1138.32568359375,1.2265550924996722,#CFCFCF,True,uncertainty_gt_1m
southwest,54,1,2024-06-02,1145.0699431590544,16.53027899806115,#D62728,True,uncertainty_gt_1m
southwest,54,1,2024-06-08,1144.0808512369792,0.0614868943612343,,True,edge_short_gray_above_nearest_red
southwest,54,1,2024-06-18,1138.9503784179688,0.4796073759067034,#D62728,False,
southwest,54,1,2024-06-19,1139.6522216796875,0.2523303204863074,#D62728,False,
southwest,54,1,2024-06-22,1140.340087890625,0.1395449263183044,#D62728,False,
southwest,54,1,2024-06-23,1140.61474609375,0.3017042203270468,#D62728,False,
southwest,54,1,2024-06-29,1148.2149786698192,5.547022901854821,#CFCFCF,True,uncertainty_gt_1m
southwest,54,1,2024-07-09,1138.6712036132812,0.1754433530347825,#D62728,False,
southwest,54,1,2024-07-10,1138.23095703125,0.2540683288989336,#D62728,False,
southwest,54,1,2024-07-13,1137.4894409179688,0.1133172776304659,#D62728,False,
southwest,54,1,2024-07-14,1137.3504638671875,0.2303799927622402,#D62728,False,
southwest,54,1,2024-07-20,1157.208984375,0.235647593105642,,True,gray_between_red_segments_out_of_both_sides
southwest,54,1,2024-07-30,1136.3435668945312,0.3802915294223259,#D62728,False,
southwest,54,1,2024-08-03,1136.538330078125,0.1384957680441521,#D62728,False,
southwest,54,1,2024-08-04,1136.71484375,0.439280376117279,#D62728,False,
southwest,54,1,2024-08-09,1156.630859375,0.3713199528381382,,True,edge_short_gray_above_nearest_red
southwest,55,1,2024-06-01,1127.912109375,0.7793616723380338,,True,force_noise_pre_20240605
southwest,55,1,2024-06-02,1128.3879283558238,1.105500045514744,#D62728,True,uncertainty_gt_1m
southwest,55,1,2024-06-08,1129.7107543945312,0.7482242575102823,#D62728,False,
southwest,55,1,2024-06-18,1127.9753553602432,0.4125850069053163,,True,gray_between_red_segments_out_of_both_sides
southwest,55,1,2024-06-22,1130.1297607421875,0.2409138058012645,#D62728,False,
southwest,55,1,2024-06-22,1130.0750732421875,0.1874911690800844,#D62728,False,
southwest,55,1,2024-06-23,1130.7138671875,0.1814857880997445,,True,global_max_not_supported_by_neighbors
southwest,55,1,2024-06-29,1129.6393432617188,0.8480112008544161,#D62728,False,
southwest,55,1,2024-07-09,1127.0858764648438,0.113919579496383,#D62728,False,
southwest,55,1,2024-07-13,1126.872802734375,0.2289308695641069,#D62728,False,
southwest,55,1,2024-07-14,1127.014892578125,0.0,#D62728,False,
southwest,55,1,2024-07-20,1126.8734323601973,5.64103646954379,#D62728,True,uncertainty_gt_1m
southwest,55,1,2024-07-30,1126.4325561523438,0.0182128333533156,#D62728,False,
southwest,55,1,2024-08-03,1122.7237548828125,0.5455548360069731,,True,gray_between_red_segments_out_of_both_sides
southwest,55,1,2024-08-04,1126.3464965820312,0.1222677067480236,#D62728,False,
southwest,55,1,2024-08-09,1146.7011544363838,9.67544564178461,#CFCFCF,True,uncertainty_gt_1m
southwest,56,1,2024-06-01,1403.7066650390625,0.4549429369346217,,True,force_noise_pre_20240605
southwest,56,1,2024-06-08,1405.4700927734375,0.038324635113138,,True,gray_between_red_segments_out_of_both_sides
southwest,56,1,2024-06-12,1405.2523193359375,0.0838998768693022,,True,gray_between_red_segments_out_of_both_sides
southwest,56,1,2024-06-22,1403.6074981689453,0.386213551571583,#D62728,False,
southwest,56,1,2024-06-22,1403.5607735770088,0.4270187647949425,#D62728,False,
southwest,56,1,2024-06-28,1413.4052734375,0.0,,True,gray_between_red_segments_out_of_both_sides
southwest,56,1,2024-07-02,1393.152374267578,2.6892198233007605,#CFCFCF,True,uncertainty_gt_1m
southwest,56,1,2024-07-13,1404.8178431624074,0.1673490362410148,#D62728,False,
southwest,56,1,2024-07-19,1405.5441284179688,0.2316846868301295,#D62728,False,
southwest,56,1,2024-07-20,1405.72021484375,0.1651673249303106,#D62728,False,
southwest,56,1,2024-07-23,1407.5145263671875,0.2004070198098234,,True,gray_between_red_segments_out_of_both_sides
southwest,56,1,2024-07-24,1405.355198910362,0.1219545016365147,#D62728,False,
southwest,56,1,2024-08-03,1403.3634255149148,0.6394599690899634,,True,gray_between_red_segments_out_of_both_sides
southwest,56,1,2024-08-08,1405.226318359375,0.0,#D62728,False,
southwest,56,1,2024-08-13,1397.1183268229167,3.0235656453197284,#CFCFCF,True,uncertainty_gt_1m
southwest,56,1,2024-08-14,1388.1039503666393,2.3038370047119923,#CFCFCF,True,uncertainty_gt_1m
southwest,571,1,2024-06-01,1336.777975392896,0.6612096254651941,,True,left_gray_far_from_nearest_red_gt_3m
southwest,571,1,2024-06-02,1394.987884065998,27.96581851395128,#CFCFCF,True,uncertainty_gt_1m
southwest,571,1,2024-06-28,1367.5305786132812,0.0007768507117527,#D62728,False,
southwest,571,1,2024-06-29,1367.7230834960938,0.4696731537019406,#D62728,False,
southwest,571,1,2024-07-13,1368.1239013671875,0.1196571224671509,#D62728,False,
southwest,571,1,2024-07-14,1368.1198844909668,0.3718312063194073,#D62728,False,
southwest,571,1,2024-07-19,1367.75341796875,0.1506800473014876,#D62728,False,
southwest,571,1,2024-07-20,1367.593017578125,0.1442308379401489,#D62728,False,
southwest,571,1,2024-08-03,1336.5707785866475,0.8422656564808548,,True,right_gray_below_global_red_min_gt_3m
southwest,571,1,2024-08-04,1364.9534505208333,3.300301424021208,#CFCFCF,True,uncertainty_gt_1m
southwest,583,1,2024-06-18,1291.086669921875,4.912205089376674,#CFCFCF,True,uncertainty_gt_1m
southwest,583,1,2024-06-23,1307.4995171845849,0.2039265826921658,#D62728,False,
southwest,583,1,2024-06-28,1308.0264282226562,0.1650235107939737,#D62728,False,
southwest,583,1,2024-07-03,1309.0477294921875,0.2107524642060038,#D62728,False,
southwest,583,1,2024-07-09,1291.9586712381115,2.547789126609461,#CFCFCF,True,uncertainty_gt_1m
southwest,583,1,2024-07-14,1302.589874267578,3.5749149470332515,#CFCFCF,True,uncertainty_gt_1m
southwest,583,1,2024-07-19,1306.0936279296875,0.1171689037452781,#D62728,False,
southwest,583,1,2024-07-24,1305.292879971591,0.4132714005034256,,True,local_min_extreme_gt_1m
southwest,583,1,2024-07-30,1292.4444376627605,2.9494900512832256,#CFCFCF,True,uncertainty_gt_1m
southwest,583,1,2024-08-04,1305.9964599609375,0.0,,True,local_max_extreme_gt_1m
southwest,583,1,2024-08-08,1305.2037353515625,0.1756416843244645,#D62728,False,
southwest,583,1,2024-08-14,1304.6878662109375,1.6442664575825676,#D62728,True,uncertainty_gt_1m
southwest,588,1,2024-06-02,943.1377685546876,12.445697801612832,#CFCFCF,True,uncertainty_gt_1m
southwest,588,1,2024-06-08,938.221923828125,5.438853375297507,#CFCFCF,True,uncertainty_gt_1m
southwest,588,1,2024-06-12,920.8369750976562,0.3485433999027731,,True,pre_0613_gt_first_post_0613
southwest,588,1,2024-06-18,920.05859375,0.1019162121296657,#D62728,False,
southwest,588,1,2024-06-19,919.8052368164062,0.225753364767207,#D62728,False,
southwest,588,1,2024-06-23,920.0949096679688,1.8886545738118687,#D62728,True,uncertainty_gt_1m
southwest,588,1,2024-06-29,760.7180053710938,3.136300960688723,#CFCFCF,True,uncertainty_gt_1m
southwest,588,1,2024-07-03,918.0435791015624,0.1509612764255798,#D62728,False,
southwest,588,1,2024-07-09,917.88720703125,0.3340542803771029,#D62728,False,
southwest,588,1,2024-07-10,903.5618896484376,0.0,,True,gray_between_red_segments_out_of_both_sides
southwest,588,1,2024-07-14,918.534765625,0.7705366296057086,,True,local_max_extreme_gt_1m
southwest,588,1,2024-07-20,933.3868509928384,0.4294648346366589,,True,gray_between_red_segments_out_of_both_sides
southwest,588,1,2024-07-24,917.702606201172,0.3105982676238316,#D62728,False,
southwest,588,1,2024-08-04,935.3314514160156,3.6418789645146097,#CFCFCF,True,uncertainty_gt_1m
southwest,588,1,2024-08-14,917.7801818847656,0.3087972368928936,#D62728,False,
southwest,591,1,2024-06-01,1173.825927734375,19.446346842743136,#CFCFCF,True,uncertainty_gt_1m
southwest,591,1,2024-06-02,1217.7694721837197,24.205606718990754,#CFCFCF,True,uncertainty_gt_1m
southwest,591,1,2024-06-08,1222.9544474283855,21.92516533695447,#CFCFCF,True,uncertainty_gt_1m
southwest,591,1,2024-06-18,1193.31005859375,0.3814309543520698,#D62728,False,
southwest,591,1,2024-06-22,1193.851318359375,0.224836281139317,#D62728,False,
southwest,591,1,2024-06-22,1193.8673095703125,0.1938311055500576,#D62728,False,
southwest,591,1,2024-06-23,1194.135498046875,0.1869886431412525,#D62728,False,
southwest,591,1,2024-06-29,1208.1209106445312,10.65278117677463,#CFCFCF,True,uncertainty_gt_1m
southwest,591,1,2024-07-09,1192.5326538085938,0.2375643273717768,#D62728,False,
southwest,591,1,2024-07-13,1192.343994140625,0.1368007835517235,#D62728,False,
southwest,591,1,2024-07-14,1180.6572265625,0.0,,True,gray_between_red_segments_out_of_both_sides
southwest,591,1,2024-07-20,1221.9620232833058,8.242355388148269,#CFCFCF,True,uncertainty_gt_1m
southwest,591,1,2024-07-30,1191.9414576480262,0.343107312239585,#D62728,False,
southwest,591,1,2024-08-03,1192.1990966796875,0.0,#D62728,False,
southwest,591,1,2024-08-04,1191.5624389648438,0.8801454327848223,#D62728,False,
southwest,591,1,2024-08-09,1195.0398457845051,6.61179140192425,#CFCFCF,True,uncertainty_gt_1m
southwest,594,1,2024-06-01,1087.7611857096354,18.936795513134808,#CFCFCF,True,uncertainty_gt_1m
southwest,594,1,2024-06-02,1123.1142023259945,23.02014777932556,#CFCFCF,True,uncertainty_gt_1m
southwest,594,1,2024-06-18,1105.3500366210938,0.1330378071615322,#D62728,False,
southwest,594,1,2024-06-19,1104.7969970703125,0.2277615992568848,#D62728,False,
southwest,594,1,2024-06-22,1103.5186767578125,0.2789162399206398,#D62728,False,
southwest,594,1,2024-06-23,1103.588623046875,0.0,#D62728,False,
southwest,594,1,2024-07-09,1102.7631103515623,0.3496758841126093,#D62728,False,
southwest,594,1,2024-07-10,1102.8388671875,0.1063422307643831,#D62728,False,
southwest,594,1,2024-07-13,1102.6533203125,0.0,#D62728,False,
southwest,594,1,2024-07-14,1102.8692626953125,0.0,#D62728,False,
southwest,594,1,2024-07-20,1025.0657958984375,1.913296986301393,#CFCFCF,True,uncertainty_gt_1m
southwest,594,1,2024-07-31,1090.9757080078125,0.0,,True,gray_between_red_segments_out_of_both_sides
southwest,594,1,2024-08-03,1104.0093994140625,0.0,,True,local_max_extreme_gt_1m
southwest,594,1,2024-08-04,1102.380828857422,0.0988657689931636,#CFCFCF,False,
southwest,595,1,2024-06-01,1206.559326171875,0.272730516854666,,True,force_noise_pre_20240605
southwest,595,1,2024-06-02,1223.8231589577415,19.32169295336581,#CFCFCF,True,uncertainty_gt_1m
southwest,595,1,2024-06-08,1198.6727294921875,0.0,,True,gray_between_red_segments_out_of_both_sides
southwest,595,1,2024-06-22,1207.9140625,0.1864079972823465,#D62728,False,
southwest,595,1,2024-06-22,1207.8944091796875,0.1900634367646693,#D62728,False,
southwest,595,1,2024-06-23,1208.05126953125,0.1591643655653913,#D62728,False,
southwest,595,1,2024-06-28,1206.8961181640625,0.1545330120774613,#D62728,False,
southwest,595,1,2024-06-29,1206.800537109375,0.1336596243374748,#D62728,False,
southwest,595,1,2024-07-13,1206.1756591796875,0.1856498131407268,#D62728,False,
southwest,595,1,2024-07-14,1206.0526733398438,0.1262645645761373,#D62728,False,
southwest,595,1,2024-07-19,1206.7078247070312,0.1282374373892853,#D62728,False,
southwest,595,1,2024-07-20,1206.6275634765625,0.1122425336408054,#D62728,False,
southwest,595,1,2024-08-03,1202.7869154986213,0.3479589287449935,,True,gray_between_red_segments_out_of_both_sides
southwest,595,1,2024-08-08,1205.6171875,0.1970622429985825,#D62728,False,
southwest,595,1,2024-08-09,1205.591064453125,0.1320508009501245,#D62728,False,
southwest,596,1,2024-06-01,1254.12548828125,0.6439229232973199,,True,force_noise_pre_20240605
southwest,596,1,2024-06-02,1303.293701171875,0.0,,True,gray_between_red_segments_out_of_both_sides
southwest,596,1,2024-06-18,1257.9286063058037,5.756118737674815,#CFCFCF,True,uncertainty_gt_1m
southwest,596,1,2024-06-23,1254.7979248046877,0.3654581043391395,#D62728,False,
southwest,596,1,2024-06-28,1254.6458740234375,0.1480648091418267,#D62728,False,
southwest,596,1,2024-06-29,1254.6941528320312,0.3868539000470047,#D62728,False,
southwest,596,1,2024-07-19,1254.0820922851562,0.1104443419466533,#D62728,False,
southwest,596,1,2024-07-20,1254.028076171875,0.261437302895536,#D62728,False,
southwest,596,1,2024-07-24,1259.0422058105469,1.970877024107988,#CFCFCF,True,uncertainty_gt_1m
southwest,610,1,2024-06-01,1057.9725341796875,0.2599245804054533,,True,force_noise_pre_20240605
southwest,610,1,2024-06-02,1099.752494480299,1.2588747218967795,#CFCFCF,True,uncertainty_gt_1m
southwest,610,1,2024-06-12,1071.159423828125,0.0,,True,gray_between_red_segments_out_of_both_sides
southwest,610,1,2024-06-18,1058.706298828125,0.1857021310567992,#D62728,False,
southwest,610,1,2024-06-19,1058.731201171875,0.3640718736384764,#D62728,False,
southwest,610,1,2024-06-22,1058.2816772460938,0.12563722997828,#D62728,False,
southwest,610,1,2024-06-23,1046.0225423177085,3.3239171473682028,#CFCFCF,True,uncertainty_gt_1m
southwest,610,1,2024-07-09,1057.4970703125,0.1530689708926904,#D62728,False,
southwest,610,1,2024-07-10,1046.5720860072545,10.577425635023111,#CFCFCF,True,uncertainty_gt_1m
southwest,610,1,2024-07-13,1057.38720703125,0.1093825383645529,#D62728,False,
southwest,610,1,2024-07-14,1057.529052734375,0.0599038215507158,#D62728,False,
southwest,610,1,2024-07-30,1057.320068359375,0.0,#D62728,False,
southwest,610,1,2024-08-03,1056.67578125,0.2594203510458098,#D62728,False,
southwest,610,1,2024-08-04,1056.5731201171875,0.3720235870337956,#D62728,False,
southwest,616,1,2024-06-02,981.0651245117188,0.0,,True,force_noise_pre_20240605
southwest,616,1,2024-06-08,995.85693359375,0.0,,True,gray_between_red_segments_out_of_both_sides
southwest,616,1,2024-06-12,981.4383239746094,0.1590218630530316,,True,pre_0613_gt_first_post_0613
southwest,616,1,2024-06-18,981.4345703125,0.0970436404548159,#D62728,False,
southwest,616,1,2024-06-23,980.9107360839844,0.0891049133491773,#D62728,False,
southwest,616,1,2024-07-03,980.544894748264,0.2590038975293403,#D62728,False,
southwest,616,1,2024-07-09,980.3413696289062,0.1053214403506328,#D62728,False,
southwest,616,1,2024-07-14,980.1569853283112,0.279376487773436,#D62728,False,
southwest,616,1,2024-07-24,979.7626495361328,0.3003019701073951,#D62728,False,
southwest,616,1,2024-07-30,979.417449951172,0.1967079262658105,#D62728,False,
southwest,616,1,2024-08-04,979.2632751464844,0.1948058466162257,#D62728,False,
southwest,616,1,2024-08-09,997.7938842773438,0.0,,True,gray_between_red_segments_out_of_both_sides
southwest,616,1,2024-08-14,978.969564932364,0.4179565464831041,#D62728,False,
southwest,61,1,2024-06-02,1105.818701171875,1.6252836286431451,#D62728,True,uncertainty_gt_1m
southwest,61,1,2024-06-12,1105.3148803710938,0.675646150221894,,True,left_gray_far_from_nearest_red_gt_3m
southwest,61,1,2024-06-18,1119.622314453125,0.0,,True,edge_short_gray_above_nearest_red
southwest,61,1,2024-06-23,1112.3464965820312,2.2646662448201043,#D62728,True,uncertainty_gt_1m
southwest,61,1,2024-06-28,1113.83154296875,0.093569611609078,#D62728,False,
southwest,61,1,2024-06-29,1113.7440185546875,0.2013434157319499,#D62728,False,
southwest,61,1,2024-07-03,1112.8165283203125,0.0762283663672659,#D62728,False,
southwest,61,1,2024-07-14,1110.8314208984375,0.1793905823974003,#D62728,False,
southwest,61,1,2024-07-19,1110.0321044921875,0.139782852359125,#D62728,False,
southwest,61,1,2024-07-20,1109.7168579101562,0.1755202519217363,#D62728,False,
southwest,61,1,2024-07-24,1108.5445556640625,0.0848293781934354,#D62728,False,
southwest,61,1,2024-08-04,1116.465611436632,9.38601880111951,#CFCFCF,True,uncertainty_gt_1m
southwest,61,1,2024-08-08,1106.5230712890625,0.1130071827705068,#D62728,False,
southwest,61,1,2024-08-09,1106.498779296875,0.1635473263311179,#D62728,False,
southwest,61,1,2024-08-14,1105.279541015625,0.1586167574674888,#D62728,False,
southwest,625,1,2024-06-01,1322.5550435384114,1.6284694733828515,#CFCFCF,True,uncertainty_gt_1m
southwest,625,1,2024-06-02,1409.3157470703125,1.5372529372791404,#CFCFCF,True,uncertainty_gt_1m
southwest,625,1,2024-06-18,1384.3889702690972,4.00024131922313,#CFCFCF,True,uncertainty_gt_1m
southwest,625,1,2024-06-28,1361.398193359375,0.0,#D62728,False,
southwest,625,1,2024-07-13,1361.62158203125,0.23253391393195,#D62728,False,
southwest,625,1,2024-07-14,1417.1376708984376,0.2655825637129553,,True,gray_between_red_segments_out_of_both_sides
southwest,625,1,2024-07-19,1361.3401462720788,0.1296887079671003,#D62728,False,
southwest,625,1,2024-07-20,1361.3988647460938,0.2649164364862451,#D62728,False,
southwest,625,1,2024-08-08,1360.7688598632812,0.1848104620115826,#D62728,False,
southwest,626,1,2024-06-02,1190.1830111416905,2.196951732973107,#CFCFCF,True,uncertainty_gt_1m
southwest,626,1,2024-06-08,1151.9119349888392,4.271955067857633,#CFCFCF,True,uncertainty_gt_1m
southwest,626,1,2024-06-12,1171.1524658203125,0.3249296371128037,,True,pre_0613_gt_first_post_0613
southwest,626,1,2024-06-23,1170.778564453125,0.2012034567762443,#D62728,False,
southwest,626,1,2024-06-28,1170.5927124023438,0.183572761766323,#D62728,False,
southwest,626,1,2024-06-29,1170.6180419921875,0.2436285984307019,#D62728,False,
southwest,626,1,2024-07-03,1170.248779296875,0.2527946281769976,#D62728,False,
southwest,626,1,2024-07-14,1169.3732299804688,0.1258781234376959,#D62728,False,
southwest,626,1,2024-07-19,1169.824462890625,0.1510078517360517,#D62728,False,
southwest,626,1,2024-07-20,1169.6798095703125,0.2658517394636521,#D62728,False,
southwest,626,1,2024-07-24,1169.2152099609375,0.2753791007833078,#D62728,False,
southwest,626,1,2024-08-04,1167.409912109375,0.0,,True,local_min_extreme_gt_1m
southwest,626,1,2024-08-08,1168.883270263672,0.1756384770653473,#D62728,False,
southwest,626,1,2024-08-09,1169.014060974121,0.1598233133189621,#D62728,False,
southwest,626,1,2024-08-14,1168.8279418945312,0.2732515685753208,#D62728,False,
southwest,62,1,2024-06-01,1071.3568115234375,0.4808130014724836,,True,force_noise_pre_20240605
southwest,62,1,2024-06-02,1071.4674738103693,0.4594389344301729,,True,force_noise_pre_20240605
southwest,62,1,2024-06-08,1093.4484688895088,6.155468546389933,#CFCFCF,True,uncertainty_gt_1m
southwest,62,1,2024-06-18,1073.7213134765625,0.0971302307713952,#D62728,False,
southwest,62,1,2024-06-22,1078.434326171875,0.2122823133763951,,True,gray_between_red_segments_out_of_both_sides
southwest,62,1,2024-06-29,1084.8323364257812,6.00832378194458,#CFCFCF,True,uncertainty_gt_1m
southwest,62,1,2024-07-09,1075.0624389648438,0.1080649385164046,#D62728,False,
southwest,62,1,2024-07-13,1072.9791259765625,0.204457651488458,#D62728,False,
southwest,62,1,2024-07-14,1072.74609375,0.1138714230470617,#D62728,False,
southwest,62,1,2024-07-20,1072.2916870117188,0.0040568870502646,#D62728,False,
southwest,62,1,2024-07-30,1070.38330078125,0.1888613535153082,#D62728,False,
southwest,62,1,2024-08-03,1070.87060546875,0.2040387223123658,#D62728,False,
southwest,62,1,2024-08-04,1070.9598388671875,0.3017450602234535,#D62728,False,
southwest,62,1,2024-08-09,1071.1333770751953,0.2675993650397494,#D62728,False,
southwest,636,1,2024-06-12,1038.852282507945,0.1429016863473913,,True,edge_short_gray_above_nearest_red
southwest,636,1,2024-06-28,1036.99365234375,0.1518610100629855,#D62728,False,
southwest,636,1,2024-06-29,1037.0008951822915,0.274794137730067,#D62728,False,
southwest,636,1,2024-07-03,1036.396240234375,0.0,#D62728,False,
southwest,636,1,2024-07-14,981.083256648137,53.2072571291393,#CFCFCF,True,uncertainty_gt_1m
southwest,636,1,2024-07-19,1036.18115234375,0.1766180587483871,#D62728,False,
southwest,636,1,2024-07-20,1035.9478759765625,0.2262805995155389,#D62728,False,
southwest,636,1,2024-08-04,1081.0296630859375,0.0,,True,gray_between_red_segments_out_of_both_sides
southwest,636,1,2024-08-08,1035.503387451172,0.2304896194362699,#D62728,False,
southwest,636,1,2024-08-09,1035.4841918945312,0.2697398304697218,#D62728,False,
southwest,636,1,2024-08-14,1035.2841584578805,0.3718592011863316,#D62728,False,
southwest,638,1,2024-06-01,1324.752745017027,1.1995561462469104,#CFCFCF,True,uncertainty_gt_1m
southwest,638,1,2024-06-12,1335.2051391601562,0.6666242274296517,,True,left_gray_far_from_nearest_red_gt_3m
southwest,638,1,2024-06-28,1346.16748046875,0.0,,True,left_gray_far_from_nearest_red_gt_3m
southwest,638,1,2024-06-29,1351.9930419921875,0.0,#D62728,False,
southwest,638,1,2024-07-03,1352.3100036621097,0.2871832495140022,#D62728,False,
southwest,638,1,2024-07-09,1352.4661413122103,0.2532932331296695,#D62728,False,
southwest,638,1,2024-07-13,1352.5460205078125,0.1630287794087002,#D62728,False,
southwest,638,1,2024-07-19,1352.6260986328125,0.2518534571326775,#D62728,False,
southwest,638,1,2024-07-20,1352.3833273980852,0.1436348141518939,#D62728,False,
southwest,638,1,2024-07-24,1351.9375738099563,0.2400545726173104,#D62728,False,
southwest,638,1,2024-07-30,1351.700243079144,0.2335484382832188,#D62728,False,
southwest,638,1,2024-08-03,1323.2115783691406,1.080310299334732,#CFCFCF,True,uncertainty_gt_1m
southwest,638,1,2024-08-09,1351.861551920573,0.1296164004720331,#D62728,False,
southwest,638,1,2024-08-14,1351.9078465511925,0.1836042513738574,#D62728,False,
southwest,652,1,2024-06-01,1193.8989083426338,1.2024343403771427,#CFCFCF,True,uncertainty_gt_1m
southwest,652,1,2024-06-02,1277.358086081112,1.918717581518488,#CFCFCF,True,uncertainty_gt_1m
southwest,652,1,2024-06-08,1268.3679865056818,21.66419417408772,#CFCFCF,True,uncertainty_gt_1m
southwest,652,1,2024-06-12,1214.046122233073,0.9333670733340766,,True,left_gray_far_from_nearest_red_gt_3m
southwest,652,1,2024-06-18,1222.6724330357142,0.2354951249937911,#D62728,False,
southwest,652,1,2024-06-22,1222.9918701171875,0.511161053307005,#D62728,False,
southwest,652,1,2024-06-23,1222.9661865234375,0.5378600115955271,#D62728,False,
southwest,652,1,2024-07-03,1223.3649658203126,0.779994467851693,#D62728,False,
southwest,652,1,2024-07-09,1223.048130580357,0.1742724487829772,#D62728,False,
southwest,652,1,2024-07-13,1222.6936903733474,0.3159927609680609,#D62728,False,
southwest,652,1,2024-07-14,1222.3639526367188,0.6225624137711354,#D62728,False,
southwest,652,1,2024-07-20,1223.5263671875,0.0,,True,global_max_not_supported_by_neighbors
southwest,652,1,2024-07-24,1218.7795715332031,16.36333408420794,#CFCFCF,True,uncertainty_gt_1m
southwest,652,1,2024-07-30,1221.873807466947,0.1353188382558129,,True,local_min_extreme_gt_1m
southwest,652,1,2024-08-03,1222.6261080228364,0.5003073795624576,,True,local_max_extreme_gt_1m
southwest,652,1,2024-08-04,1221.8565673828125,0.4831925328226096,#D62728,False,
southwest,655,1,2024-06-01,1368.6912719726563,1.169488529526704,#CFCFCF,True,uncertainty_gt_1m
southwest,655,1,2024-06-08,1391.2188720703125,0.0,,True,pre_0613_gt_first_post_0613
southwest,655,1,2024-06-18,1390.686991373698,0.1116561538868898,#D62728,False,
southwest,655,1,2024-06-22,1368.9603678385415,1.2569851158152836,#CFCFCF,True,uncertainty_gt_1m
southwest,655,1,2024-07-03,1390.3053792317708,0.2525092823628105,#D62728,False,
southwest,655,1,2024-07-13,1390.6174621582031,0.1734892832286678,#D62728,False,
southwest,655,1,2024-07-19,1390.3521205357142,0.3875689219073667,#D62728,False,
southwest,655,1,2024-07-20,1390.552734375,0.1322961510546439,#D62728,False,
southwest,655,1,2024-07-24,1390.3309326171875,0.2261498738658147,#D62728,False,
southwest,655,1,2024-07-30,1390.3388296274038,0.0917970721587476,#D62728,False,
southwest,655,1,2024-08-03,1368.5168914794922,1.1496806019138848,#CFCFCF,True,uncertainty_gt_1m
southwest,655,1,2024-08-09,1390.2564697265625,0.117915454437394,#D62728,False,
southwest,655,1,2024-08-14,1390.1501770019531,0.1284801994745318,#D62728,False,
southwest,658,1,2024-06-01,895.6544799804688,1.051080190283694,#CFCFCF,True,uncertainty_gt_1m
southwest,658,1,2024-06-02,929.3897501627604,0.3569249009480194,,True,edge_short_gray_above_nearest_red
southwest,658,1,2024-06-18,897.2666735379202,0.2287391621598469,#D62728,False,
southwest,658,1,2024-06-19,897.0219686359702,0.44372486190939,#D62728,False,
southwest,658,1,2024-06-22,896.5792236328125,0.2761264466601162,#D62728,False,
southwest,658,1,2024-06-23,943.2640075683594,3.2590353124813025,#CFCFCF,True,uncertainty_gt_1m
southwest,658,1,2024-07-09,895.6814575195312,0.2304834697684751,#D62728,False,
southwest,658,1,2024-07-10,926.7361206054688,17.075073705670526,#CFCFCF,True,uncertainty_gt_1m
southwest,658,1,2024-07-13,895.1369018554688,0.2198984555946621,#D62728,False,
southwest,658,1,2024-07-14,893.2264556884766,2.652070350960656,#D62728,True,uncertainty_gt_1m
southwest,658,1,2024-07-30,894.3939819335938,0.1739883126314047,#D62728,False,
southwest,658,1,2024-07-31,923.302001953125,0.0,,True,gray_between_red_segments_out_of_both_sides
southwest,658,1,2024-08-03,894.4110717773438,0.2816633654454115,#D62728,False,
southwest,658,1,2024-08-04,947.3213500976562,0.0,,True,gray_between_red_segments_out_of_both_sides
southwest,658,1,2024-08-14,894.3048522949218,0.2831997451303613,#D62728,False,
southwest,661,1,2024-06-01,1246.7850632440477,1.012952113100074,#CFCFCF,True,uncertainty_gt_1m
southwest,661,1,2024-06-02,1333.7236328125,1.0356941696853708,#CFCFCF,True,uncertainty_gt_1m
southwest,661,1,2024-06-22,1282.5987955729167,0.6620776226040684,,True,left_gray_far_from_nearest_red_gt_3m
southwest,661,1,2024-06-23,1289.5478515625,0.063011224397727,#D62728,False,
southwest,661,1,2024-06-28,1289.6143798828125,0.2267316720301115,#D62728,False,
southwest,661,1,2024-06-29,1289.4515380859375,0.2691477384336347,#D62728,False,
southwest,661,1,2024-07-13,1288.2669677734375,0.1215894479051903,#D62728,False,
southwest,661,1,2024-07-19,1288.223388671875,0.1680599180950241,#D62728,False,
southwest,661,1,2024-07-20,1288.14599609375,0.1504656163462945,#D62728,False,
southwest,661,1,2024-08-03,1288.17236328125,0.0,#D62728,False,
southwest,661,1,2024-08-08,1280.1582641601562,1.2351368532823293,#CFCFCF,True,uncertainty_gt_1m
southwest,661,1,2024-08-09,1287.5072428385415,0.0962956310866343,#D62728,False,
southwest,667,1,2024-06-01,1305.5401505180027,13.45202855974777,#CFCFCF,True,uncertainty_gt_1m
southwest,667,1,2024-06-02,1343.0947846912202,0.648316702652661,,True,force_noise_pre_20240605
southwest,667,1,2024-06-18,1368.7274780273438,13.432508023483004,#CFCFCF,True,uncertainty_gt_1m
southwest,667,1,2024-06-22,1341.9700927734375,0.0,,True,local_min_extreme_gt_1m
southwest,667,1,2024-06-23,1342.5435454269934,0.4548091010176436,#D62728,False,
southwest,667,1,2024-06-28,1342.7552490234375,0.0,#D62728,False,
southwest,667,1,2024-07-09,1343.4572021484375,0.8033160941759334,#D62728,False,
southwest,667,1,2024-07-13,1344.0488959418403,0.2031488284734014,#D62728,False,
southwest,667,1,2024-07-14,1330.9611088679387,1.87298752614944,#CFCFCF,True,uncertainty_gt_1m
southwest,667,1,2024-07-19,1344.3479614257812,0.1912550371469508,#D62728,False,
southwest,667,1,2024-08-03,1343.140625,0.0,#D62728,False,
southwest,667,1,2024-08-04,1330.7605150799418,2.064807091511786,#CFCFCF,True,uncertainty_gt_1m
southwest,667,1,2024-08-08,1340.5777587890625,0.0,#CFCFCF,False,
southwest,668,1,2024-06-02,915.1659545898438,0.0,,True,left_gray_far_from_nearest_red_gt_3m
southwest,668,1,2024-06-08,953.083251953125,0.4461253364425162,#D62728,False,
southwest,668,1,2024-06-12,954.2644653320312,0.392549134952574,#D62728,False,
southwest,668,1,2024-06-18,954.7347717285156,0.2034468349178183,#D62728,False,
southwest,668,1,2024-07-09,952.2267456054688,0.213420069584596,#D62728,False,
southwest,668,1,2024-07-20,952.1915588378906,0.3560304305281095,#D62728,False,
southwest,668,1,2024-07-24,951.9385681152344,0.3903348208695775,#D62728,False,
southwest,668,1,2024-07-30,952.2451782226562,0.8242488437510119,#D62728,False,
southwest,668,1,2024-08-09,953.5794067382812,1.8240261491844607,#D62728,True,uncertainty_gt_1m
southwest,668,1,2024-08-14,951.1167602539062,0.3695124942987755,#D62728,False,
southwest,677,1,2024-06-02,918.459991455078,0.0102285343714118,,True,edge_short_gray_above_nearest_red
southwest,677,1,2024-06-12,916.4132080078124,0.181423216113457,,True,pre_0613_gt_first_post_0613
southwest,677,1,2024-06-18,916.1304321289062,0.1640273825697441,#D62728,False,
southwest,677,1,2024-06-19,916.3504333496094,0.2307688827939498,#D62728,False,
southwest,677,1,2024-06-23,936.3051147460938,0.0,,True,gray_between_red_segments_out_of_both_sides
southwest,677,1,2024-07-03,914.9605102539062,0.2183020484883081,#D62728,False,
southwest,677,1,2024-07-09,914.6953125,0.2420179916659478,#D62728,False,
southwest,677,1,2024-07-10,914.7274780273438,0.2074944256794083,#D62728,False,
southwest,677,1,2024-07-14,916.0263244628908,2.3479873098063657,#D62728,True,uncertainty_gt_1m
southwest,677,1,2024-07-24,914.2391357421876,0.3947736284344234,#D62728,False,
southwest,677,1,2024-07-30,913.7980194091796,0.6210925570491086,#D62728,False,
southwest,677,1,2024-07-31,912.9818115234376,0.0,,True,local_min_extreme_gt_1m
southwest,677,1,2024-08-04,915.6653224400112,1.4422945171893484,#CFCFCF,True,uncertainty_gt_1m
southwest,677,1,2024-08-14,913.9933776855468,0.6893801714582619,#D62728,False,
southwest,67,1,2024-06-01,1122.3177897135415,4.960111319839684,#CFCFCF,True,uncertainty_gt_1m
southwest,67,1,2024-06-12,1171.2031928168403,1.1810927155005928,#CFCFCF,True,uncertainty_gt_1m
southwest,67,1,2024-06-19,1126.6792542700673,0.4294302501930695,,True,left_gray_far_from_nearest_red_gt_3m
southwest,67,1,2024-07-03,1166.667236328125,0.0,,True,edge_short_gray_above_nearest_red
southwest,67,1,2024-07-09,1132.1368408203125,0.1401993687306047,#D62728,False,
southwest,67,1,2024-07-10,1132.3765269496985,0.3418102978953545,#D62728,False,
southwest,67,1,2024-07-14,1132.9892400568183,0.2896754240167121,#D62728,False,
southwest,67,1,2024-07-24,1158.9658203125,17.216565473865526,#CFCFCF,True,uncertainty_gt_1m
southwest,67,1,2024-07-30,1136.4830499464465,0.1836767661863645,#D62728,False,
southwest,67,1,2024-07-31,1136.423828125,0.2938766002936846,#D62728,False,
southwest,67,1,2024-08-03,1136.6366773332868,0.1832982417371102,#D62728,False,
southwest,67,1,2024-08-04,1136.916015625,0.4080246136925153,#D62728,False,
southwest,67,1,2024-08-14,1170.0657958984375,0.0,,True,edge_short_gray_above_nearest_red
southwest,680,1,2024-06-01,1232.5554317351312,0.4367712620023044,,True,left_gray_far_from_nearest_red_gt_3m
southwest,680,1,2024-06-02,1320.3675248579543,0.7475897153042993,,True,left_gray_far_from_nearest_red_gt_3m
southwest,680,1,2024-06-08,1335.0281168619792,0.5975857653640406,,True,left_gray_far_from_nearest_red_gt_3m
southwest,680,1,2024-06-22,1283.427001953125,0.317739818172197,#D62728,False,
southwest,680,1,2024-06-22,1283.4561593191963,0.2739868347528361,#D62728,False,
southwest,680,1,2024-06-23,1318.9241943359375,0.1826010268201388,,True,gray_between_red_segments_out_of_both_sides
southwest,680,1,2024-06-29,1283.6433313248006,0.3022384777184289,#D62728,False,
southwest,680,1,2024-07-13,1283.2163116972324,0.1492836034295613,#D62728,False,
southwest,680,1,2024-07-14,1318.461181640625,0.0,,True,gray_between_red_segments_out_of_both_sides
southwest,680,1,2024-07-20,1283.130182160804,0.2215360729218896,#D62728,False,
southwest,680,1,2024-08-03,1282.8268636067708,0.4223502251482551,#D62728,False,
southwest,680,1,2024-08-04,1282.5816301618304,0.1972206960229306,#D62728,False,
southwest,681,1,2024-06-01,1365.7695160909416,6.725027901351571,#D62728,True,uncertainty_gt_1m
southwest,681,1,2024-06-08,1365.332550048828,1.1927224247598365,#D62728,True,uncertainty_gt_1m
southwest,681,1,2024-06-12,1371.25146484375,0.0,#D62728,False,
southwest,681,1,2024-06-22,1360.8600695379848,5.419787440300007,#CFCFCF,True,uncertainty_gt_1m
southwest,681,1,2024-06-22,1358.4334936923667,1.3792994061208317,#CFCFCF,True,uncertainty_gt_1m
southwest,681,1,2024-06-28,1372.2257893880208,0.227548241600692,#D62728,False,
southwest,681,1,2024-06-29,1366.0269775390625,0.0,,True,gray_between_red_segments_out_of_both_sides
southwest,681,1,2024-07-03,1372.7942504882812,0.1910782802291981,#D62728,False,
southwest,681,1,2024-07-13,1371.9967171805245,0.1784584481863602,#D62728,False,
southwest,681,1,2024-07-19,1371.8319091796875,0.1331742893855455,#D62728,False,
southwest,681,1,2024-07-20,1371.8858642578125,0.1349391035057939,#D62728,False,
southwest,681,1,2024-07-24,1371.605933449485,0.430123704614097,#D62728,False,
southwest,681,1,2024-08-03,1361.1872147540655,5.57035631230902,#CFCFCF,True,uncertainty_gt_1m
southwest,681,1,2024-08-08,1365.0467529296875,0.0,,True,gray_between_red_segments_out_of_both_sides
southwest,681,1,2024-08-09,1363.85498046875,0.3453270398469217,,True,gray_between_red_segments_out_of_both_sides
southwest,681,1,2024-08-14,1371.2289672851562,0.324269121135974,#D62728,False,
southwest,696,1,2024-06-12,1038.0540161132812,0.3229707263065459,#D62728,False,
southwest,696,1,2024-06-28,1038.0761108398438,0.2006236330201855,#D62728,False,
southwest,696,1,2024-06-29,1038.0099487304688,0.1536520158483013,#D62728,False,
southwest,696,1,2024-07-03,1037.4999633789062,0.0237338126102463,#D62728,False,
southwest,696,1,2024-07-14,927.9721069335938,0.9144724941198524,,True,gray_between_red_segments_out_of_both_sides
southwest,696,1,2024-07-19,1036.748291015625,0.2888583366201056,#D62728,False,
southwest,696,1,2024-07-20,1036.6334228515625,0.1297881059988453,#D62728,False,
southwest,696,1,2024-07-24,1036.246826171875,0.1931661326856697,#D62728,False,
southwest,696,1,2024-08-08,1036.059814453125,0.298713197815001,#D62728,False,
southwest,696,1,2024-08-14,1035.826650766226,0.1800713367944835,#D62728,False,
southwest,69,1,2024-06-01,1243.7489013671875,0.6991984766422786,,True,force_noise_pre_20240605
southwest,69,1,2024-06-02,1243.5260009765625,0.4745339514776899,,True,force_noise_pre_20240605
southwest,69,1,2024-06-08,1237.4621988932292,0.5764906868669006,,True,gray_between_red_segments_out_of_both_sides
southwest,69,1,2024-06-18,1228.0157063802085,2.471850492417816,#CFCFCF,True,uncertainty_gt_1m
southwest,69,1,2024-06-29,1236.090362548828,0.2271644526505161,,True,gray_between_red_segments_out_of_both_sides
southwest,69,1,2024-07-09,1242.7484741210938,0.0045747875247664,#D62728,False,
southwest,69,1,2024-07-14,1235.2452799479167,0.2782837246944194,,True,gray_between_red_segments_out_of_both_sides
southwest,69,1,2024-07-20,1242.6046752929688,0.1387110104207497,#D62728,False,
southwest,69,1,2024-07-30,1243.6702443592585,0.1277226398241266,#D62728,False,
southwest,69,1,2024-08-03,1243.8111336691338,0.3170861263398754,#D62728,False,
southwest,69,1,2024-08-04,1243.7344970703125,0.105455305867402,#D62728,False,
southwest,69,1,2024-08-09,1244.493896484375,0.2484767822782794,#D62728,False,
southwest,700,1,2024-06-01,1118.472900390625,0.8305043905688445,,True,force_noise_pre_20240605
southwest,700,1,2024-06-02,1120.085205078125,0.1318999147006133,,True,gray_between_red_segments_out_of_both_sides
southwest,700,1,2024-06-08,1153.10693359375,0.1681731555000004,,True,gray_between_red_segments_out_of_both_sides
southwest,700,1,2024-06-12,1118.3212280273438,0.6177703510273922,#D62728,False,
southwest,700,1,2024-06-18,1119.4151322214227,0.3052150318326698,#D62728,False,
southwest,700,1,2024-06-22,1120.3119506835938,0.3504432669327576,#D62728,False,
southwest,700,1,2024-06-22,1120.3863525390625,0.3324766218337946,#D62728,False,
southwest,700,1,2024-06-23,1126.3680419921875,0.0,,True,gray_between_red_segments_out_of_both_sides
southwest,700,1,2024-06-28,1121.0474243164062,0.2315662893580185,#D62728,False,
southwest,700,1,2024-06-29,1121.2969970703125,0.0911635218346178,#D62728,False,
southwest,700,1,2024-07-03,1118.3356323242188,0.1853635339879375,#D62728,False,
southwest,700,1,2024-07-09,1117.9674072265625,0.2379478316039666,#D62728,False,
southwest,700,1,2024-07-13,1117.1856689453125,0.3182969177040053,#D62728,False,
southwest,700,1,2024-07-14,1127.1085205078125,0.0,,True,gray_between_red_segments_out_of_both_sides
southwest,700,1,2024-07-19,1117.5631103515625,0.2223957333258559,#D62728,False,
southwest,700,1,2024-07-20,1117.0865478515625,0.4585463927330065,#D62728,False,
southwest,700,1,2024-07-24,1116.7462158203125,0.1689433651807469,#D62728,False,
southwest,700,1,2024-07-30,1116.8236083984375,0.2622320792900963,#D62728,False,
southwest,700,1,2024-08-03,1116.7086181640625,0.2662267110717656,#D62728,False,
southwest,700,1,2024-08-04,1119.0036865234374,0.9580424490139484,,True,gray_between_red_segments_out_of_both_sides
southwest,700,1,2024-08-08,1116.3795166015625,0.2331567082011565,#D62728,False,
southwest,700,1,2024-08-09,1116.2763671875,0.4226382838624964,#D62728,False,
southwest,700,1,2024-08-14,1116.39404296875,0.2145180971602613,#D62728,False,
southwest,704,1,2024-06-02,1271.6644236246746,0.5658146658189297,,True,edge_short_gray_above_nearest_red
southwest,704,1,2024-06-18,1252.0172447791467,0.2652652686193418,#D62728,False,
southwest,704,1,2024-06-23,1251.229248046875,0.0,#D62728,False,
southwest,704,1,2024-06-28,1250.74365234375,0.2411999898305035,#D62728,False,
southwest,704,1,2024-07-09,1250.6531295776367,0.2432021520043785,#D62728,False,
southwest,704,1,2024-07-19,1249.9786376953125,0.1627244470468971,#D62728,False,
southwest,704,1,2024-08-04,1270.2048034667969,0.2701256757806012,,True,gray_between_red_segments_out_of_both_sides
southwest,704,1,2024-08-08,1249.1676025390625,0.2557827022809765,#D62728,False,
southwest,709,1,2024-06-01,1352.7941453000333,11.09461928824474,#CFCFCF,True,uncertainty_gt_1m
southwest,709,1,2024-06-08,1361.7208251953125,0.2043980539367364,#D62728,False,
southwest,709,1,2024-06-12,1347.1425993546195,3.259169740059003,#CFCFCF,True,uncertainty_gt_1m
southwest,709,1,2024-06-28,1357.613037109375,0.0,,True,gray_between_red_segments_out_of_both_sides
southwest,709,1,2024-07-03,1361.7811279296875,0.0958491216896364,#D62728,False,
southwest,709,1,2024-07-09,1361.449462890625,0.0,#D62728,False,
southwest,709,1,2024-07-13,1360.9810791015625,0.0920140249851679,#D62728,False,
southwest,709,1,2024-07-19,1361.334716796875,0.2970686976335648,#D62728,False,
southwest,709,1,2024-07-20,1361.8277587890625,0.097444070412998,#D62728,False,
southwest,709,1,2024-07-24,1361.036572265625,0.115657716317295,#D62728,False,
southwest,709,1,2024-07-30,1360.613525390625,0.3880715774364894,#D62728,False,
southwest,709,1,2024-08-03,1350.312349207261,11.398203310375337,#CFCFCF,True,uncertainty_gt_1m
southwest,709,1,2024-08-09,1360.3673095703125,0.0,#D62728,False,
southwest,709,1,2024-08-14,1360.6789376395088,0.1715107229096239,#D62728,False,
southwest,713,1,2024-06-01,1228.9317626953125,0.2331812778060423,,True,force_noise_pre_20240605
southwest,713,1,2024-06-02,1229.3153686523438,0.0544658665684462,,True,force_noise_pre_20240605
southwest,713,1,2024-06-08,1218.4623291015623,0.9817775699104412,,True,gray_between_red_segments_out_of_both_sides
southwest,713,1,2024-06-12,1232.112274169922,11.789948551010973,#CFCFCF,True,uncertainty_gt_1m
southwest,713,1,2024-06-18,1228.9881036931818,0.1615309759743617,#D62728,False,
southwest,713,1,2024-06-22,1229.362548828125,0.1261346893636976,#D62728,False,
southwest,713,1,2024-06-23,1230.0550537109375,0.6480948243616258,#D62728,False,
southwest,713,1,2024-06-29,1229.1571655273438,0.2678956206546854,#D62728,False,
southwest,713,1,2024-07-03,1228.8004760742188,0.092438824611083,#D62728,False,
southwest,713,1,2024-07-09,1229.0636596679688,0.1097299164999807,#D62728,False,
southwest,713,1,2024-07-13,1228.444091796875,0.1989470973349792,,True,local_min_extreme_gt_1m
southwest,713,1,2024-07-14,1229.0309448242188,0.3989452398478513,#D62728,False,
southwest,713,1,2024-07-20,1228.8332737513952,0.3031547443371903,#D62728,False,
southwest,713,1,2024-07-24,1228.3551025390625,0.0885678331704055,#D62728,False,
southwest,713,1,2024-07-30,1227.9197998046875,0.1857848002356025,#D62728,False,
southwest,713,1,2024-08-03,1228.066796875,0.1906796122157931,#D62728,False,
southwest,713,1,2024-08-04,1228.18603515625,0.4811336445573504,#D62728,False,
southwest,713,1,2024-08-09,1228.1831082430754,0.3761958946460719,#D62728,False,
southwest,713,1,2024-08-14,1227.6919555664062,0.1721055815116612,#D62728,False,
southwest,717,1,2024-06-02,1243.3918563179348,0.3436615588034024,,True,force_noise_pre_20240605
southwest,717,1,2024-06-12,1243.5262451171875,0.0,#D62728,False,
southwest,717,1,2024-06-18,1243.8648681640625,0.2787806487500732,#D62728,False,
southwest,717,1,2024-06-23,1244.2355346679688,0.3948787510044799,#D62728,False,
southwest,717,1,2024-06-28,1243.8104858398438,0.0884602209333857,#D62728,False,
southwest,717,1,2024-07-03,1243.5378318319515,0.069212202410873,#D62728,False,
southwest,717,1,2024-07-09,1243.1356201171875,0.1809200653162181,#D62728,False,
southwest,717,1,2024-07-14,1243.019287109375,0.2843150257043829,#D62728,False,
southwest,717,1,2024-07-19,1243.046142578125,0.0836503516656481,#D62728,False,
southwest,717,1,2024-07-24,1242.3424072265625,0.1141710104855391,,True,local_min_extreme_gt_1m
southwest,717,1,2024-07-30,1243.0927734375,0.0,#D62728,False,
southwest,717,1,2024-08-04,1242.6790771484375,0.1660786074890057,#D62728,False,
southwest,717,1,2024-08-08,1242.1971435546875,0.0816041108754531,#D62728,False,
southwest,717,1,2024-08-14,1242.043701171875,0.130774970123069,#D62728,False,
southwest,720,1,2024-06-01,1248.24951171875,0.2718647485386101,,True,force_noise_pre_20240605
southwest,720,1,2024-06-02,1248.506103515625,0.1859621453714687,,True,force_noise_pre_20240605
southwest,720,1,2024-06-08,1242.0649820963542,0.6488843129123592,,True,gray_between_red_segments_out_of_both_sides
southwest,720,1,2024-06-22,1248.6584167480469,0.1367116790032863,#D62728,False,
southwest,720,1,2024-06-22,1241.3545532226562,0.0018126516607565,,True,gray_between_red_segments_out_of_both_sides
southwest,720,1,2024-06-23,1248.863037109375,0.280239670034083,#D62728,False,
southwest,720,1,2024-06-28,1248.6605224609375,0.2878122576735156,#D62728,False,
southwest,720,1,2024-06-29,1248.7156982421875,0.1242040480488834,#D62728,False,
southwest,720,1,2024-07-13,1247.95703125,0.2030916573278604,#D62728,False,
southwest,720,1,2024-07-14,1248.354736328125,0.1866168043121723,#D62728,False,
southwest,720,1,2024-07-19,1248.1661376953125,0.3228901236825336,#D62728,False,
southwest,720,1,2024-07-20,1248.2743624834948,0.1427666921954472,#D62728,False,
southwest,720,1,2024-08-03,1247.5091064453125,0.7651944146620115,#D62728,False,
southwest,720,1,2024-08-04,1247.958251953125,0.0,#D62728,False,
southwest,720,1,2024-08-08,1247.9618326822915,0.2585281015987747,#D62728,False,
southwest,720,1,2024-08-09,1247.2764078776042,0.4086354413713906,#D62728,False,
southwest,722,1,2024-06-12,1000.4097900390624,0.1626613745959925,,True,pre_0613_gt_first_post_0613
southwest,722,1,2024-06-23,867.1637878417969,2.565376842072117,#CFCFCF,True,uncertainty_gt_1m
southwest,722,1,2024-06-28,998.9108019377056,0.2167301918513413,,True,local_min_extreme_gt_1m
southwest,722,1,2024-06-29,999.5897827148438,0.0,,True,local_max_extreme_gt_1m
southwest,722,1,2024-07-03,998.6473127092634,0.2108008620831322,#D62728,False,
southwest,722,1,2024-07-14,1001.8743286132812,0.5007816069210406,,True,gray_between_red_segments_out_of_both_sides
southwest,722,1,2024-07-19,998.0635240342882,0.3833956385768512,#D62728,False,
southwest,722,1,2024-07-20,997.8340735802284,0.199298779636932,#D62728,False,
southwest,722,1,2024-07-24,997.8334594726564,0.1791866994533212,#D62728,False,
southwest,722,1,2024-08-04,895.2787475585938,0.3400634406311117,,True,gray_between_red_segments_out_of_both_sides
southwest,722,1,2024-08-09,998.5247192382812,0.0,,True,local_max_extreme_gt_1m
southwest,722,1,2024-08-14,997.8504028320312,0.0795840395817867,#D62728,False,
southwest,728,1,2024-06-01,831.2947998046875,0.8705294415947483,,True,force_noise_pre_20240605
southwest,728,1,2024-06-02,830.2536010742188,0.0,,True,force_noise_pre_20240605
southwest,728,1,2024-06-08,851.5690307617188,1.4902753958228216,#CFCFCF,True,uncertainty_gt_1m
southwest,728,1,2024-06-12,832.2750244140625,0.4401472208742818,,True,gray_between_red_segments_out_of_both_sides
southwest,728,1,2024-06-18,829.8127136230469,0.2748433527336905,#D62728,False,
southwest,728,1,2024-06-19,829.6133748372396,0.3267866178353544,#D62728,False,
southwest,728,1,2024-06-22,829.4849008413462,0.2937136880628365,#D62728,False,
southwest,728,1,2024-06-23,830.0088806152344,1.2502549038203794,#D62728,True,uncertainty_gt_1m
southwest,728,1,2024-07-03,830.5953369140625,1.0932789931097502,#D62728,True,uncertainty_gt_1m
southwest,728,1,2024-07-09,829.0400390625,0.0953800040540936,#D62728,False,
southwest,728,1,2024-07-14,841.2794799804688,0.0779440214125308,,True,gray_between_red_segments_out_of_both_sides
southwest,728,1,2024-07-24,828.9324951171875,0.7532950206152746,#D62728,False,
southwest,728,1,2024-08-04,832.8274536132812,0.0,,True,gray_between_red_segments_out_of_both_sides
southwest,728,1,2024-08-14,829.317880483774,0.666504870331899,#D62728,False,
southwest,72,1,2024-06-01,1046.6249389648438,0.5019318765380584,,True,force_noise_pre_20240605
southwest,72,1,2024-06-02,1046.232177734375,0.5911533180188709,,True,force_noise_pre_20240605
southwest,72,1,2024-06-08,1072.5827229817708,1.3461349761429806,#CFCFCF,True,uncertainty_gt_1m
southwest,72,1,2024-06-18,1046.4564208984375,0.169414063936708,#D62728,False,
southwest,72,1,2024-06-18,1046.4613647460938,0.1299341204367333,#D62728,False,
southwest,72,1,2024-06-19,1046.6103515625,0.3106737866159881,#D62728,False,
southwest,72,1,2024-06-22,1046.980712890625,0.2118759435798387,#D62728,False,
southwest,72,1,2024-06-23,1047.2015991210938,0.232537107458899,#D62728,False,
southwest,72,1,2024-06-29,1058.1776123046875,0.5957257313425562,,True,gray_between_red_segments_out_of_both_sides
southwest,72,1,2024-07-09,1048.4417724609375,0.0987909859357454,#D62728,False,
southwest,72,1,2024-07-09,1048.4136962890625,0.1102814792304945,#D62728,False,
southwest,72,1,2024-07-10,1048.4384765625,0.3116311692095674,#D62728,False,
southwest,72,1,2024-07-13,1048.6988525390625,0.1468382138827478,#D62728,False,
southwest,72,1,2024-07-14,1048.679443359375,0.3566156313918466,#D62728,False,
southwest,72,1,2024-07-20,975.1637115478516,1.1724850998970382,#CFCFCF,True,uncertainty_gt_1m
southwest,72,1,2024-07-30,1050.2733154296875,0.103961570783883,#D62728,False,
southwest,72,1,2024-07-30,1050.254638671875,0.0762832195718807,#D62728,False,
southwest,72,1,2024-07-31,1050.128173828125,0.2660326914215359,#D62728,False,
southwest,72,1,2024-08-03,1050.3016357421875,0.1634488671289989,#D62728,False,
southwest,72,1,2024-08-04,1050.3980712890625,0.2309769883898438,#D62728,False,
southwest,72,1,2024-08-09,1050.4658203125,0.3254095120939576,#D62728,False,
southwest,733,1,2024-06-01,1048.8798828125,0.4541163671124307,,True,force_noise_pre_20240605
southwest,733,1,2024-06-02,1081.2751871744792,0.5334586391793228,,True,gray_between_red_segments_out_of_both_sides
southwest,733,1,2024-06-08,1062.649658203125,0.0,,True,gray_between_red_segments_out_of_both_sides
southwest,733,1,2024-06-12,1049.0752631293403,0.4229059123251947,#D62728,False,
southwest,733,1,2024-06-18,1049.652099609375,0.1287533407382957,#D62728,False,
southwest,733,1,2024-06-22,1048.900146484375,0.2725346386488728,#D62728,False,
southwest,733,1,2024-06-22,1048.7821044921875,0.3569329227408357,#D62728,False,
southwest,733,1,2024-06-23,1048.8946533203125,0.152604468229254,#D62728,False,
southwest,733,1,2024-07-03,1048.5659790039062,0.1636462077754475,#D62728,False,
southwest,733,1,2024-07-09,1048.037353515625,0.277384044660655,#D62728,False,
southwest,733,1,2024-07-13,1048.0568084716797,0.4919306283173636,#D62728,False,
southwest,733,1,2024-07-14,1047.8662719726562,0.8073205230026586,#D62728,False,
southwest,733,1,2024-07-24,1047.5316349909856,0.2995887659991096,#D62728,False,
southwest,733,1,2024-08-03,1041.9090576171875,0.0,,True,gray_between_red_segments_out_of_both_sides
southwest,733,1,2024-08-04,1046.7407836914062,0.4365037832593226,,True,local_min_extreme_gt_1m
southwest,733,1,2024-08-14,1047.396623883929,0.6679937288420202,#D62728,False,
southwest,734,1,2024-06-01,1377.5310945429353,4.730850053282624,#CFCFCF,True,uncertainty_gt_1m
southwest,734,1,2024-06-08,1383.6865234375,0.3937769941129186,,True,pre_0613_gt_first_post_0613
southwest,734,1,2024-06-12,1383.6451822916667,0.3467605782999057,,True,pre_0613_gt_first_post_0613
southwest,734,1,2024-06-22,1373.8240661621094,0.2924065909412158,,True,gray_between_red_segments_out_of_both_sides
southwest,734,1,2024-06-22,1373.6504745483398,0.4181368815687827,,True,gray_between_red_segments_out_of_both_sides
southwest,734,1,2024-06-28,1382.233642578125,0.0,,True,local_min_extreme_gt_1m
southwest,734,1,2024-07-03,1383.5331049900428,0.1437222889843915,#D62728,False,
southwest,734,1,2024-07-13,1383.9001883370536,0.0760062010807446,#D62728,False,
southwest,734,1,2024-07-19,1383.3355712890625,0.2168368549923476,#D62728,False,
southwest,734,1,2024-07-20,1383.1396484375,0.128098540077716,#D62728,False,
southwest,734,1,2024-07-24,1383.0200134277345,0.1880756312386895,#D62728,False,
southwest,734,1,2024-08-03,1376.2306035951126,4.240987760549811,#CFCFCF,True,uncertainty_gt_1m
southwest,734,1,2024-08-09,1382.490987141927,0.190916129834146,#D62728,False,
southwest,734,1,2024-08-14,1363.6754847935267,1.696227943609835,#CFCFCF,True,uncertainty_gt_1m
southwest,737,1,2024-06-01,1142.12533203125,0.7285543040489544,,True,left_gray_far_from_nearest_red_gt_3m
southwest,737,1,2024-06-02,1227.6593982785248,0.818751354122004,,True,left_gray_far_from_nearest_red_gt_3m
southwest,737,1,2024-06-18,1186.2753080480238,0.4060005216922013,#CFCFCF,False,
southwest,737,1,2024-06-22,1187.81640625,0.56348608263459,#D62728,False,
southwest,737,1,2024-06-22,1187.728271484375,0.3140964299375202,#D62728,False,
southwest,737,1,2024-06-23,1187.8723754882812,0.3135523873721575,#D62728,False,
southwest,737,1,2024-06-29,1186.815149255701,0.2889918004098399,#D62728,False,
southwest,737,1,2024-07-09,1185.7255452473958,0.3815409745592197,#D62728,False,
southwest,737,1,2024-07-14,1175.7675170898438,0.8028320522236424,,True,gray_between_red_segments_out_of_both_sides
southwest,737,1,2024-07-20,1201.913818359375,0.0,,True,gray_between_red_segments_out_of_both_sides
southwest,737,1,2024-07-30,1185.01953125,0.4586769941509184,,True,local_min_extreme_gt_1m
southwest,737,1,2024-08-03,1185.819580078125,0.0,#D62728,False,
southwest,737,1,2024-08-04,1185.3604736328125,0.0,#D62728,False,
southwest,737,1,2024-08-09,1198.53173828125,0.0,,True,edge_short_gray_above_nearest_red
southwest,740,1,2024-06-01,1321.8597493489583,0.4290263263277236,,True,left_gray_far_from_nearest_red_gt_3m
southwest,740,1,2024-06-08,1330.6243896484375,0.0,#D62728,False,
southwest,740,1,2024-06-18,1331.2549641927085,0.2731690951410666,#D62728,False,
southwest,740,1,2024-06-22,1331.1960144042969,0.4838244033496077,#D62728,False,
southwest,740,1,2024-06-29,1331.6302490234375,0.085763337979243,#D62728,False,
southwest,740,1,2024-07-02,1330.972412109375,0.2727526499141097,#D62728,False,
southwest,740,1,2024-07-03,1331.1181640625,0.1331579993053967,#D62728,False,
southwest,740,1,2024-07-09,1330.8558959960938,0.1194889573467783,#D62728,False,
southwest,740,1,2024-07-13,1330.763143734056,0.1231675902816168,#D62728,False,
southwest,740,1,2024-07-20,1330.6636962890625,0.1823707913297222,#D62728,False,
southwest,740,1,2024-07-23,1330.53857421875,0.2933298496165463,#D62728,False,
southwest,740,1,2024-07-24,1330.34033203125,0.1728303826183113,#D62728,False,
southwest,740,1,2024-07-30,1330.34619140625,0.2126679055236907,#D62728,False,
southwest,740,1,2024-08-03,1321.8266046697445,0.1416391084933471,,True,gray_between_red_segments_out_of_both_sides
southwest,740,1,2024-08-09,1331.1661376953125,0.182764529479427,,True,local_max_extreme_gt_1m
southwest,740,1,2024-08-13,1330.4266357421875,0.3380160715847877,#D62728,False,
southwest,740,1,2024-08-14,1313.8608953302555,10.7911466722585,#CFCFCF,True,uncertainty_gt_1m
southwest,741,1,2024-06-01,1143.8323974609375,0.3895908699135164,,True,force_noise_pre_20240605
southwest,741,1,2024-06-02,1171.9086151123047,20.160956678607786,#CFCFCF,True,uncertainty_gt_1m
southwest,741,1,2024-06-08,1151.2933756510415,0.0949666497183539,,True,gray_between_red_segments_out_of_both_sides
southwest,741,1,2024-06-18,1144.6849365234375,0.1540223994472181,#D62728,False,
southwest,741,1,2024-06-22,1144.5010986328125,0.1764507088644116,#D62728,False,
southwest,741,1,2024-06-23,1144.534423828125,0.5110081478004013,#D62728,False,
southwest,741,1,2024-06-29,1151.7906494140625,0.0,,True,gray_between_red_segments_out_of_both_sides
southwest,741,1,2024-07-09,1143.5012817382812,0.1321933642870015,#D62728,False,
southwest,741,1,2024-07-13,1143.218017578125,0.2093308516712326,#D62728,False,
southwest,741,1,2024-07-14,1143.3907470703125,0.0,#D62728,False,
southwest,741,1,2024-07-30,1142.4881591796875,0.275685432860202,#D62728,False,
southwest,741,1,2024-08-03,1142.4371337890625,0.2138704642414451,#D62728,False,
southwest,741,1,2024-08-04,1142.6119384765625,0.143740699992443,#D62728,False,
southwest,741,1,2024-08-09,1099.5065104166667,2.908231725780549,#CFCFCF,True,uncertainty_gt_1m
southwest,744,1,2024-06-01,888.0953369140625,0.4440095552467224,,True,force_noise_pre_20240605
southwest,744,1,2024-06-02,914.3346557617188,0.4889986909122828,,True,gray_between_red_segments_out_of_both_sides
southwest,744,1,2024-06-18,888.216796875,0.131036814661153,#D62728,False,
southwest,744,1,2024-06-19,887.926822459204,0.4429168811540815,#D62728,False,
southwest,744,1,2024-06-22,887.4365234375,0.263108714362193,#D62728,False,
southwest,744,1,2024-07-03,886.9963073730469,0.5220713155193416,#D62728,False,
southwest,744,1,2024-07-09,886.1093139648438,0.1449358568528113,#D62728,False,
southwest,744,1,2024-07-10,885.7945556640625,0.4016324721867986,#D62728,False,
southwest,744,1,2024-07-13,885.6143188476562,0.2235420314654349,#D62728,False,
southwest,744,1,2024-07-14,874.5914306640625,0.0,,True,gray_between_red_segments_out_of_both_sides
southwest,744,1,2024-07-31,910.8447265625,2.25708434695868,#CFCFCF,True,uncertainty_gt_1m
southwest,744,1,2024-08-03,884.5873819986979,0.1999989199112496,#D62728,False,
southwest,744,1,2024-08-04,883.0012817382812,1.758632769886829,#CFCFCF,True,uncertainty_gt_1m
southwest,75,1,2024-06-01,1345.3091388081396,0.2660570562315156,,True,force_noise_pre_20240605
southwest,75,1,2024-06-08,1338.020492553711,2.166941358598497,#CFCFCF,True,uncertainty_gt_1m
southwest,75,1,2024-06-12,1331.866982199929,2.004389717175963,#CFCFCF,True,uncertainty_gt_1m
southwest,75,1,2024-06-22,1345.33203125,0.1730417268549769,#CFCFCF,False,
southwest,75,1,2024-06-22,1345.269287109375,0.1842240963180014,#CFCFCF,False,
southwest,75,1,2024-06-28,1337.9635091145833,0.5865771688755288,,True,left_gray_far_from_nearest_red_gt_3m
southwest,75,1,2024-06-29,1345.7030029296875,0.0018989684065068,#CFCFCF,False,
southwest,75,1,2024-07-03,1345.8384399414062,0.1158633606143733,#CFCFCF,False,
southwest,75,1,2024-07-13,1347.8187255859375,0.1154561582056639,,True,global_max_not_supported_by_neighbors
southwest,75,1,2024-07-19,1347.1912841796875,0.2161591168060018,#D62728,False,
southwest,75,1,2024-07-20,1347.2525634765625,0.1147364254551551,#D62728,False,
southwest,75,1,2024-07-24,1346.9473876953125,0.1188868508813087,#D62728,False,
southwest,75,1,2024-08-03,1338.5860368595568,10.384792063799098,#D62728,True,uncertainty_gt_1m
southwest,75,1,2024-08-08,1339.6239013671875,0.0,,True,gray_between_red_segments_out_of_both_sides
southwest,75,1,2024-08-09,1346.1842041015625,0.0761876505630419,#D62728,False,
southwest,75,1,2024-08-14,1345.6658935546875,0.1171614536084807,#D62728,False,
southwest,76,1,2024-06-01,1160.219707862367,10.072212081978831,#CFCFCF,True,uncertainty_gt_1m
southwest,76,1,2024-06-02,1235.4174759476273,0.4913434656001654,,True,edge_short_gray_above_nearest_red
southwest,76,1,2024-06-08,1179.6528930664062,2.017136031439017,#CFCFCF,True,uncertainty_gt_1m
southwest,76,1,2024-06-12,1176.6571044921875,2.035213716661105,#CFCFCF,True,uncertainty_gt_1m
southwest,76,1,2024-06-18,1171.3633422851562,0.2090037328008016,#D62728,False,
southwest,76,1,2024-06-19,1171.7425808376736,0.3444593586911237,#D62728,False,
southwest,76,1,2024-06-22,1171.9620361328125,0.1783911235344877,#D62728,False,
southwest,76,1,2024-06-23,1172.5595092773438,0.6351925901765937,#D62728,False,
southwest,76,1,2024-06-29,1174.1128540039062,0.2374277900993703,#D62728,False,
southwest,76,1,2024-07-03,1174.8021240234375,0.2450905226029767,#D62728,False,
southwest,76,1,2024-07-09,1175.8324584960938,0.1084136137756039,#D62728,False,
southwest,76,1,2024-07-10,1175.6424560546875,0.2099696875683856,#D62728,False,
southwest,76,1,2024-07-13,1173.717041015625,0.147337016794965,#D62728,False,
southwest,76,1,2024-07-14,1173.2909545898438,0.3373076139956747,#D62728,False,
southwest,76,1,2024-07-20,1187.610107421875,0.0840151530801134,,True,gray_between_red_segments_out_of_both_sides
southwest,76,1,2024-07-24,1175.4534781319755,8.825288044265118,#CFCFCF,True,uncertainty_gt_1m
southwest,76,1,2024-07-30,1169.001220703125,0.3663777227306348,#D62728,False,
southwest,76,1,2024-07-31,1168.4888305664062,0.4100924851033874,,True,local_min_extreme_gt_1m
southwest,76,1,2024-08-03,1169.546875,0.4265230077651431,#D62728,False,
southwest,76,1,2024-08-04,1158.3248639787946,1.0117164195337558,#CFCFCF,True,uncertainty_gt_1m
southwest,76,1,2024-08-09,1156.1503448486328,3.429282584363966,#CFCFCF,True,uncertainty_gt_1m
southwest,76,1,2024-08-14,1178.4245802356352,0.3536321038507282,,True,edge_short_gray_above_nearest_red
southwest,78,1,2024-06-01,1310.4753525047972,14.111735112368418,#CFCFCF,True,uncertainty_gt_1m
southwest,78,1,2024-06-02,1325.7356323242188,0.4147151997153175,,True,left_gray_far_from_nearest_red_gt_3m
southwest,78,1,2024-06-08,1321.8098958333333,7.178268399225836,#CFCFCF,True,uncertainty_gt_1m
southwest,78,1,2024-06-12,1351.3890787760415,0.1730652402571545,,True,left_gray_far_from_nearest_red_gt_3m
southwest,78,1,2024-06-22,1325.8861083984375,0.2417906969250906,,True,left_gray_far_from_nearest_red_gt_3m
southwest,78,1,2024-06-22,1325.7923583984375,0.1840580500368,,True,left_gray_far_from_nearest_red_gt_3m
southwest,78,1,2024-06-23,1325.803466796875,0.2460148557048803,,True,left_gray_far_from_nearest_red_gt_3m
southwest,78,1,2024-06-28,1310.9519414487092,0.2711492892681593,,True,left_gray_far_from_nearest_red_gt_3m
southwest,78,1,2024-06-29,1326.3526611328125,0.0,#CFCFCF,False,
southwest,78,1,2024-07-13,1329.15869140625,0.1155223396041146,#D62728,False,
southwest,78,1,2024-07-14,1329.3027954101562,0.2198782682013114,#D62728,False,
southwest,78,1,2024-07-19,1329.97802734375,0.1240268508011143,#D62728,False,
southwest,78,1,2024-07-20,1330.235107421875,0.1403822944597225,#D62728,False,
southwest,78,1,2024-08-03,1301.4807334998986,10.219501608234896,#CFCFCF,True,uncertainty_gt_1m
southwest,78,1,2024-08-04,1325.0650227864585,0.5726263885900347,#D62728,False,
southwest,78,1,2024-08-08,1325.06201171875,0.5271472988844254,#D62728,False,
southwest,78,1,2024-08-09,1324.4601440429688,0.5232207276650782,#D62728,False,
southwest,82,1,2024-06-01,1073.7434880183291,13.189157416111737,#CFCFCF,True,uncertainty_gt_1m
southwest,82,1,2024-06-02,1147.78466796875,0.0,,True,edge_short_gray_above_nearest_red
southwest,82,1,2024-06-08,1128.2354125976562,6.457442066326514,#CFCFCF,True,uncertainty_gt_1m
southwest,82,1,2024-06-18,1091.0881772248642,0.1096003291792112,#D62728,False,
southwest,82,1,2024-06-19,1091.7257080078125,0.2495132595868499,#D62728,False,
southwest,82,1,2024-06-22,1092.8332195281982,0.1371985329648644,#D62728,False,
southwest,82,1,2024-07-09,1095.6522420247395,0.1453177149230898,#D62728,False,
southwest,82,1,2024-07-10,1095.7316871499115,0.2397105180073393,#D62728,False,
southwest,82,1,2024-07-13,1096.0111083984375,0.1959058686454858,#D62728,False,
southwest,82,1,2024-07-14,1096.2100219726562,0.2290830175288839,#D62728,False,
southwest,82,1,2024-07-20,1058.8345336914062,2.734255555132601,#CFCFCF,True,uncertainty_gt_1m
southwest,82,1,2024-08-03,1088.434912109375,0.1539677577941437,#CFCFCF,False,
southwest,82,1,2024-08-04,1088.5315704345703,0.1198261192438432,#CFCFCF,False,
southwest,82,1,2024-08-09,1132.1489817301433,1.3321025721702486,#CFCFCF,True,uncertainty_gt_1m
southwest,83,1,2024-06-01,926.8849487304688,0.0,,True,left_gray_far_from_nearest_red_gt_3m
southwest,83,1,2024-06-02,926.1845092773438,0.0,,True,left_gray_far_from_nearest_red_gt_3m
southwest,83,1,2024-06-18,931.4637451171876,0.146361735221414,#D62728,False,
southwest,83,1,2024-06-19,932.1276550292968,0.1706111513539014,#D62728,False,
southwest,83,1,2024-06-22,930.8073425292968,0.1777017092513283,#D62728,False,
southwest,83,1,2024-07-09,925.8757934570312,0.1537300043006701,#D62728,False,
southwest,83,1,2024-07-10,925.5494785133852,0.3126231035999535,#D62728,False,
southwest,83,1,2024-07-13,925.296630859375,0.1894887402861437,#D62728,False,
southwest,83,1,2024-07-14,925.314224243164,1.080330052242421,#D62728,True,uncertainty_gt_1m
southwest,83,1,2024-07-20,941.6154418945312,0.8543401720249816,,True,gray_between_red_segments_out_of_both_sides
southwest,83,1,2024-07-30,924.3305053710938,0.1760159470295179,#D62728,False,
southwest,83,1,2024-07-31,924.2450790405272,0.2676671233986945,#D62728,False,
southwest,83,1,2024-08-03,924.4914855957032,0.2281125478048586,#D62728,False,
southwest,83,1,2024-08-04,924.520477294922,0.3850726154341112,#D62728,False,
southwest,83,1,2024-08-09,940.613037109375,0.3546342521278973,,True,edge_short_gray_above_nearest_red
southwest,85,1,2024-06-02,1032.4443969726562,0.4028227252472748,,True,force_noise_pre_20240605
southwest,85,1,2024-06-12,1032.7141723632812,0.1167485335662424,#D62728,False,
southwest,85,1,2024-06-23,880.2107849121094,1.5927597509576132,#CFCFCF,True,uncertainty_gt_1m
southwest,85,1,2024-06-28,1033.161865234375,0.1440509642337529,#D62728,False,
southwest,85,1,2024-06-29,1033.0819091796875,0.1665885017090402,#D62728,False,
southwest,85,1,2024-07-03,1031.927276611328,0.1248963424244289,,True,local_min_extreme_gt_1m
southwest,85,1,2024-07-14,1033.4024658203125,0.0,,True,global_max_not_supported_by_neighbors
southwest,85,1,2024-07-19,1031.69189453125,0.2049101510047925,#D62728,False,
southwest,85,1,2024-07-20,1031.4749755859375,0.1236793058951346,#D62728,False,
southwest,85,1,2024-07-24,1030.91015625,0.2032574798828609,#D62728,False,
southwest,85,1,2024-08-04,1034.6658935546875,0.0,,True,gray_between_red_segments_out_of_both_sides
southwest,85,1,2024-08-08,1030.92431640625,0.2336940822334174,#D62728,False,
southwest,85,1,2024-08-09,1031.125457763672,0.5070454967242943,#D62728,False,
southwest,85,1,2024-08-14,1030.566905886628,0.2974220319010291,#D62728,False,
southwest,86,1,2024-06-01,1133.0015767697153,12.24405342345823,#CFCFCF,True,uncertainty_gt_1m
southwest,86,1,2024-06-02,1145.4776611328125,1.119749645478902,#D62728,True,uncertainty_gt_1m
southwest,86,1,2024-06-08,1146.2567749023438,0.1256281250395757,,True,pre_0613_gt_first_post_0613
southwest,86,1,2024-06-12,1145.2454833984375,0.0,#D62728,False,
southwest,86,1,2024-06-18,1145.4114990234375,0.4846493295895327,#D62728,False,
southwest,86,1,2024-06-19,1145.9749755859375,0.165759067203987,#D62728,False,
southwest,86,1,2024-06-22,1146.71435546875,0.153528340561255,#D62728,False,
southwest,86,1,2024-06-23,1147.12451171875,0.3329761864600488,#D62728,False,
southwest,86,1,2024-06-29,1103.7891845703125,0.0,,True,gray_between_red_segments_out_of_both_sides
southwest,86,1,2024-07-03,1147.9541015625,0.1064822498260465,#D62728,False,
southwest,86,1,2024-07-09,1147.71142578125,0.0980832915625507,#D62728,False,
southwest,86,1,2024-07-10,1147.391357421875,0.232045263952808,#D62728,False,
southwest,86,1,2024-07-13,1146.8587646484375,0.1080282830904734,#D62728,False,
southwest,86,1,2024-07-14,1146.72412109375,0.2126879868075243,#D62728,False,
southwest,86,1,2024-07-20,1157.2879638671875,0.8312365803642466,,True,gray_between_red_segments_out_of_both_sides
southwest,86,1,2024-07-24,1144.697509765625,0.1899242605044077,#D62728,False,
southwest,86,1,2024-07-30,1144.263916015625,0.1729796777235256,#D62728,False,
southwest,86,1,2024-07-31,1144.3869384765626,0.5770918742212314,#D62728,False,
southwest,86,1,2024-08-03,1144.355712890625,0.2159323112080897,#D62728,False,
southwest,86,1,2024-08-04,1144.4265969016335,0.3350573748963645,#D62728,False,
southwest,86,1,2024-08-09,1155.9765014648438,2.183209450262616,#CFCFCF,True,uncertainty_gt_1m
southwest,86,1,2024-08-14,1143.3701782226562,0.240066509703837,#D62728,False,
southwest,88,1,2024-06-01,1143.3401960726983,23.758580569519467,#CFCFCF,True,uncertainty_gt_1m
southwest,88,1,2024-06-02,1210.0663084372495,1.4856258432480902,#CFCFCF,True,uncertainty_gt_1m
southwest,88,1,2024-06-22,1174.888671875,0.3710534010822807,#D62728,False,
southwest,88,1,2024-06-22,1174.8863525390625,0.4132382928901301,#D62728,False,
southwest,88,1,2024-06-23,1175.7061149195622,0.2942512502848136,#D62728,False,
southwest,88,1,2024-06-28,1176.2363891601562,0.1806558047548708,#D62728,False,
southwest,88,1,2024-06-29,1176.22412109375,0.2607190913263557,#D62728,False,
southwest,88,1,2024-07-03,1175.4241618424012,0.0787649776841288,#D62728,False,
southwest,88,1,2024-07-13,1174.06689453125,0.2224759673887938,#D62728,False,
southwest,88,1,2024-07-14,1207.5744448061344,0.0716094260444692,,True,gray_between_red_segments_out_of_both_sides
southwest,88,1,2024-07-19,1174.2360229492188,0.1651665963861822,#D62728,False,
southwest,88,1,2024-07-20,1174.029483497749,0.2531172173133587,#D62728,False,
southwest,88,1,2024-07-24,1182.8347534179688,0.1427610586566251,,True,right_gray_above_nearest_red
southwest,88,1,2024-08-03,1171.7403564453125,0.3168878774789943,#CFCFCF,False,
southwest,88,1,2024-08-04,1205.339044189453,0.2509220757869373,,True,right_gray_above_nearest_red
southwest,88,1,2024-08-08,1171.5245361328125,0.19465163843122,#CFCFCF,False,
southwest,88,1,2024-08-09,1171.416260964744,0.1596902984433629,#CFCFCF,False,
southwest,88,1,2024-08-14,1181.6727294921875,0.0,,True,right_gray_above_nearest_red
southwest,89,1,2024-06-01,1373.5014683172956,7.671401898604942,#CFCFCF,True,uncertainty_gt_1m
southwest,89,1,2024-06-08,1379.96435546875,0.0,,True,pre_0613_gt_first_post_0613
southwest,89,1,2024-06-12,1363.2492518661045,2.655932715464909,#CFCFCF,True,uncertainty_gt_1m
southwest,89,1,2024-06-22,1373.842739868164,7.718192690203139,#CFCFCF,True,uncertainty_gt_1m
southwest,89,1,2024-06-22,1371.9362216355214,7.782885425248217,#CFCFCF,True,uncertainty_gt_1m
southwest,89,1,2024-06-28,1373.63530476888,1.1683963150283132,#CFCFCF,True,uncertainty_gt_1m
southwest,89,1,2024-06-29,1371.9870198567708,0.6420838369032932,,True,left_gray_far_from_nearest_red_gt_3m
southwest,89,1,2024-07-03,1379.901123046875,0.134262269069775,#CFCFCF,False,
southwest,89,1,2024-07-13,1381.51953125,0.0809134933705971,#D62728,False,
southwest,89,1,2024-07-19,1382.739990234375,0.1770780878212576,#D62728,False,
southwest,89,1,2024-07-20,1382.151123046875,0.1177839553596082,#D62728,False,
southwest,89,1,2024-07-24,1381.1370849609375,0.1259416145061311,#D62728,False,
southwest,89,1,2024-08-03,1375.310040620207,7.502299101107751,#CFCFCF,True,uncertainty_gt_1m
southwest,89,1,2024-08-08,1380.1363525390625,0.3940113053329675,#D62728,False,
southwest,89,1,2024-08-09,1380.0433959960938,0.1531504098402523,#D62728,False,
southwest,89,1,2024-08-14,1379.513671875,0.1314825115934454,#D62728,False,
southwest,91,1,2024-06-01,985.8253892262776,0.4857213281097638,,True,force_noise_pre_20240605
southwest,91,1,2024-06-02,978.0464265242866,1.4750253895059715,#CFCFCF,True,uncertainty_gt_1m
southwest,91,1,2024-06-18,987.3999633789062,0.1524569234609449,#D62728,False,
southwest,91,1,2024-06-19,987.3658142089844,0.1490180557547004,#D62728,False,
southwest,91,1,2024-06-22,986.8532104492188,0.1230956587986223,#D62728,False,
southwest,91,1,2024-06-23,984.6107788085938,0.3109324440684685,#D62728,False,
southwest,91,1,2024-07-03,1014.3571166992188,0.0,,True,gray_between_red_segments_out_of_both_sides
southwest,91,1,2024-07-09,984.9381103515624,0.4954566170745337,#D62728,False,
southwest,91,1,2024-07-10,995.1352075195311,18.36191808462876,#CFCFCF,True,uncertainty_gt_1m
southwest,91,1,2024-07-13,984.4539184570312,0.4862639353890425,#D62728,False,
southwest,91,1,2024-07-14,984.1431104871962,0.6420063090924862,#D62728,False,
southwest,91,1,2024-07-30,983.607383034446,0.4340659613989052,#D62728,False,
southwest,91,1,2024-07-31,983.227081298828,0.5611350261398045,#D62728,False,
southwest,91,1,2024-08-03,984.899444580078,0.4515979309749192,,True,gray_between_red_segments_out_of_both_sides
southwest,91,1,2024-08-04,983.284328294837,0.4907322123362989,#D62728,False,
southwest,92,1,2024-06-01,1338.6246270695958,12.38693321232591,#CFCFCF,True,uncertainty_gt_1m
southwest,92,1,2024-06-28,1351.0220947265625,0.0,#D62728,False,
southwest,92,1,2024-07-03,1351.569104698615,0.2273623684529449,#D62728,False,
southwest,92,1,2024-07-13,1352.7545776367188,0.1380513034251611,#D62728,False,
southwest,92,1,2024-07-19,1353.1732788085938,0.1489274451394505,#D62728,False,
southwest,92,1,2024-07-20,1353.0289306640625,0.2358380351104319,#D62728,False,
southwest,92,1,2024-07-24,1365.06103515625,7.796818340582355,#CFCFCF,True,uncertainty_gt_1m
southwest,92,1,2024-08-03,1330.0110364082532,9.451977030217252,#CFCFCF,True,uncertainty_gt_1m
southwest,92,1,2024-08-08,1337.9747314453125,0.0,,True,right_gray_below_global_red_min_gt_3m
southwest,92,1,2024-08-14,1346.158935546875,0.4220888867190207,,True,right_gray_below_global_red_min_gt_3m
southwest,93,1,2024-06-02,1054.0257568359375,0.3883722704024639,,True,force_noise_pre_20240605
southwest,93,1,2024-06-12,1054.0087524414062,1.0857890628355442,#D62728,True,uncertainty_gt_1m
southwest,93,1,2024-06-18,1044.8728332519531,0.3150633642350905,,True,gray_between_red_segments_out_of_both_sides
southwest,93,1,2024-06-23,1054.9102783203125,0.2115392611319495,#D62728,False,
southwest,93,1,2024-06-28,1054.112060546875,0.2196413463622094,#D62728,False,
southwest,93,1,2024-06-29,1054.1025168678975,0.0771564299522589,#D62728,False,
southwest,93,1,2024-07-03,1052.46337890625,0.4710755517079467,#D62728,False,
southwest,93,1,2024-07-09,1052.6522521972656,0.4869031902108795,#D62728,False,
southwest,93,1,2024-07-14,1052.8582763671875,0.7911761311374241,#D62728,False,
southwest,93,1,2024-07-19,1050.5902099609375,0.2557406113440388,,True,local_min_extreme_gt_1m
southwest,93,1,2024-07-20,1051.4426981608074,0.9791526478497709,#D62728,False,
southwest,93,1,2024-07-24,1052.4921264648438,0.1450984496062727,#D62728,False,
southwest,93,1,2024-07-30,1052.3443952287946,1.7935397329967218,#D62728,True,uncertainty_gt_1m
southwest,93,1,2024-08-04,1052.9217529296875,1.929081256563264,#D62728,True,uncertainty_gt_1m
southwest,93,1,2024-08-08,1052.751220703125,0.0,#D62728,False,
southwest,93,1,2024-08-09,1052.862939453125,0.5791495459299316,#D62728,False,
southwest,93,1,2024-08-14,1050.923095703125,1.7341806725504276,#CFCFCF,True,uncertainty_gt_1m
southwest,96,1,2024-06-01,1041.5596313476562,0.7094983286368586,,True,force_noise_pre_20240605
southwest,96,1,2024-06-02,1041.6083068847656,0.4930301747821611,,True,force_noise_pre_20240605
southwest,96,1,2024-06-08,1056.8412475585938,0.9393851440006344,,True,gray_between_red_segments_out_of_both_sides
southwest,96,1,2024-06-18,1043.585205078125,0.1210009323564069,,True,gray_between_red_segments_out_of_both_sides
southwest,96,1,2024-06-19,1043.9453125,0.2217191995892804,,True,gray_between_red_segments_out_of_both_sides
southwest,96,1,2024-06-22,1045.7825317382812,0.1688918478740873,,True,gray_between_red_segments_out_of_both_sides
southwest,96,1,2024-06-23,1035.6358642578125,0.0,,True,gray_between_red_segments_out_of_both_sides
southwest,96,1,2024-06-29,1052.9429931640625,0.5267047825683976,,True,gray_between_red_segments_out_of_both_sides
southwest,96,1,2024-07-09,1041.955078125,0.1238476895511659,#D62728,False,
southwest,96,1,2024-07-10,1041.265869140625,0.2024736505250137,#D62728,False,
southwest,96,1,2024-07-13,1040.8471069335938,0.1636720272875535,#D62728,False,
southwest,96,1,2024-07-14,1040.7310180664062,0.2057385627631174,#D62728,False,
southwest,96,1,2024-07-20,951.0489349365234,2.4055283945399824,#CFCFCF,True,uncertainty_gt_1m
southwest,96,1,2024-07-30,1039.7200317382812,0.2655915702908613,#D62728,False,
southwest,96,1,2024-07-31,1039.3140869140625,0.9097785002082776,#D62728,False,
southwest,96,1,2024-08-03,1039.7977294921875,0.2189027507827321,#D62728,False,
southwest,96,1,2024-08-04,1039.7223510742188,0.2773694752034302,#D62728,False,
southwest,96,1,2024-08-09,1071.8108465021307,1.6981581693915944,#CFCFCF,True,uncertainty_gt_1m
southwest,98,1,2024-06-02,1131.694719788656,10.149620024423198,#CFCFCF,True,uncertainty_gt_1m
southwest,98,1,2024-06-12,1097.8958740234375,0.214524979688102,,True,left_gray_far_from_nearest_red_gt_3m
southwest,98,1,2024-06-18,1098.5995483398438,0.6725004556274998,,True,left_gray_far_from_nearest_red_gt_3m
southwest,98,1,2024-06-23,1102.7872924804688,0.4400517237820754,#D62728,False,
southwest,98,1,2024-06-28,1102.3067626953125,0.1390939361051654,#D62728,False,
southwest,98,1,2024-06-29,1102.571533203125,0.1658926633795515,#D62728,False,
southwest,98,1,2024-07-03,1103.53662109375,0.0811535688597954,#D62728,False,
southwest,98,1,2024-07-14,1103.1293334960938,0.2238942693404426,#D62728,False,
southwest,98,1,2024-07-19,1100.5740356445312,0.1176161835904458,#D62728,False,
southwest,98,1,2024-07-20,1100.2593994140625,0.1344224526478671,#D62728,False,
southwest,98,1,2024-07-24,1099.0571899414062,0.2259555837185446,#D62728,False,
southwest,98,1,2024-07-30,1098.4913330078125,0.0,#D62728,False,
southwest,98,1,2024-08-04,1098.507989501953,0.336125512883932,#D62728,False,
southwest,98,1,2024-08-08,1098.3720703125,0.1390592001031315,#D62728,False,
southwest,98,1,2024-08-14,1098.0050048828125,0.3595030566166243,#D62728,False,
southwest,99,1,2024-06-01,1223.5597534179688,0.4334334614577082,,True,force_noise_pre_20240605
southwest,99,1,2024-06-02,1223.3980712890625,0.4990356494397945,,True,force_noise_pre_20240605
southwest,99,1,2024-06-08,1218.154254150391,1.123860806685239,#CFCFCF,True,uncertainty_gt_1m
southwest,99,1,2024-06-12,1223.767717633929,0.5709061273479178,,True,pre_0613_gt_first_post_0613
southwest,99,1,2024-06-18,1223.2867431640625,0.0771346086949383,#D62728,False,
southwest,99,1,2024-06-22,1224.5681762695312,0.1399045611917312,#D62728,False,
southwest,99,1,2024-06-23,1224.9154663085938,0.4718620192719169,#D62728,False,
southwest,99,1,2024-06-29,1224.369873046875,0.1445694873648026,#D62728,False,
southwest,99,1,2024-07-03,1223.916748046875,0.1648316170809038,#D62728,False,
southwest,99,1,2024-07-09,1224.2862548828125,0.1288561581443292,#D62728,False,
southwest,99,1,2024-07-13,1223.7291870117188,0.1678477567316849,#D62728,False,
southwest,99,1,2024-07-14,1223.9800676618304,0.5642953263348522,#D62728,False,
southwest,99,1,2024-07-20,1224.6561889648438,0.1148313659316624,#D62728,False,
southwest,99,1,2024-07-24,1224.497156213831,0.1909685408665557,#D62728,False,
southwest,99,1,2024-07-30,1222.94873046875,0.3529530279426466,,True,local_min_extreme_gt_1m
southwest,99,1,2024-08-03,1223.52509765625,0.4615060100551788,#D62728,False,
southwest,99,1,2024-08-04,1223.7238159179688,0.3835267526585873,#D62728,False,
southwest,99,1,2024-08-09,1230.2252563476563,9.406200832008896,#CFCFCF,True,uncertainty_gt_1m
southwest,99,1,2024-08-14,1223.4581298828125,0.1179437432179897,#D62728,False,
