region,lake_id_old,lake_type,lake_id_new,has_curve,max_rng_m,max_wse_m,min_wse_m,branch_index,category,bhv4_code,obs_n
northeast,1,Large,1.0,1,19.69960726705904,691.4284466437574,671.7288393766984,1.0,slow_drainage,1.0,31.0
northeast,2,Large,2.0,1,13.0932596842448,735.8019388834635,722.7086791992188,2.0,stable_after_recharge,2.0,23.0
northeast,3,Large,,0,,,,,,,
northeast,4,Large,16.0,1,6.260955810546875,651.3342590332031,645.0733032226562,2.0,stable_after_recharge,2.0,44.0
northeast,5,Large,54.0,1,3.226837158203125,773.5837707519531,770.35693359375,1.0,stable_after_recharge,2.0,17.0
northeast,6,Large,45.0,1,3.85723876953125,680.1458129882812,676.28857421875,1.0,slow_drainage,1.0,18.0
northeast,7,Large,13.0,1,6.606401322278657,672.2420824746224,665.6356811523438,1.0,slow_drainage,1.0,20.0
northeast,8,Large,25.0,1,5.007956900247677,774.335196890482,769.3272399902344,1.0,slow_drainage,1.0,48.0
northeast,9,Large,8.0,1,7.724559794620973,724.3554658435639,716.630906048943,1.0,stable_after_recharge,2.0,20.0
northeast,10,Large,24.0,1,5.084995720976167,720.3974957209762,715.3125,1.0,drainage_after_recharge,0.0,24.0
northeast,11,Large,9.0,1,7.548583984375,708.9820556640625,701.4334716796875,1.0,stable_after_recharge,2.0,39.0
northeast,12,Large,50.0,1,3.515268961588504,669.7818298339844,666.2665608723959,1.0,slow_drainage,1.0,22.0
northeast,13,Large,28.0,1,4.720247708834108,623.9806847205529,619.2604370117188,1.0,slow_drainage,1.0,38.0
northeast,14,Large,,0,,,,,,,
northeast,15,Large,116.0,1,1.654520449431061,672.129358706267,670.4748382568359,1.0,slow_drainage,1.0,35.0
northeast,16,Large,5.0,1,9.610295867919945,759.4153251647949,749.805029296875,1.0,stable_after_recharge,2.0,36.0
northeast,17,Large,,0,,,,,,,
northeast,18,Large,,0,,,,,,,
northeast,19,Large,15.0,1,6.262416068754078,729.5802261273478,723.3178100585938,1.0,slow_drainage,1.0,41.0
northeast,20,Large,32.0,1,4.41033935546875,609.2772216796875,604.8668823242188,1.0,slow_drainage,1.0,13.0
northeast,21,Large,,0,,,,,,,
northeast,22,Large,33.0,1,4.353060121889541,502.9017639160156,498.5487037941261,2.0,slow_drainage,1.0,25.0
northeast,23,Large,7.0,1,8.266515317170501,900.6083121921705,892.341796875,1.0,stable_after_recharge,2.0,19.0
northeast,24,Large,40.0,1,4.120773315429688,494.8400573730469,490.7192840576172,1.0,sudden_drainage,3.0,17.0
northeast,25,Large,12.0,1,6.832138061523494,333.4552154541016,326.6230773925781,1.0,slow_drainage,1.0,10.0
northeast,26,Large,29.0,1,4.69873046875,590.6258544921875,585.9271240234375,1.0,slow_drainage,1.0,57.0
northeast,27,Large,82.0,1,2.420135498046875,728.4850463867188,726.0649108886719,1.0,slow_drainage,1.0,20.0
northeast,28,Large,17.0,1,6.020716282578746,443.0243438720703,437.00362758949154,1.0,sudden_drainage,3.0,48.0
northeast,29,Large,30.0,1,4.678306130801957,743.24951171875,738.571205587948,1.0,slow_drainage,1.0,23.0
northeast,30,Large,48.0,1,3.542236328125,673.01904296875,669.476806640625,1.0,sudden_drainage,3.0,14.0
northeast,31,Large,22.0,1,5.286726986069311,758.5112753259131,753.2245483398438,1.0,stable_after_recharge,2.0,16.0
northeast,32,Large,4.0,1,10.068267822265623,795.5724487304688,785.5041809082031,1.0,stable_after_recharge,2.0,29.0
northeast,33,Large,10.0,1,6.893634796142578,726.5282783508301,719.6346435546875,1.0,slow_drainage,1.0,19.0
northeast,34,Large,26.0,1,4.974578857421875,587.1022033691406,582.1276245117188,1.0,slow_drainage,1.0,25.0
northeast,35,Large,,0,,,,,,,
northeast,36,Large,47.0,1,3.796600341796875,749.6401062011719,745.843505859375,1.0,slow_drainage,1.0,41.0
northeast,37,Large,,0,,,,,,,
northeast,38,Large,14.0,1,6.388264973958371,787.7841796875,781.3959147135416,1.0,slow_drainage,1.0,23.0
northeast,39,Large,65.0,1,2.7725187261053748,377.3283386230469,374.5558198969415,1.0,stable_after_recharge,2.0,9.0
northeast,40,Large,104.0,1,1.940399169921875,733.6924438476562,731.7520446777344,1.0,drainage_after_recharge,0.0,27.0
northeast,41,Large,66.0,1,2.6889444986978788,725.2774658203125,722.5885213216146,1.0,slow_drainage,1.0,13.0
northeast,42,Large,3.0,1,11.778783461626858,771.6343742819394,759.8555908203125,1.0,stable_after_recharge,2.0,18.0
northeast,43,Large,,0,,,,,,,
northeast,44,Large,,0,,,,,,,
northeast,45,Large,21.0,1,5.34286063058039,937.5938415527344,932.250980922154,1.0,drainage_after_recharge,0.0,37.0
northeast,46,Large,,0,,,,,,,
northeast,47,Large,11.0,1,6.85552978515625,600.0266723632812,593.171142578125,1.0,slow_drainage,1.0,37.0
northeast,48,Large,,0,,,,,,,
northeast,49,Large,,0,,,,,,,
northeast,50,Large,43.0,1,3.95074462890625,711.9732971191406,708.0225524902344,1.0,drainage_after_recharge,0.0,39.0
northeast,51,Large,38.0,1,4.233327229817746,688.4695027669271,684.2361755371094,1.0,slow_drainage,1.0,32.0
northeast,52,Large,52.0,1,3.388661601755871,601.4784443165996,598.0897827148438,1.0,slow_drainage,1.0,35.0
northeast,53,Large,,0,,,,,,,
northeast,54,Large,142.0,1,1.0743408203125,1004.9673461914062,1003.8930053710938,1.0,slow_drainage,1.0,33.0
northeast,55,Large,,0,,,,,,,
northeast,56,Large,44.0,1,3.9444249471029034,756.3225987752279,752.378173828125,1.0,slow_drainage,1.0,43.0
northeast,57,Large,,0,,,,,,,
northeast,58,Large,73.0,1,2.5645141601561363,905.4925231933594,902.9280090332032,1.0,slow_drainage,1.0,22.0
northeast,59,Large,94.0,1,2.16851806640625,731.8242797851562,729.65576171875,1.0,slow_drainage,1.0,13.0
northeast,60,Large,103.0,1,1.947692871093864,961.9283752441406,959.9806823730468,1.0,stable_after_recharge,2.0,26.0
northeast,61,Large,120.0,1,1.585641903815258,373.1516483218171,371.56600641800185,1.0,slow_drainage,1.0,7.0
northeast,62,Large,,0,,,,,,,
northeast,63,Large,83.0,1,2.381500244140625,728.3945922851562,726.0130920410156,1.0,slow_drainage,1.0,8.0
northeast,64,Large,23.0,1,5.088781738281227,590.23779296875,585.1490112304688,1.0,slow_drainage,1.0,20.0
northeast,65,Large,101.0,1,2.00677490234375,564.55322265625,562.5464477539062,1.0,slow_drainage,1.0,12.0
northeast,66,Large,18.0,1,5.995064968533029,845.3851793077257,839.3901143391927,1.0,drainage_after_recharge,0.0,29.0
northeast,67,Large,115.0,1,1.686798095703125,742.5597229003906,740.8729248046875,1.0,slow_drainage,1.0,32.0
northeast,68,Large,76.0,1,2.537506103515625,894.6366577148438,892.0991516113281,1.0,drainage_after_recharge,0.0,34.0
northeast,69,Large,95.0,1,2.1563873291015625,510.44825744628906,508.2918701171875,1.0,slow_drainage,1.0,6.0
northeast,70,Large,6.0,1,8.628188283819895,626.7774353027344,618.1492470189145,1.0,sudden_drainage,3.0,21.0
northeast,71,Large,,0,,,,,,,
northeast,72,Large,91.0,1,2.212291044347353,932.8251450482536,930.6128540039062,2.0,drainage_after_recharge,0.0,20.0
northeast,73,Large,70.0,1,2.57293701171875,821.2404174804688,818.66748046875,1.0,slow_drainage,1.0,23.0
northeast,74,Large,93.0,1,2.1951849881505723,580.6032824753802,578.4080974872296,1.0,slow_drainage,1.0,21.0
northeast,75,Large,35.0,1,4.309326171875,777.3001708984375,772.9908447265625,1.0,sudden_drainage,3.0,18.0
northeast,76,Large,128.0,1,1.509840829031759,833.0120239257812,831.5021830967495,1.0,slow_drainage,1.0,27.0
northeast,77,Large,63.0,1,2.8802490234375,601.9243774414062,599.0441284179688,1.0,slow_drainage,1.0,45.0
northeast,78,Large,37.0,1,4.260009765625,673.4049682617188,669.1449584960938,1.0,slow_drainage,1.0,12.0
northeast,79,Large,,0,,,,,,,
northeast,80,Large,122.0,1,1.5652945382254302,561.5240478515625,559.9587533133371,1.0,slow_drainage,1.0,13.0
northeast,81,Large,,0,,,,,,,
northeast,82,Large,,0,,,,,,,
northeast,83,Large,,0,,,,,,,
northeast,84,Large,42.0,1,3.974639892578125,731.723388671875,727.7487487792969,1.0,slow_drainage,1.0,24.0
northeast,85,Large,20.0,1,5.435760498046989,905.8108215332032,900.3750610351562,1.0,slow_drainage,1.0,9.0
northeast,86,Large,58.0,1,3.0221470424106656,563.3436279296875,560.3214808872768,1.0,slow_drainage,1.0,31.0
northeast,87,Large,60.0,1,3.0037876914916524,831.4789907721024,828.4752030806108,1.0,stable_after_recharge,2.0,14.0
northeast,88,Large,19.0,1,5.47283935546875,846.26416015625,840.7913208007812,1.0,slow_drainage,1.0,40.0
northeast,89,Large,,0,,,,,,,
northeast,90,Large,88.0,1,2.279052734375,528.8543090820312,526.5752563476562,1.0,slow_drainage,1.0,16.0
northeast,91,Large,,0,,,,,,,
northeast,92,Large,71.0,1,2.570556640625,592.5699462890625,589.9993896484375,1.0,slow_drainage,1.0,13.0
northeast,93,Large,69.0,1,2.600128173828125,403.7279357910156,401.1278076171875,1.0,slow_drainage,1.0,15.0
northeast,94,Large,59.0,1,3.021697998046818,507.3672180175781,504.3455200195313,1.0,slow_drainage,1.0,28.0
northeast,95,Large,80.0,1,2.481060264850385,648.070278930664,645.5892186658136,1.0,slow_drainage,1.0,16.0
northeast,96,Large,77.0,1,2.5291870117187045,1050.5035522460937,1047.974365234375,1.0,stable_after_recharge,2.0,23.0
northeast,97,Large,46.0,1,3.85003662109375,831.1980285644531,827.3479919433594,1.0,slow_drainage,1.0,35.0
northeast,98,Large,111.0,1,1.8775634765623863,942.1202392578124,940.24267578125,1.0,stable_after_recharge,2.0,36.0
northeast,99,Large,34.0,1,4.346333867853332,846.9158147638494,842.5694808959961,1.0,slow_drainage,1.0,32.0
northeast,100,Large,75.0,1,2.5491157300544955,677.008710456617,674.4595947265625,1.0,slow_drainage,1.0,16.0
northeast,101,Large,49.0,1,3.5330963134765625,497.9737243652344,494.4406280517578,1.0,slow_drainage,1.0,36.0
northeast,102,Large,146.0,1,0.9429123651414102,945.6603969029018,944.7174845377604,1.0,slow_drainage,1.0,16.0
northeast,103,Large,,0,,,,,,,
northeast,104,Large,41.0,1,4.0106201171875,443.55072021484375,439.54010009765625,1.0,slow_drainage,1.0,7.0
northeast,105,Large,27.0,1,4.843170166015625,753.9983520507812,749.1551818847656,1.0,slow_drainage,1.0,20.0
northeast,106,Large,,0,,,,,,,
northeast,107,Large,,0,,,,,,,
northeast,108,Large,57.0,1,3.1239471435546875,468.3793182373047,465.25537109375,1.0,slow_drainage,1.0,27.0
northeast,109,Large,,0,,,,,,,
northeast,110,Large,64.0,1,2.785247802734375,858.1364440917969,855.3511962890625,1.0,drainage_after_recharge,0.0,23.0
northeast,111,Large,105.0,1,1.926083697953004,695.530331744828,693.604248046875,1.0,slow_drainage,1.0,15.0
northeast,112,Large,56.0,1,3.1248779296875,739.4909057617188,736.3660278320312,1.0,slow_drainage,1.0,26.0
northeast,113,Large,92.0,1,2.202649132680108,492.24772359557073,490.0450744628906,1.0,slow_drainage,1.0,22.0
northeast,114,Large,84.0,1,2.3747965494791288,686.7814331054688,684.4066365559896,1.0,slow_drainage,1.0,34.0
northeast,115,Large,,0,,,,,,,
northeast,116,Large,53.0,1,3.2363974831322366,1006.259773947976,1003.0233764648438,1.0,slow_drainage,1.0,26.0
northeast,117,Large,135.0,1,1.4027099609375,474.2609558105469,472.8582458496094,1.0,slow_drainage,1.0,10.0
northeast,118,Large,121.0,1,1.5653610929437036,569.4894028409906,567.9240417480469,1.0,slow_drainage,1.0,12.0
northeast,119,Large,90.0,1,2.2403564453125,991.6629028320312,989.4225463867188,1.0,sudden_drainage,3.0,16.0
northeast,120,Large,,0,,,,,,,
northeast,121,Large,39.0,1,4.199600219726619,503.7185668945313,499.5189666748047,1.0,slow_drainage,1.0,25.0
northeast,122,Large,,0,,,,,,,
northeast,123,Large,144.0,1,1.021745469835082,1002.3202684190538,1001.2985229492188,1.0,stable_after_recharge,2.0,12.0
northeast,124,Large,,0,,,,,,,
northeast,125,Large,,0,,,,,,,
northeast,126,Large,81.0,1,2.420684814453125,644.1854553222656,641.7647705078125,1.0,slow_drainage,1.0,21.0
northeast,127,Large,89.0,1,2.2777791341146667,999.6362915039062,997.3585123697916,1.0,drainage_after_recharge,0.0,24.0
northeast,128,Large,114.0,1,1.7772369384765625,499.31158447265625,497.5343475341797,1.0,slow_drainage,1.0,10.0
northeast,129,Large,,0,,,,,,,
northeast,130,Large,,0,,,,,,,
northeast,131,Large,,0,,,,,,,
northeast,132,Large,86.0,1,2.335784912109375,645.1185607910156,642.7827758789062,1.0,slow_drainage,1.0,27.0
northeast,133,Large,,0,,,,,,,
northeast,134,Large,,0,,,,,,,
northeast,135,Large,107.0,1,1.91436767578125,518.6397094726562,516.725341796875,1.0,slow_drainage,1.0,12.0
northeast,136,Large,,0,,,,,,,
northeast,137,Large,,0,,,,,,,
northeast,138,Large,62.0,1,2.947357177734375,753.1071166992188,750.1597595214844,1.0,slow_drainage,1.0,14.0
northeast,139,Large,109.0,1,1.9085040752703435,794.8020141601562,792.8935100848859,1.0,slow_drainage,1.0,16.0
northeast,140,Large,78.0,1,2.516204833984375,578.0387268066406,575.5225219726562,1.0,slow_drainage,1.0,17.0
northeast,141,Large,112.0,1,1.8128416771982077,928.002675374349,926.1898336971508,1.0,slow_drainage,1.0,27.0
northeast,142,Large,98.0,1,2.059356689453182,394.1853637695313,392.1260070800781,1.0,slow_drainage,1.0,11.0
northeast,143,Large,55.0,1,3.153228759765625,767.439697265625,764.2864685058594,1.0,sudden_drainage,3.0,10.0
northeast,144,Large,36.0,1,4.297332763671875,641.7597961425781,637.4624633789062,1.0,slow_drainage,1.0,23.0
northeast,145,Large,110.0,1,1.8908206715303777,549.0982666015625,547.2074459300321,1.0,slow_drainage,1.0,25.0
northeast,146,Large,113.0,1,1.7852746212121249,589.2593346798059,587.4740600585938,1.0,slow_drainage,1.0,30.0
northeast,147,Large,,0,,,,,,,
northeast,148,Large,99.0,1,2.038177490234375,910.5491638183594,908.510986328125,1.0,slow_drainage,1.0,46.0
northeast,149,Large,61.0,1,2.99212646484375,743.9332275390625,740.9411010742188,1.0,slow_drainage,1.0,27.0
northeast,150,Large,,0,,,,,,,
northeast,151,Large,87.0,1,2.2878570556640057,388.9842834472656,386.6964263916016,1.0,slow_drainage,1.0,20.0
northeast,152,Large,67.0,1,2.651458740234375,965.894287109375,963.2428283691406,1.0,slow_drainage,1.0,15.0
northeast,153,Large,106.0,1,1.9213467979965344,759.2057742164249,757.2844274184283,1.0,slow_drainage,1.0,22.0
northeast,154,Large,139.0,1,1.208201428677171,968.2077884674072,966.99958703873,1.0,slow_drainage,1.0,10.0
northeast,155,Large,143.0,1,1.0700605604383782,495.11793518066406,494.0478746202257,1.0,slow_drainage,1.0,10.0
northeast,156,Large,,0,,,,,,,
northeast,157,Large,97.0,1,2.07215465198874,1000.47968639027,998.4075317382812,1.0,stable_after_recharge,2.0,6.0
northeast,158,Large,51.0,1,3.46042135487437,820.2990417480469,816.8386203931725,1.0,slow_drainage,1.0,33.0
northeast,159,Large,,0,,,,,,,
northeast,160,Large,119.0,1,1.585723876953125,436.8743896484375,435.2886657714844,1.0,slow_drainage,1.0,7.0
northeast,161,Large,,0,,,,,,,
northeast,162,Large,131.0,1,1.4980926513671875,455.3116149902344,453.8135223388672,1.0,slow_drainage,1.0,9.0
northeast,163,Large,,0,,,,,,,
northeast,164,Large,,0,,,,,,,
northeast,165,Large,,0,,,,,,,
northeast,166,Large,68.0,1,2.64111328125,591.8057250976562,589.1646118164062,1.0,slow_drainage,1.0,19.0
northeast,167,Large,,0,,,,,,,
northeast,168,Large,,0,,,,,,,
northeast,169,Large,31.0,1,4.45782470703125,679.206298828125,674.7484741210938,1.0,slow_drainage,1.0,23.0
northeast,170,Large,125.0,1,1.54302978515625,396.15673828125,394.61370849609375,1.0,slow_drainage,1.0,10.0
northeast,171,Large,74.0,1,2.559038511464337,517.9797156965229,515.4206771850586,1.0,slow_drainage,1.0,19.0
northeast,172,Large,138.0,1,1.2921341835784688,654.8070840490869,653.5149498655085,1.0,slow_drainage,1.0,9.0
northeast,173,Large,150.0,1,0.627685546875,560.9459228515625,560.3182373046875,1.0,slow_drainage,1.0,9.0
northeast,174,Large,145.0,1,0.994964599609375,474.7317199707031,473.73675537109375,1.0,slow_drainage,1.0,5.0
northeast,175,Large,141.0,1,1.0789794921875,1079.047607421875,1077.9686279296875,1.0,stable_after_recharge,2.0,24.0
northeast,176,Large,,0,,,,,,,
northeast,177,Large,,0,,,,,,,
northeast,178,Large,,0,,,,,,,
northeast,179,Large,,0,,,,,,,
northeast,180,Large,,0,,,,,,,
northeast,181,Large,,0,,,,,,,
northeast,182,Large,,0,,,,,,,
northeast,183,Large,129.0,1,1.5081970214844205,542.708544921875,541.2003479003906,1.0,slow_drainage,1.0,17.0
northeast,184,Large,,0,,,,,,,
northeast,185,Large,,0,,,,,,,
northeast,186,Large,132.0,1,1.467529296875,577.412353515625,575.94482421875,1.0,slow_drainage,1.0,9.0
northeast,187,Large,,0,,,,,,,
northeast,188,Large,,0,,,,,,,
northeast,189,Large,72.0,1,2.56622314453125,707.5956420898438,705.0294189453125,1.0,sudden_drainage,3.0,14.0
northeast,190,Large,,0,,,,,,,
northeast,191,Large,,0,,,,,,,
northeast,192,Large,85.0,1,2.3399658203125,408.3377380371094,405.9977722167969,1.0,slow_drainage,1.0,7.0
northeast,193,Large,,0,,,,,,,
northeast,194,Large,127.0,1,1.51397705078125,921.04296875,919.5289916992188,1.0,slow_drainage,1.0,47.0
northeast,195,Large,,0,,,,,,,
northeast,196,Large,,0,,,,,,,
northeast,197,Large,136.0,1,1.3434884207589448,366.3662109375,365.02272251674106,1.0,slow_drainage,1.0,8.0
northeast,198,Large,,0,,,,,,,
northeast,199,Large,,0,,,,,,,
northeast,200,Large,149.0,1,0.8650264739990234,337.9217834472656,337.0567569732666,1.0,slow_drainage,1.0,5.0
northeast,201,Large,,0,,,,,,,
northeast,202,Large,133.0,1,1.41741943359375,682.4957275390625,681.0783081054688,1.0,slow_drainage,1.0,18.0
northeast,203,Large,117.0,1,1.596435546875,584.3855590820312,582.7891235351562,1.0,slow_drainage,1.0,11.0
northeast,204,Large,,0,,,,,,,
northeast,205,Large,,0,,,,,,,
northeast,206,Large,,0,,,,,,,
northeast,207,Large,,0,,,,,,,
northeast,208,Large,,0,,,,,,,
northeast,209,Large,123.0,1,1.5538063742897066,1034.3737526633522,1032.8199462890625,1.0,slow_drainage,1.0,20.0
northeast,210,Large,130.0,1,1.4989776611328125,450.1682586669922,448.6692810058594,1.0,slow_drainage,1.0,9.0
northeast,211,Large,79.0,1,2.493757768110868,463.17425537109375,460.6804976029829,1.0,slow_drainage,1.0,11.0
northeast,212,Large,,0,,,,,,,
northeast,213,Large,,0,,,,,,,
northeast,214,Large,102.0,1,1.984954833984375,680.8346252441406,678.8496704101562,1.0,slow_drainage,1.0,8.0
northeast,215,Large,134.0,1,1.4135529654366792,668.9889619009836,667.5754089355469,1.0,slow_drainage,1.0,15.0
northeast,216,Large,,0,,,,,,,
northeast,217,Large,137.0,1,1.299772872615904,571.8340558503803,570.5342829777644,1.0,slow_drainage,1.0,18.0
northeast,218,Large,,0,,,,,,,
northeast,219,Large,108.0,1,1.914337158203125,656.4948120117188,654.5804748535156,1.0,slow_drainage,1.0,23.0
northeast,220,Large,100.0,1,2.020293854095144,672.2426449283139,670.2223510742188,1.0,slow_drainage,1.0,9.0
northeast,221,Large,96.0,1,2.0888671875,645.677734375,643.5888671875,1.0,slow_drainage,1.0,19.0
northeast,222,Large,126.0,1,1.541139814588746,795.2253913879395,793.6842515733507,1.0,slow_drainage,1.0,16.0
northeast,223,Large,,0,,,,,,,
northeast,224,Large,,0,,,,,,,
northeast,225,Large,,0,,,,,,,
northeast,226,Large,,0,,,,,,,
northeast,227,Large,148.0,1,0.875732421875,671.4830932617188,670.6073608398438,1.0,slow_drainage,1.0,9.0
northeast,228,Large,,0,,,,,,,
northeast,229,Large,,0,,,,,,,
northeast,230,Large,,0,,,,,,,
northeast,231,Large,140.0,1,1.1038466075922315,562.7771864513422,561.67333984375,1.0,slow_drainage,1.0,21.0
northeast,232,Large,,0,,,,,,,
northeast,233,Large,,0,,,,,,,
northeast,234,Large,,0,,,,,,,
northeast,235,Large,118.0,1,1.5929445078675144,491.20323503521126,489.61029052734375,1.0,slow_drainage,1.0,21.0
northeast,236,Large,,0,,,,,,,
northeast,237,Large,,0,,,,,,,
northeast,238,Large,124.0,1,1.5489349365234375,511.0681457519531,509.5192108154297,1.0,slow_drainage,1.0,20.0
northeast,239,Large,,0,,,,,,,
northeast,240,Large,147.0,1,0.9266201367592544,458.2466063893169,457.31998625255767,1.0,slow_drainage,1.0,8.0
northeast,241,Large,,0,,,,,,,
northeast,242,Large,,0,,,,,,,
northeast,243,Small,,0,,,,,,,
northeast,244,Small,,0,,,,,,,
northeast,245,Small,,0,,,,,,,
northeast,246,Small,,0,,,,,,,
northeast,247,Small,,0,,,,,,,
northeast,248,Small,,0,,,,,,,
northeast,249,Small,,0,,,,,,,
northeast,250,Small,,0,,,,,,,
northeast,251,Small,,0,,,,,,,
northeast,252,Small,,0,,,,,,,
northeast,253,Small,,0,,,,,,,
northeast,254,Small,,0,,,,,,,
northeast,255,Small,,0,,,,,,,
northeast,256,Small,,0,,,,,,,
northeast,257,Small,,0,,,,,,,
northeast,258,Small,,0,,,,,,,
northeast,259,Small,,0,,,,,,,
northeast,260,Small,,0,,,,,,,
northeast,261,Small,,0,,,,,,,
northeast,262,Small,,0,,,,,,,
northeast,263,Small,,0,,,,,,,
northeast,264,Small,,0,,,,,,,
northeast,265,Small,,0,,,,,,,
northeast,266,Small,,0,,,,,,,
northeast,267,Small,,0,,,,,,,
northeast,268,Small,,0,,,,,,,
northeast,269,Small,,0,,,,,,,
northeast,270,Small,,0,,,,,,,
northeast,271,Small,,0,,,,,,,
northeast,272,Small,,0,,,,,,,
northeast,273,Small,,0,,,,,,,
northeast,274,Small,,0,,,,,,,
northeast,275,Small,,0,,,,,,,
northeast,276,Small,,0,,,,,,,
northeast,277,Small,,0,,,,,,,
northeast,278,Small,,0,,,,,,,
northeast,279,Small,,0,,,,,,,
northeast,280,Small,,0,,,,,,,
northeast,281,Small,,0,,,,,,,
northeast,282,Small,,0,,,,,,,
northeast,283,Small,,0,,,,,,,
northeast,284,Small,,0,,,,,,,
northeast,285,Small,,0,,,,,,,
northeast,286,Small,,0,,,,,,,
northeast,287,Small,,0,,,,,,,
northeast,288,Small,,0,,,,,,,
northeast,289,Small,,0,,,,,,,
northeast,290,Small,,0,,,,,,,
northeast,291,Small,,0,,,,,,,
northeast,292,Small,,0,,,,,,,
northeast,293,Small,,0,,,,,,,
northeast,294,Small,,0,,,,,,,
northeast,295,Small,,0,,,,,,,
northeast,296,Small,,0,,,,,,,
northeast,297,Small,,0,,,,,,,
northeast,298,Small,,0,,,,,,,
northeast,299,Small,,0,,,,,,,
northeast,300,Small,,0,,,,,,,
northeast,301,Small,,0,,,,,,,
northeast,302,Small,,0,,,,,,,
northeast,303,Small,,0,,,,,,,
northeast,304,Small,,0,,,,,,,
northeast,305,Small,,0,,,,,,,
northeast,306,Small,,0,,,,,,,
northeast,307,Small,,0,,,,,,,
northeast,308,Small,,0,,,,,,,
northeast,309,Small,,0,,,,,,,
northeast,310,Small,,0,,,,,,,
northeast,311,Small,,0,,,,,,,
northeast,312,Small,,0,,,,,,,
northeast,313,Small,,0,,,,,,,
northeast,314,Small,,0,,,,,,,
northeast,315,Small,,0,,,,,,,
northeast,316,Small,,0,,,,,,,
northeast,317,Small,,0,,,,,,,
northeast,318,Small,,0,,,,,,,
northeast,319,Small,,0,,,,,,,
northeast,320,Small,,0,,,,,,,
northeast,321,Small,,0,,,,,,,
northeast,322,Small,,0,,,,,,,
northeast,323,Small,,0,,,,,,,
northeast,324,Small,,0,,,,,,,
northeast,325,Small,,0,,,,,,,
northeast,326,Small,,0,,,,,,,
northeast,327,Small,,0,,,,,,,
northeast,328,Small,,0,,,,,,,
northeast,329,Small,,0,,,,,,,
northeast,330,Small,,0,,,,,,,
northeast,331,Small,,0,,,,,,,
northeast,332,Small,,0,,,,,,,
northeast,333,Small,,0,,,,,,,
northeast,334,Small,,0,,,,,,,
northeast,335,Small,,0,,,,,,,
northeast,336,Small,,0,,,,,,,
northeast,337,Small,,0,,,,,,,
northeast,338,Small,,0,,,,,,,
northeast,339,Small,,0,,,,,,,
northeast,340,Small,,0,,,,,,,
northeast,341,Small,,0,,,,,,,
northeast,342,Small,,0,,,,,,,
northeast,343,Small,,0,,,,,,,
northeast,344,Small,,0,,,,,,,
northeast,345,Small,,0,,,,,,,
northeast,346,Small,,0,,,,,,,
northeast,347,Small,,0,,,,,,,
northeast,348,Small,,0,,,,,,,
northeast,349,Small,,0,,,,,,,
northeast,350,Small,,0,,,,,,,
northeast,351,Small,,0,,,,,,,
northeast,352,Small,,0,,,,,,,
northeast,353,Small,,0,,,,,,,
northeast,354,Small,,0,,,,,,,
northeast,355,Small,,0,,,,,,,
northeast,356,Small,,0,,,,,,,
northeast,357,Small,,0,,,,,,,
northeast,358,Small,,0,,,,,,,
northeast,359,Small,,0,,,,,,,
northeast,360,Small,,0,,,,,,,
northeast,361,Small,,0,,,,,,,
northeast,362,Small,,0,,,,,,,
northeast,363,Small,,0,,,,,,,
northeast,364,Small,,0,,,,,,,
northeast,365,Small,,0,,,,,,,
northeast,366,Small,,0,,,,,,,
northeast,367,Small,,0,,,,,,,
northeast,368,Small,,0,,,,,,,
northeast,369,Small,,0,,,,,,,
northeast,370,Small,,0,,,,,,,
northeast,371,Small,,0,,,,,,,
northeast,372,Small,,0,,,,,,,
northeast,373,Small,,0,,,,,,,
northeast,374,Small,,0,,,,,,,
northeast,375,Small,,0,,,,,,,
northeast,376,Small,,0,,,,,,,
northeast,377,Small,,0,,,,,,,
northeast,378,Small,,0,,,,,,,
northeast,379,Small,,0,,,,,,,
northeast,380,Small,,0,,,,,,,
northeast,381,Small,,0,,,,,,,
northeast,382,Small,,0,,,,,,,
northeast,383,Small,,0,,,,,,,
northeast,384,Small,,0,,,,,,,
northeast,385,Small,,0,,,,,,,
northeast,386,Small,,0,,,,,,,
northeast,387,Small,,0,,,,,,,
northeast,388,Small,,0,,,,,,,
northeast,389,Small,,0,,,,,,,
northeast,390,Small,,0,,,,,,,
northeast,391,Small,,0,,,,,,,
northeast,392,Small,,0,,,,,,,
northeast,393,Small,,0,,,,,,,
northeast,394,Small,,0,,,,,,,
northeast,395,Small,,0,,,,,,,
northeast,396,Small,,0,,,,,,,
northeast,397,Small,,0,,,,,,,
northeast,398,Small,,0,,,,,,,
northeast,399,Small,,0,,,,,,,
northeast,400,Small,,0,,,,,,,
northeast,401,Small,,0,,,,,,,
northeast,402,Small,,0,,,,,,,
northeast,403,Small,,0,,,,,,,
northeast,404,Small,,0,,,,,,,
northeast,405,Small,,0,,,,,,,
northeast,406,Small,,0,,,,,,,
northeast,407,Small,,0,,,,,,,
northeast,408,Small,,0,,,,,,,
northeast,409,Small,,0,,,,,,,
northeast,410,Small,,0,,,,,,,
northeast,411,Small,,0,,,,,,,
northeast,412,Small,,0,,,,,,,
northeast,413,Small,,0,,,,,,,
northeast,414,Small,,0,,,,,,,
northeast,415,Small,,0,,,,,,,
northeast,416,Small,,0,,,,,,,
northeast,417,Small,,0,,,,,,,
northeast,418,Small,,0,,,,,,,
northeast,419,Small,,0,,,,,,,
northeast,420,Small,,0,,,,,,,
northeast,421,Small,,0,,,,,,,
northeast,422,Small,,0,,,,,,,
northeast,423,Small,,0,,,,,,,
northeast,424,Small,,0,,,,,,,
northeast,425,Small,,0,,,,,,,
northeast,426,Small,,0,,,,,,,
northeast,427,Small,,0,,,,,,,
northeast,428,Small,,0,,,,,,,
northeast,429,Small,,0,,,,,,,
northeast,430,Small,,0,,,,,,,
northeast,431,Small,,0,,,,,,,
northeast,432,Small,,0,,,,,,,
northeast,433,Small,,0,,,,,,,
northeast,434,Small,,0,,,,,,,
northeast,435,Small,,0,,,,,,,
northeast,436,Small,,0,,,,,,,
northeast,437,Small,,0,,,,,,,
northeast,438,Small,,0,,,,,,,
northeast,439,Small,,0,,,,,,,
northeast,440,Small,,0,,,,,,,
northeast,441,Small,,0,,,,,,,
northeast,442,Small,,0,,,,,,,
northeast,443,Small,,0,,,,,,,
northeast,444,Small,,0,,,,,,,
northeast,445,Small,,0,,,,,,,
northeast,446,Small,,0,,,,,,,
northeast,447,Small,,0,,,,,,,
northeast,448,Small,,0,,,,,,,
northeast,449,Small,,0,,,,,,,
northeast,450,Small,,0,,,,,,,
northeast,451,Small,,0,,,,,,,
northeast,452,Small,,0,,,,,,,
northeast,453,Small,,0,,,,,,,
northeast,454,Small,,0,,,,,,,
northeast,455,Small,,0,,,,,,,
northeast,456,Small,,0,,,,,,,
northeast,457,Small,,0,,,,,,,
northeast,458,Small,,0,,,,,,,
northeast,459,Small,,0,,,,,,,
northeast,460,Small,,0,,,,,,,
northeast,461,Small,,0,,,,,,,
northeast,462,Small,,0,,,,,,,
northeast,463,Small,,0,,,,,,,
northeast,464,Small,,0,,,,,,,
northeast,465,Small,,0,,,,,,,
northeast,466,Small,,0,,,,,,,
northeast,467,Small,,0,,,,,,,
northeast,468,Small,,0,,,,,,,
northeast,469,Small,,0,,,,,,,
northeast,470,Small,,0,,,,,,,
northeast,471,Small,,0,,,,,,,
northeast,472,Small,,0,,,,,,,
northeast,473,Small,,0,,,,,,,
northeast,474,Small,,0,,,,,,,
northeast,475,Small,,0,,,,,,,
northeast,476,Small,,0,,,,,,,
northeast,477,Small,,0,,,,,,,
northeast,478,Small,,0,,,,,,,
northeast,479,Small,,0,,,,,,,
northeast,480,Small,,0,,,,,,,
northeast,481,Small,,0,,,,,,,
northeast,482,Small,,0,,,,,,,
northeast,483,Small,,0,,,,,,,
northeast,484,Small,,0,,,,,,,
northeast,485,Small,,0,,,,,,,
northeast,486,Small,,0,,,,,,,
northeast,487,Small,,0,,,,,,,
northeast,488,Small,,0,,,,,,,
northeast,489,Small,,0,,,,,,,
northeast,490,Small,,0,,,,,,,
northeast,491,Small,,0,,,,,,,
northeast,492,Small,,0,,,,,,,
northeast,493,Small,,0,,,,,,,
northeast,494,Small,,0,,,,,,,
northeast,495,Small,,0,,,,,,,
northeast,496,Small,,0,,,,,,,
northeast,497,Small,,0,,,,,,,
northeast,498,Small,,0,,,,,,,
southwest,1,Large,,0,,,,,,,
southwest,2,Large,,0,,,,,,,
southwest,3,Large,,0,,,,,,,
southwest,4,Large,,0,,,,,,,
southwest,5,Large,,0,,,,,,,
southwest,6,Large,,0,,,,,,,
southwest,7,Large,,0,,,,,,,
southwest,8,Large,,0,,,,,,,
southwest,9,Large,,0,,,,,,,
southwest,10,Large,,0,,,,,,,
southwest,11,Large,,0,,,,,,,
southwest,12,Large,,0,,,,,,,
southwest,13,Large,,0,,,,,,,
southwest,14,Large,,0,,,,,,,
southwest,15,Large,,0,,,,,,,
southwest,16,Large,,0,,,,,,,
southwest,17,Large,,0,,,,,,,
southwest,18,Large,141.0,1,2.1551732772434207,1297.2601318359375,1295.104958558694,1.0,slow_drainage,1.0,5.0
southwest,19,Large,9.0,1,7.487419577206083,1209.50341796875,1202.015998391544,1.0,slow_drainage,1.0,13.0
southwest,20,Large,,0,,,,,,,
southwest,21,Large,,0,,,,,,,
southwest,22,Large,,0,,,,,,,
southwest,23,Large,,0,,,,,,,
southwest,24,Large,26.0,1,4.80126953125,1225.323486328125,1220.522216796875,1.0,slow_drainage,1.0,9.0
southwest,25,Large,42.0,1,4.18792724609375,1130.8258056640625,1126.6378784179688,1.0,slow_drainage,1.0,12.0
southwest,26,Large,,0,,,,,,,
southwest,27,Large,49.0,1,3.8175048828125,1208.79052734375,1204.9730224609375,1.0,slow_drainage,1.0,14.0
southwest,28,Large,11.0,1,6.86187744140625,1349.1104125976562,1342.24853515625,1.0,stable_after_recharge,2.0,10.0
southwest,29,Large,118.0,1,2.363438621727255,1162.1049547350085,1159.7415161132812,2.0,stable_after_recharge,2.0,7.0
southwest,30,Large,,0,,,,,,,
southwest,31,Large,,0,,,,,,,
southwest,32,Large,,0,,,,,,,
southwest,33,Large,60.0,1,3.61712646484375,1352.1538696289062,1348.5367431640625,1.0,slow_drainage,1.0,14.0
southwest,34,Large,10.0,1,7.21624755859375,1096.7684326171875,1089.5521850585938,1.0,slow_drainage,1.0,11.0
southwest,35,Large,,0,,,,,,,
southwest,36,Large,90.0,1,2.80511474609375,1245.0829467773438,1242.27783203125,1.0,slow_drainage,1.0,9.0
southwest,37,Large,22.0,1,4.99957275390625,1322.6178588867188,1317.6182861328125,1.0,slow_drainage,1.0,14.0
southwest,38,Large,34.0,1,4.5152587890625,1084.8656005859375,1080.350341796875,1.0,slow_drainage,1.0,11.0
southwest,39,Large,,0,,,,,,,
southwest,40,Large,,0,,,,,,,
southwest,41,Large,37.0,1,4.340092052112823,1346.8623088489878,1342.522216796875,1.0,stable_after_recharge,2.0,12.0
southwest,42,Large,15.0,1,6.091552734375,1292.236572265625,1286.14501953125,1.0,slow_drainage,1.0,13.0
southwest,43,Large,17.0,1,5.592920696924693,1361.1307624937997,1355.537841796875,1.0,slow_drainage,1.0,8.0
southwest,44,Large,,0,,,,,,,
southwest,45,Large,54.0,1,3.71624755859375,1234.8192138671875,1231.1029663085938,1.0,slow_drainage,1.0,14.0
southwest,46,Large,,0,,,,,,,
southwest,47,Large,,0,,,,,,,
southwest,48,Large,,0,,,,,,,
southwest,49,Large,,0,,,,,,,
southwest,50,Large,,0,,,,,,,
southwest,51,Large,154.0,1,1.9920639038086847,1315.9031356811524,1313.9110717773438,1.0,slow_drainage,1.0,8.0
southwest,52,Large,,0,,,,,,,
southwest,53,Large,173.0,1,1.662353515625,1343.82666015625,1342.164306640625,1.0,slow_drainage,1.0,11.0
southwest,54,Large,39.0,1,4.27117919921875,1140.61474609375,1136.3435668945312,1.0,slow_drainage,1.0,11.0
southwest,55,Large,50.0,1,3.78326416015625,1130.1297607421875,1126.3464965820312,1.0,slow_drainage,1.0,9.0
southwest,56,Large,139.0,1,2.159441266741169,1405.72021484375,1403.5607735770088,1.0,slow_drainage,1.0,7.0
southwest,57,Large,,0,,,,,,,
southwest,58,Large,,0,,,,,,,
southwest,59,Large,,0,,,,,,,
southwest,60,Large,,0,,,,,,,
southwest,61,Large,1.0,1,8.552001953125,1113.83154296875,1105.279541015625,1.0,slow_drainage,1.0,10.0
southwest,62,Large,30.0,1,4.67913818359375,1075.0624389648438,1070.38330078125,1.0,slow_drainage,1.0,9.0
southwest,63,Large,,0,,,,,,,
southwest,64,Large,,0,,,,,,,
southwest,65,Large,,0,,,,,,,
southwest,66,Large,,0,,,,,,,
southwest,67,Large,27.0,1,4.7791748046875,1136.916015625,1132.1368408203125,1.0,slow_drainage,1.0,7.0
southwest,68,Large,,0,,,,,,,
southwest,69,Large,163.0,1,1.88922119140625,1244.493896484375,1242.6046752929688,1.0,stable_after_recharge,2.0,6.0
southwest,70,Large,,0,,,,,,,
southwest,71,Large,,0,,,,,,,
southwest,72,Large,46.0,1,4.0093994140625,1050.4658203125,1046.4564208984375,1.0,stable_after_recharge,2.0,16.0
southwest,73,Large,,0,,,,,,,
southwest,74,Large,,0,,,,,,,
southwest,75,Large,156.0,1,1.9832763671875,1347.2525634765625,1345.269287109375,1.0,slow_drainage,1.0,9.0
southwest,76,Large,12.0,1,6.83123779296875,1175.8324584960938,1169.001220703125,1.0,slow_drainage,1.0,12.0
southwest,77,Large,,0,,,,,,,
southwest,78,Large,16.0,1,5.77496337890625,1330.235107421875,1324.4601440429688,1.0,slow_drainage,1.0,8.0
southwest,79,Large,,0,,,,,,,
southwest,80,Large,,0,,,,,,,
southwest,81,Large,,0,,,,,,,
southwest,82,Large,5.0,1,7.775109863281159,1096.2100219726562,1088.434912109375,1.0,slow_drainage,1.0,9.0
southwest,83,Large,3.0,1,7.882575988769531,932.1276550292968,924.2450790405272,1.0,slow_drainage,1.0,10.0
southwest,84,Large,,0,,,,,,,
southwest,85,Large,100.0,1,2.594959347746908,1033.161865234375,1030.566905886628,1.0,slow_drainage,1.0,9.0
southwest,86,Large,32.0,1,4.58392333984375,1147.9541015625,1143.3701782226562,1.0,slow_drainage,1.0,16.0
southwest,87,Large,,0,,,,,,,
southwest,88,Large,25.0,1,4.8201281954122805,1176.2363891601562,1171.416260964744,1.0,slow_drainage,1.0,12.0
southwest,89,Large,72.0,1,3.226318359375,1382.739990234375,1379.513671875,1.0,slow_drainage,1.0,8.0
southwest,90,Large,,0,,,,,,,
southwest,91,Large,43.0,1,4.172882080078239,987.3999633789062,983.227081298828,1.0,slow_drainage,1.0,10.0
southwest,92,Large,142.0,1,2.15118408203125,1353.1732788085938,1351.0220947265625,1.0,slow_drainage,1.0,5.0
southwest,93,Large,65.0,1,3.4675801595051325,1054.9102783203125,1051.4426981608074,1.0,slow_drainage,1.0,10.0
southwest,94,Large,,0,,,,,,,
southwest,95,Large,,0,,,,,,,
southwest,96,Large,97.0,1,2.6409912109375,1041.955078125,1039.3140869140625,1.0,slow_drainage,1.0,8.0
southwest,97,Medium,,0,,,,,,,
southwest,98,Medium,18.0,1,5.5316162109375,1103.53662109375,1098.0050048828125,1.0,slow_drainage,1.0,12.0
southwest,99,Medium,174.0,1,1.62872314453125,1224.9154663085938,1223.2867431640625,1.0,drainage_after_recharge,0.0,13.0
southwest,100,Medium,,0,,,,,,,
southwest,101,Medium,168.0,1,1.7220190088230538,1310.3839452783543,1308.6619262695312,1.0,slow_drainage,1.0,6.0
southwest,102,Medium,,0,,,,,,,
southwest,103,Medium,,0,,,,,,,
southwest,104,Medium,6.0,1,7.7572021484375,1108.817626953125,1101.0604248046875,1.0,slow_drainage,1.0,11.0
southwest,105,Medium,,0,,,,,,,
southwest,106,Medium,198.0,1,1.17236328125,1223.131103515625,1221.958740234375,1.0,slow_drainage,1.0,8.0
southwest,107,Medium,,0,,,,,,,
southwest,108,Medium,,0,,,,,,,
southwest,109,Medium,,0,,,,,,,
southwest,110,Medium,,0,,,,,,,
southwest,111,Medium,33.0,1,4.551513671875,1120.3732299804688,1115.8217163085938,1.0,slow_drainage,1.0,11.0
southwest,112,Medium,,0,,,,,,,
southwest,113,Medium,,0,,,,,,,
southwest,114,Medium,,0,,,,,,,
southwest,115,Medium,,0,,,,,,,
southwest,116,Medium,81.0,1,3.0450439453125,1069.103759765625,1066.0587158203125,1.0,slow_drainage,1.0,9.0
southwest,117,Medium,105.0,1,2.5367431640625,1343.7491455078125,1341.21240234375,1.0,slow_drainage,1.0,11.0
southwest,118,Medium,71.0,1,3.25927734375,1311.140625,1307.88134765625,1.0,slow_drainage,1.0,10.0
southwest,119,Medium,,0,,,,,,,
southwest,120,Medium,95.0,1,2.722232394748289,1031.3725009494358,1028.6502685546875,1.0,slow_drainage,1.0,11.0
southwest,121,Medium,98.0,1,2.636391194661428,867.6700134277344,865.033622233073,1.0,slow_drainage,1.0,8.0
southwest,122,Medium,,0,,,,,,,
southwest,123,Medium,160.0,1,1.9385986328125,1070.3084716796875,1068.369873046875,1.0,slow_drainage,1.0,6.0
southwest,124,Medium,,0,,,,,,,
southwest,125,Medium,108.0,1,2.4859619140625,1266.272705078125,1263.7867431640625,1.0,slow_drainage,1.0,12.0
southwest,126,Medium,,0,,,,,,,
southwest,127,Medium,,0,,,,,,,
southwest,128,Medium,,0,,,,,,,
southwest,129,Medium,,0,,,,,,,
southwest,130,Medium,,0,,,,,,,
southwest,131,Medium,,0,,,,,,,
southwest,132,Medium,,0,,,,,,,
southwest,133,Medium,,0,,,,,,,
southwest,134,Medium,,0,,,,,,,
southwest,135,Medium,186.0,1,1.4491444219111145,1163.091766357422,1161.642621935511,1.0,slow_drainage,1.0,6.0
southwest,136,Medium,40.0,1,4.20013427734375,1104.6146240234375,1100.4144897460938,1.0,slow_drainage,1.0,9.0
southwest,137,Medium,,0,,,,,,,
southwest,138,Medium,,0,,,,,,,
southwest,139,Medium,199.0,1,1.15972900390625,1288.8934936523438,1287.7337646484375,1.0,slow_drainage,1.0,9.0
southwest,140,Medium,14.0,1,6.38128662109375,1134.1026611328125,1127.7213745117188,1.0,slow_drainage,1.0,11.0
southwest,141,Medium,,0,,,,,,,
southwest,142,Medium,,0,,,,,,,
southwest,143,Medium,,0,,,,,,,
southwest,144,Medium,,0,,,,,,,
southwest,145,Medium,7.0,1,7.610680716378283,1180.6388549804688,1173.0281742640905,1.0,slow_drainage,1.0,16.0
southwest,146,Medium,104.0,1,2.540912334735367,1322.0249633789062,1319.4840510441709,1.0,slow_drainage,1.0,11.0
southwest,147,Medium,56.0,1,3.704345703125,1072.9410400390625,1069.2366943359375,1.0,slow_drainage,1.0,12.0
southwest,148,Medium,182.0,1,1.563720703125,1067.9454345703125,1066.3817138671875,1.0,slow_drainage,1.0,8.0
southwest,149,Medium,69.0,1,3.3003662109374545,1227.758544921875,1224.4581787109375,1.0,slow_drainage,1.0,16.0
southwest,150,Medium,,0,,,,,,,
southwest,151,Medium,,0,,,,,,,
southwest,152,Medium,,0,,,,,,,
southwest,153,Medium,,0,,,,,,,
southwest,154,Medium,,0,,,,,,,
southwest,155,Medium,,0,,,,,,,
southwest,156,Medium,,0,,,,,,,
southwest,157,Medium,,0,,,,,,,
southwest,158,Medium,,0,,,,,,,
southwest,159,Medium,,0,,,,,,,
southwest,160,Medium,135.0,1,2.1839283130786957,1044.2484130859375,1042.0644847728588,1.0,slow_drainage,1.0,9.0
southwest,161,Medium,99.0,1,2.60059435614221,1238.662056758486,1236.0614624023438,1.0,slow_drainage,1.0,7.0
southwest,162,Medium,136.0,1,2.18084716796875,1404.668212890625,1402.4873657226562,1.0,slow_drainage,1.0,7.0
southwest,163,Medium,166.0,1,1.7991409301757812,953.5509643554688,951.751823425293,1.0,slow_drainage,1.0,10.0
southwest,164,Medium,184.0,1,1.54205322265625,1128.1282348632812,1126.586181640625,1.0,slow_drainage,1.0,9.0
southwest,165,Medium,,0,,,,,,,
southwest,166,Medium,,0,,,,,,,
southwest,167,Medium,,0,,,,,,,
southwest,168,Medium,208.0,1,0.6489148262221534,1384.1961059570312,1383.547191130809,1.0,slow_drainage,1.0,7.0
southwest,169,Medium,,0,,,,,,,
southwest,170,Medium,,0,,,,,,,
southwest,171,Medium,157.0,1,1.96099853515625,1100.7855224609375,1098.8245239257812,1.0,slow_drainage,1.0,10.0
southwest,172,Medium,86.0,1,2.957275390625,1189.6103515625,1186.653076171875,1.0,slow_drainage,1.0,7.0
southwest,173,Medium,,0,,,,,,,
southwest,174,Medium,,0,,,,,,,
southwest,175,Medium,19.0,1,5.399023437500091,1082.1368408203125,1076.7378173828124,1.0,slow_drainage,1.0,11.0
southwest,176,Medium,23.0,1,4.967041015625,883.6083984375,878.641357421875,1.0,slow_drainage,1.0,6.0
southwest,177,Medium,207.0,1,0.71783447265625,978.377197265625,977.6593627929688,1.0,slow_drainage,1.0,6.0
southwest,178,Medium,89.0,1,2.8426431191930988,1189.8759765625,1187.033333443307,1.0,slow_drainage,1.0,11.0
southwest,179,Medium,,0,,,,,,,
southwest,180,Medium,,0,,,,,,,
southwest,181,Medium,,0,,,,,,,
southwest,182,Medium,82.0,1,3.0415602463942832,1276.7537841796875,1273.7122239332932,1.0,slow_drainage,1.0,7.0
southwest,183,Medium,116.0,1,2.4052734375,1247.1400146484375,1244.7347412109375,1.0,slow_drainage,1.0,12.0
southwest,184,Medium,,0,,,,,,,
southwest,185,Medium,,0,,,,,,,
southwest,186,Medium,36.0,1,4.3863525390625,938.5612182617188,934.1748657226562,1.0,slow_drainage,1.0,9.0
southwest,187,Medium,164.0,1,1.8829345703125,1250.7076416015625,1248.82470703125,1.0,drainage_after_recharge,0.0,12.0
southwest,188,Medium,,0,,,,,,,
southwest,189,Medium,20.0,1,5.040771484375,1052.606201171875,1047.5654296875,1.0,slow_drainage,1.0,10.0
southwest,190,Medium,,0,,,,,,,
southwest,191,Medium,144.0,1,2.1253662109375,1060.854736328125,1058.7293701171875,1.0,slow_drainage,1.0,12.0
southwest,192,Medium,,0,,,,,,,
southwest,193,Medium,107.0,1,2.4977111816408524,967.8270263671876,965.3293151855468,1.0,slow_drainage,1.0,11.0
southwest,194,Medium,151.0,1,2.031005859375,1037.5870361328125,1035.5560302734375,1.0,slow_drainage,1.0,12.0
southwest,195,Medium,,0,,,,,,,
southwest,196,Medium,,0,,,,,,,
southwest,197,Medium,94.0,1,2.74920654296875,1170.5602416992188,1167.81103515625,1.0,slow_drainage,1.0,13.0
southwest,198,Medium,175.0,1,1.593902587890511,950.4655456542968,948.8716430664062,1.0,slow_drainage,1.0,6.0
southwest,199,Medium,38.0,1,4.27864100077943,992.2238924656232,987.9452514648438,1.0,slow_drainage,1.0,13.0
southwest,200,Medium,78.0,1,3.10028076171875,1043.4119873046875,1040.3117065429688,1.0,slow_drainage,1.0,11.0
southwest,201,Medium,178.0,1,1.5697021484375,1021.9435424804688,1020.3738403320312,1.0,slow_drainage,1.0,7.0
southwest,202,Medium,,0,,,,,,,
southwest,203,Medium,53.0,1,3.724945068359375,1232.317626953125,1228.5926818847656,1.0,slow_drainage,1.0,10.0
southwest,204,Medium,31.0,1,4.60604422433039,1186.604213169643,1181.9981689453125,1.0,slow_drainage,1.0,9.0
southwest,205,Medium,73.0,1,3.2237670898437045,1288.79248046875,1285.5687133789063,1.0,slow_drainage,1.0,13.0
southwest,206,Medium,,0,,,,,,,
southwest,207,Medium,,0,,,,,,,
southwest,208,Medium,,0,,,,,,,
southwest,209,Medium,,0,,,,,,,
southwest,210,Medium,189.0,1,1.396717900815247,1350.2359512992527,1348.8392333984375,1.0,slow_drainage,1.0,7.0
southwest,211,Medium,112.0,1,2.4525146484375,1356.8934326171875,1354.44091796875,1.0,slow_drainage,1.0,6.0
southwest,212,Medium,129.0,1,2.2476806640625,1199.819580078125,1197.5718994140625,1.0,slow_drainage,1.0,12.0
southwest,213,Medium,,0,,,,,,,
southwest,214,Medium,143.0,1,2.146240234375,1186.2402954101562,1184.0940551757812,1.0,drainage_after_recharge,0.0,10.0
southwest,215,Medium,,0,,,,,,,
southwest,216,Medium,,0,,,,,,,
southwest,217,Medium,,0,,,,,,,
southwest,218,Medium,,0,,,,,,,
southwest,219,Medium,8.0,1,7.563232421875,904.5568237304688,896.9935913085938,1.0,slow_drainage,1.0,8.0
southwest,220,Medium,,0,,,,,,,
southwest,221,Medium,,0,,,,,,,
southwest,222,Medium,,0,,,,,,,
southwest,223,Medium,,0,,,,,,,
southwest,224,Medium,,0,,,,,,,
southwest,225,Medium,145.0,1,2.1226970393483957,1218.3294677734375,1216.206770734089,1.0,slow_drainage,1.0,10.0
southwest,226,Medium,,0,,,,,,,
southwest,227,Medium,,0,,,,,,,
southwest,228,Medium,70.0,1,3.2735595703125,1163.9342041015625,1160.66064453125,1.0,slow_drainage,1.0,12.0
southwest,229,Medium,,0,,,,,,,
southwest,230,Medium,,0,,,,,,,
southwest,231,Medium,,0,,,,,,,
southwest,232,Medium,,0,,,,,,,
southwest,233,Medium,158.0,1,1.9542236328125,1244.5980224609375,1242.643798828125,1.0,slow_drainage,1.0,8.0
southwest,234,Medium,146.0,1,2.107177734375,1202.287353515625,1200.18017578125,1.0,slow_drainage,1.0,10.0
southwest,235,Medium,,0,,,,,,,
southwest,236,Medium,57.0,1,3.659104291130461,1245.6129760742188,1241.9538717830883,1.0,slow_drainage,1.0,13.0
southwest,237,Medium,155.0,1,1.9920639038086847,1315.9031356811524,1313.9110717773438,1.0,slow_drainage,1.0,8.0
southwest,238,Medium,190.0,1,1.394622802734375,949.7997436523438,948.4051208496094,1.0,drainage_after_recharge,0.0,9.0
southwest,239,Medium,,0,,,,,,,
southwest,240,Medium,52.0,1,3.736724853515625,910.6443481445312,906.9076232910156,1.0,slow_drainage,1.0,7.0
southwest,241,Medium,,0,,,,,,,
southwest,242,Medium,,0,,,,,,,
southwest,243,Medium,76.0,1,3.1744384765625,1117.7271728515625,1114.552734375,1.0,slow_drainage,1.0,11.0
southwest,244,Medium,2.0,1,8.524169921875,870.3448486328125,861.8206787109375,1.0,slow_drainage,1.0,13.0
southwest,245,Medium,132.0,1,2.2173156738282387,923.3001708984376,921.0828552246094,1.0,slow_drainage,1.0,8.0
southwest,246,Medium,64.0,1,3.50494384765625,1284.7954711914062,1281.29052734375,1.0,slow_drainage,1.0,8.0
southwest,247,Medium,,0,,,,,,,
southwest,248,Medium,,0,,,,,,,
southwest,249,Medium,,0,,,,,,,
southwest,250,Medium,,0,,,,,,,
southwest,251,Medium,,0,,,,,,,
southwest,252,Medium,,0,,,,,,,
southwest,253,Medium,,0,,,,,,,
southwest,254,Medium,47.0,1,3.971862792968636,932.1768798828124,928.2050170898438,1.0,slow_drainage,1.0,9.0
southwest,255,Medium,,0,,,,,,,
southwest,256,Medium,,0,,,,,,,
southwest,257,Medium,,0,,,,,,,
southwest,258,Medium,67.0,1,3.417236328125,852.9459838867188,849.5287475585938,1.0,slow_drainage,1.0,8.0
southwest,259,Medium,,0,,,,,,,
southwest,260,Medium,29.0,1,4.706420898437386,1000.3648681640624,995.658447265625,1.0,slow_drainage,1.0,13.0
southwest,261,Medium,,0,,,,,,,
southwest,262,Medium,,0,,,,,,,
southwest,263,Medium,,0,,,,,,,
southwest,264,Medium,,0,,,,,,,
southwest,265,Medium,,0,,,,,,,
southwest,266,Medium,,0,,,,,,,
southwest,267,Medium,,0,,,,,,,
southwest,268,Medium,,0,,,,,,,
southwest,269,Medium,,0,,,,,,,
southwest,270,Medium,55.0,1,3.7147779464720543,993.6521606445312,989.9373826980592,1.0,slow_drainage,1.0,11.0
southwest,271,Medium,91.0,1,2.78143310546875,848.723388671875,845.9419555664062,1.0,slow_drainage,1.0,10.0
southwest,272,Medium,,0,,,,,,,
southwest,273,Medium,,0,,,,,,,
southwest,274,Medium,162.0,1,1.90338134765625,1051.2151489257812,1049.311767578125,1.0,slow_drainage,1.0,12.0
southwest,275,Medium,,0,,,,,,,
southwest,276,Medium,4.0,1,7.8250732421875,1004.0148315429688,996.1897583007812,1.0,slow_drainage,1.0,11.0
southwest,277,Medium,,0,,,,,,,
southwest,278,Medium,,0,,,,,,,
southwest,279,Medium,,0,,,,,,,
southwest,280,Medium,,0,,,,,,,
southwest,281,Medium,,0,,,,,,,
southwest,282,Medium,,0,,,,,,,
southwest,283,Medium,,0,,,,,,,
southwest,284,Medium,84.0,1,2.9652099609375,997.0338745117188,994.0686645507812,1.0,slow_drainage,1.0,11.0
southwest,285,Medium,124.0,1,2.297607421875,1330.4503173828125,1328.1527099609375,1.0,slow_drainage,1.0,12.0
southwest,286,Medium,,0,,,,,,,
southwest,287,Medium,,0,,,,,,,
southwest,288,Medium,28.0,1,4.775085449218864,993.4832763671876,988.7081909179688,1.0,slow_drainage,1.0,10.0
southwest,289,Medium,152.0,1,2.02703857421875,1350.0343017578125,1348.0072631835938,1.0,slow_drainage,1.0,6.0
southwest,290,Medium,41.0,1,4.195529513888914,1103.49267578125,1099.297146267361,1.0,slow_drainage,1.0,11.0
southwest,291,Medium,,0,,,,,,,
southwest,292,Medium,,0,,,,,,,
southwest,293,Medium,180.0,1,1.5661853908263763,1240.5360950587951,1238.9699096679688,1.0,slow_drainage,1.0,12.0
southwest,294,Medium,,0,,,,,,,
southwest,295,Medium,,0,,,,,,,
southwest,296,Medium,115.0,1,2.4153576362421063,1045.187574433117,1042.772216796875,1.0,slow_drainage,1.0,9.0
southwest,297,Medium,,0,,,,,,,
southwest,298,Medium,137.0,1,2.1711222330729925,1100.2402954101562,1098.0691731770833,1.0,slow_drainage,1.0,11.0
southwest,299,Medium,,0,,,,,,,
southwest,300,Medium,,0,,,,,,,
southwest,301,Medium,,0,,,,,,,
southwest,302,Medium,62.0,1,3.587005615234375,977.492156982422,973.9051513671876,1.0,slow_drainage,1.0,11.0
southwest,303,Medium,,0,,,,,,,
southwest,304,Medium,,0,,,,,,,
southwest,305,Medium,,0,,,,,,,
southwest,306,Medium,,0,,,,,,,
southwest,307,Medium,,0,,,,,,,
southwest,308,Medium,,0,,,,,,,
southwest,309,Medium,75.0,1,3.2066040039061363,1018.3026733398438,1015.0960693359376,1.0,slow_drainage,1.0,11.0
southwest,310,Medium,,0,,,,,,,
southwest,311,Medium,117.0,1,2.378173828125,1078.436767578125,1076.05859375,1.0,slow_drainage,1.0,11.0
southwest,312,Medium,,0,,,,,,,
southwest,313,Medium,,0,,,,,,,
southwest,314,Medium,,0,,,,,,,
southwest,315,Medium,,0,,,,,,,
southwest,316,Medium,,0,,,,,,,
southwest,317,Medium,109.0,1,2.47808837890625,1243.6229858398438,1241.1448974609375,1.0,drainage_after_recharge,0.0,12.0
southwest,318,Medium,,0,,,,,,,
southwest,319,Medium,,0,,,,,,,
southwest,320,Medium,,0,,,,,,,
southwest,321,Medium,,0,,,,,,,
southwest,322,Medium,,0,,,,,,,
southwest,323,Medium,,0,,,,,,,
southwest,324,Medium,,0,,,,,,,
southwest,325,Medium,,0,,,,,,,
southwest,326,Medium,,0,,,,,,,
southwest,327,Medium,,0,,,,,,,
southwest,328,Medium,187.0,1,1.4227952223557168,1129.3125657301682,1127.8897705078125,1.0,slow_drainage,1.0,7.0
southwest,329,Medium,,0,,,,,,,
southwest,330,Medium,,0,,,,,,,
southwest,331,Medium,179.0,1,1.56866455078125,1394.9570922851562,1393.388427734375,1.0,slow_drainage,1.0,7.0
southwest,332,Medium,13.0,1,6.572955031621973,668.5198544456845,661.9468994140625,1.0,slow_drainage,1.0,11.0
southwest,333,Medium,,0,,,,,,,
southwest,334,Medium,,0,,,,,,,
southwest,335,Medium,,0,,,,,,,
southwest,336,Medium,63.0,1,3.53643798828125,1020.7861328125,1017.2496948242188,1.0,slow_drainage,1.0,13.0
southwest,337,Medium,,0,,,,,,,
southwest,338,Medium,,0,,,,,,,
southwest,339,Medium,,0,,,,,,,
southwest,340,Medium,197.0,1,1.244873046875,1382.50634765625,1381.261474609375,1.0,slow_drainage,1.0,11.0
southwest,341,Medium,,0,,,,,,,
southwest,342,Medium,130.0,1,2.2427978515625,1122.01611328125,1119.7733154296875,1.0,slow_drainage,1.0,5.0
southwest,343,Medium,96.0,1,2.6522216796875,815.173583984375,812.5213623046875,1.0,slow_drainage,1.0,9.0
southwest,344,Medium,101.0,1,2.58905029296875,1034.4456787109375,1031.8566284179688,1.0,slow_drainage,1.0,11.0
southwest,345,Medium,171.0,1,1.6650365648977186,1314.5968735638787,1312.931836998981,1.0,slow_drainage,1.0,11.0
southwest,346,Medium,,0,,,,,,,
southwest,347,Medium,,0,,,,,,,
southwest,348,Medium,202.0,1,1.066650390625,1156.1409912109375,1155.0743408203125,1.0,slow_drainage,1.0,7.0
southwest,349,Medium,,0,,,,,,,
southwest,350,Medium,,0,,,,,,,
southwest,351,Medium,,0,,,,,,,
southwest,352,Medium,,0,,,,,,,
southwest,353,Medium,,0,,,,,,,
southwest,354,Medium,177.0,1,1.57733154296875,1320.8406982421875,1319.2633666992188,1.0,slow_drainage,1.0,11.0
southwest,355,Medium,,0,,,,,,,
southwest,356,Medium,161.0,1,1.906005859375,848.9742431640625,847.0682373046875,1.0,slow_drainage,1.0,6.0
southwest,357,Medium,,0,,,,,,,
southwest,358,Medium,121.0,1,2.3601787150407745,1294.396372562697,1292.0361938476562,1.0,slow_drainage,1.0,7.0
southwest,359,Medium,,0,,,,,,,
southwest,360,Medium,,0,,,,,,,
southwest,361,Medium,,0,,,,,,,
southwest,362,Medium,,0,,,,,,,
southwest,363,Medium,,0,,,,,,,
southwest,364,Medium,74.0,1,3.21240234375,916.9481811523438,913.7357788085938,1.0,slow_drainage,1.0,12.0
southwest,365,Medium,,0,,,,,,,
southwest,366,Medium,44.0,1,4.12567138671875,922.25390625,918.1282348632812,1.0,slow_drainage,1.0,8.0
southwest,367,Medium,,0,,,,,,,
southwest,368,Medium,,0,,,,,,,
southwest,369,Medium,,0,,,,,,,
southwest,370,Medium,,0,,,,,,,
southwest,371,Medium,,0,,,,,,,
southwest,372,Medium,,0,,,,,,,
southwest,373,Medium,149.0,1,2.07000732421875,776.279296875,774.2092895507812,1.0,slow_drainage,1.0,5.0
southwest,374,Medium,,0,,,,,,,
southwest,375,Medium,172.0,1,1.6634521484375,1249.0284423828125,1247.364990234375,1.0,slow_drainage,1.0,12.0
southwest,376,Medium,,0,,,,,,,
southwest,377,Medium,,0,,,,,,,
southwest,378,Medium,,0,,,,,,,
southwest,379,Medium,,0,,,,,,,
southwest,380,Medium,192.0,1,1.3685729980469432,1002.195281982422,1000.826708984375,1.0,slow_drainage,1.0,8.0
southwest,381,Medium,123.0,1,2.35443115234375,1196.1275634765625,1193.7731323242188,1.0,slow_drainage,1.0,11.0
southwest,382,Medium,,0,,,,,,,
southwest,383,Medium,,0,,,,,,,
southwest,384,Medium,,0,,,,,,,
southwest,385,Medium,125.0,1,2.2556915283203125,1063.1021728515625,1060.8464813232422,1.0,slow_drainage,1.0,9.0
southwest,386,Medium,,0,,,,,,,
southwest,387,Medium,,0,,,,,,,
southwest,388,Medium,,0,,,,,,,
southwest,389,Medium,,0,,,,,,,
southwest,390,Medium,,0,,,,,,,
southwest,391,Medium,191.0,1,1.3829345703125,1335.4588623046875,1334.075927734375,1.0,slow_drainage,1.0,6.0
southwest,392,Medium,,0,,,,,,,
southwest,393,Medium,,0,,,,,,,
southwest,394,Medium,92.0,1,2.76385498046875,1023.854248046875,1021.0903930664062,1.0,slow_drainage,1.0,12.0
southwest,395,Medium,,0,,,,,,,
southwest,396,Medium,,0,,,,,,,
southwest,397,Medium,,0,,,,,,,
southwest,398,Medium,,0,,,,,,,
southwest,399,Medium,,0,,,,,,,
southwest,400,Medium,,0,,,,,,,
southwest,401,Medium,79.0,1,3.08984375,878.9684753417969,875.8786315917969,1.0,slow_drainage,1.0,13.0
southwest,402,Medium,134.0,1,2.18524169921875,1230.83349609375,1228.6482543945312,1.0,slow_drainage,1.0,11.0
southwest,403,Medium,,0,,,,,,,
southwest,404,Medium,,0,,,,,,,
southwest,405,Medium,,0,,,,,,,
southwest,406,Medium,,0,,,,,,,
southwest,407,Medium,,0,,,,,,,
southwest,408,Medium,,0,,,,,,,
southwest,409,Medium,,0,,,,,,,
southwest,410,Medium,,0,,,,,,,
southwest,411,Medium,,0,,,,,,,
southwest,412,Medium,,0,,,,,,,
southwest,413,Medium,,0,,,,,,,
southwest,414,Medium,,0,,,,,,,
southwest,415,Medium,,0,,,,,,,
southwest,416,Medium,,0,,,,,,,
southwest,417,Medium,,0,,,,,,,
southwest,418,Medium,193.0,1,1.343965970552972,1086.2139892578125,1084.8700232872595,1.0,slow_drainage,1.0,6.0
southwest,419,Medium,,0,,,,,,,
southwest,420,Medium,,0,,,,,,,
southwest,421,Medium,113.0,1,2.425598871140324,931.946757725307,929.5211588541666,1.0,slow_drainage,1.0,9.0
southwest,422,Medium,,0,,,,,,,
southwest,423,Medium,,0,,,,,,,
southwest,424,Medium,,0,,,,,,,
southwest,425,Medium,,0,,,,,,,
southwest,426,Medium,150.0,1,2.059263662439889,1291.398863271815,1289.339599609375,1.0,slow_drainage,1.0,8.0
southwest,427,Medium,,0,,,,,,,
southwest,428,Medium,24.0,1,4.8599853515625,1176.2510986328125,1171.39111328125,1.0,slow_drainage,1.0,13.0
southwest,429,Medium,,0,,,,,,,
southwest,430,Medium,,0,,,,,,,
southwest,431,Medium,87.0,1,2.934539794921875,899.7569885253906,896.8224487304688,1.0,slow_drainage,1.0,6.0
southwest,432,Medium,,0,,,,,,,
southwest,433,Medium,200.0,1,1.1136474609375,1366.5897216796875,1365.47607421875,1.0,slow_drainage,1.0,8.0
southwest,434,Medium,,0,,,,,,,
southwest,435,Medium,138.0,1,2.170257568359375,881.96484375,879.7945861816406,1.0,slow_drainage,1.0,9.0
southwest,436,Medium,,0,,,,,,,
southwest,437,Medium,,0,,,,,,,
southwest,438,Medium,,0,,,,,,,
southwest,439,Medium,,0,,,,,,,
southwest,440,Medium,153.0,1,1.99716816251248,1309.2973022460938,1307.3001340835813,1.0,drainage_after_recharge,0.0,13.0
southwest,441,Medium,,0,,,,,,,
southwest,442,Medium,61.0,1,3.5968017578125,1207.451171875,1203.8543701171875,1.0,slow_drainage,1.0,13.0
southwest,443,Medium,,0,,,,,,,
southwest,444,Medium,,0,,,,,,,
southwest,445,Medium,,0,,,,,,,
southwest,446,Medium,,0,,,,,,,
southwest,447,Medium,,0,,,,,,,
southwest,448,Medium,,0,,,,,,,
southwest,449,Medium,,0,,,,,,,
southwest,450,Medium,,0,,,,,,,
southwest,451,Medium,,0,,,,,,,
southwest,452,Medium,170.0,1,1.68393554687475,986.4078369140624,984.7239013671876,1.0,slow_drainage,1.0,5.0
southwest,453,Medium,,0,,,,,,,
southwest,454,Medium,,0,,,,,,,
southwest,455,Medium,194.0,1,1.3150634765625,1061.495361328125,1060.1802978515625,1.0,slow_drainage,1.0,8.0
southwest,456,Medium,45.0,1,4.064819335937614,964.8529052734376,960.7880859375,1.0,slow_drainage,1.0,7.0
southwest,457,Medium,167.0,1,1.7380940755208485,1021.987345377604,1020.2492513020832,1.0,slow_drainage,1.0,7.0
southwest,458,Medium,183.0,1,1.5601806640625,1143.206298828125,1141.6461181640625,1.0,slow_drainage,1.0,10.0
southwest,459,Medium,,0,,,,,,,
southwest,460,Medium,68.0,1,3.37725830078125,1208.5473022460938,1205.1700439453125,1.0,slow_drainage,1.0,9.0
southwest,461,Medium,,0,,,,,,,
southwest,462,Medium,,0,,,,,,,
southwest,463,Medium,77.0,1,3.135406494140625,890.5843811035156,887.448974609375,1.0,slow_drainage,1.0,7.0
southwest,464,Medium,,0,,,,,,,
southwest,465,Medium,,0,,,,,,,
southwest,466,Medium,,0,,,,,,,
southwest,467,Medium,,0,,,,,,,
southwest,468,Medium,,0,,,,,,,
southwest,469,Medium,,0,,,,,,,
southwest,470,Medium,114.0,1,2.41900634765625,956.6553344726562,954.236328125,1.0,slow_drainage,1.0,10.0
southwest,471,Medium,,0,,,,,,,
southwest,472,Medium,,0,,,,,,,
southwest,473,Medium,,0,,,,,,,
southwest,474,Medium,,0,,,,,,,
southwest,475,Medium,,0,,,,,,,
southwest,476,Medium,,0,,,,,,,
southwest,477,Medium,,0,,,,,,,
southwest,478,Medium,,0,,,,,,,
southwest,479,Medium,,0,,,,,,,
southwest,480,Medium,,0,,,,,,,
southwest,481,Medium,,0,,,,,,,
southwest,482,Medium,,0,,,,,,,
southwest,483,Medium,,0,,,,,,,
southwest,484,Medium,,0,,,,,,,
southwest,485,Medium,,0,,,,,,,
southwest,486,Medium,,0,,,,,,,
southwest,487,Medium,,0,,,,,,,
southwest,488,Medium,,0,,,,,,,
southwest,489,Medium,,0,,,,,,,
southwest,490,Medium,,0,,,,,,,
southwest,491,Medium,,0,,,,,,,
southwest,492,Medium,165.0,1,1.882080078125,1247.2459716796875,1245.3638916015625,1.0,slow_drainage,1.0,11.0
southwest,493,Medium,,0,,,,,,,
southwest,494,Medium,,0,,,,,,,
southwest,495,Medium,,0,,,,,,,
southwest,496,Medium,195.0,1,1.29681396484375,1022.4525756835938,1021.15576171875,1.0,slow_drainage,1.0,6.0
southwest,497,Medium,,0,,,,,,,
southwest,498,Medium,131.0,1,2.23394775390625,1202.320068359375,1200.0861206054688,1.0,slow_drainage,1.0,11.0
southwest,499,Medium,,0,,,,,,,
southwest,500,Medium,,0,,,,,,,
southwest,501,Medium,,0,,,,,,,
southwest,502,Medium,,0,,,,,,,
southwest,503,Medium,148.0,1,2.1004638671873863,968.8025817871094,966.702117919922,1.0,slow_drainage,1.0,7.0
southwest,504,Medium,66.0,1,3.45623779296875,820.9535522460938,817.497314453125,1.0,slow_drainage,1.0,7.0
southwest,505,Medium,,0,,,,,,,
southwest,506,Medium,,0,,,,,,,
southwest,507,Medium,,0,,,,,,,
southwest,508,Medium,,0,,,,,,,
southwest,509,Medium,,0,,,,,,,
southwest,510,Medium,,0,,,,,,,
southwest,511,Medium,,0,,,,,,,
southwest,512,Medium,,0,,,,,,,
southwest,513,Medium,,0,,,,,,,
southwest,514,Medium,,0,,,,,,,
southwest,515,Medium,201.0,1,1.074125313464492,1402.5760498046875,1401.501924491223,1.0,slow_drainage,1.0,11.0
southwest,516,Medium,,0,,,,,,,
southwest,517,Medium,,0,,,,,,,
southwest,518,Medium,,0,,,,,,,
southwest,519,Medium,,0,,,,,,,
southwest,520,Medium,,0,,,,,,,
southwest,521,Medium,,0,,,,,,,
southwest,522,Medium,93.0,1,2.7516886393229925,1030.2464396158855,1027.4947509765625,1.0,slow_drainage,1.0,11.0
southwest,523,Medium,,0,,,,,,,
southwest,524,Medium,,0,,,,,,,
southwest,525,Medium,,0,,,,,,,
southwest,526,Medium,,0,,,,,,,
southwest,527,Medium,,0,,,,,,,
southwest,528,Medium,,0,,,,,,,
southwest,529,Medium,,0,,,,,,,
southwest,530,Medium,,0,,,,,,,
southwest,531,Medium,,0,,,,,,,
southwest,532,Medium,,0,,,,,,,
southwest,533,Medium,,0,,,,,,,
southwest,534,Medium,,0,,,,,,,
southwest,535,Medium,,0,,,,,,,
southwest,536,Medium,35.0,1,4.508239746093636,971.0992431640624,966.5910034179688,1.0,slow_drainage,1.0,8.0
southwest,537,Medium,,0,,,,,,,
southwest,538,Medium,119.0,1,2.3633626302083712,915.6765950520834,913.313232421875,1.0,slow_drainage,1.0,11.0
southwest,539,Medium,,0,,,,,,,
southwest,540,Medium,,0,,,,,,,
southwest,541,Medium,,0,,,,,,,
southwest,542,Medium,80.0,1,3.04937744140625,1056.3065185546875,1053.2571411132812,1.0,slow_drainage,1.0,13.0
southwest,543,Medium,,0,,,,,,,
southwest,544,Medium,,0,,,,,,,
southwest,545,Medium,,0,,,,,,,
southwest,546,Medium,,0,,,,,,,
southwest,547,Medium,,0,,,,,,,
southwest,548,Medium,,0,,,,,,,
southwest,549,Medium,,0,,,,,,,
southwest,550,Medium,,0,,,,,,,
southwest,551,Medium,,0,,,,,,,
southwest,552,Medium,,0,,,,,,,
southwest,553,Medium,,0,,,,,,,
southwest,554,Medium,,0,,,,,,,
southwest,555,Medium,,0,,,,,,,
southwest,556,Medium,,0,,,,,,,
southwest,557,Medium,,0,,,,,,,
southwest,558,Medium,,0,,,,,,,
southwest,559,Medium,,0,,,,,,,
southwest,560,Medium,,0,,,,,,,
southwest,561,Medium,,0,,,,,,,
southwest,562,Medium,,0,,,,,,,
southwest,563,Medium,,0,,,,,,,
southwest,564,Medium,,0,,,,,,,
southwest,565,Medium,,0,,,,,,,
southwest,566,Medium,,0,,,,,,,
southwest,567,Medium,,0,,,,,,,
southwest,568,Medium,,0,,,,,,,
southwest,569,Medium,,0,,,,,,,
southwest,570,Medium,,0,,,,,,,
southwest,571,Medium,,0,,,,,,,
southwest,572,Medium,,0,,,,,,,
southwest,573,Medium,,0,,,,,,,
southwest,574,Medium,,0,,,,,,,
southwest,575,Medium,,0,,,,,,,
southwest,576,Medium,,0,,,,,,,
southwest,577,Medium,,0,,,,,,,
southwest,578,Medium,,0,,,,,,,
southwest,579,Medium,,0,,,,,,,
southwest,580,Medium,,0,,,,,,,
southwest,581,Medium,,0,,,,,,,
southwest,582,Medium,,0,,,,,,,
southwest,583,Medium,48.0,1,3.843994140625,1309.0477294921875,1305.2037353515625,1.0,slow_drainage,1.0,5.0
southwest,584,Medium,,0,,,,,,,
southwest,585,Medium,,0,,,,,,,
southwest,586,Medium,,0,,,,,,,
southwest,587,Medium,,0,,,,,,,
southwest,588,Medium,122.0,1,2.3559875488280118,920.05859375,917.702606201172,1.0,slow_drainage,1.0,6.0
southwest,589,Medium,,0,,,,,,,
southwest,590,Medium,,0,,,,,,,
southwest,591,Medium,102.0,1,2.57305908203125,1194.135498046875,1191.5624389648438,1.0,slow_drainage,1.0,9.0
southwest,592,Medium,,0,,,,,,,
southwest,593,Medium,,0,,,,,,,
southwest,594,Medium,83.0,1,2.969207763671648,1105.3500366210938,1102.380828857422,1.0,slow_drainage,1.0,9.0
southwest,595,Medium,111.0,1,2.460205078125,1208.05126953125,1205.591064453125,1.0,slow_drainage,1.0,11.0
southwest,596,Medium,,0,,,,,,,
southwest,597,Medium,,0,,,,,,,
southwest,598,Medium,,0,,,,,,,
southwest,599,Medium,,0,,,,,,,
southwest,600,Medium,,0,,,,,,,
southwest,601,Medium,,0,,,,,,,
southwest,602,Medium,,0,,,,,,,
southwest,603,Medium,,0,,,,,,,
southwest,604,Medium,,0,,,,,,,
southwest,605,Medium,,0,,,,,,,
southwest,606,Medium,,0,,,,,,,
southwest,607,Medium,,0,,,,,,,
southwest,608,Medium,,0,,,,,,,
southwest,609,Medium,,0,,,,,,,
southwest,610,Medium,140.0,1,2.1580810546875,1058.731201171875,1056.5731201171875,1.0,slow_drainage,1.0,9.0
southwest,611,Medium,,0,,,,,,,
southwest,612,Medium,,0,,,,,,,
southwest,613,Medium,,0,,,,,,,
southwest,614,Medium,,0,,,,,,,
southwest,615,Medium,,0,,,,,,,
southwest,616,Medium,110.0,1,2.465005380135949,981.4345703125,978.969564932364,1.0,slow_drainage,1.0,9.0
southwest,617,Medium,,0,,,,,,,
southwest,618,Medium,,0,,,,,,,
southwest,619,Medium,,0,,,,,,,
southwest,620,Medium,,0,,,,,,,
southwest,621,Medium,,0,,,,,,,
southwest,622,Medium,,0,,,,,,,
southwest,623,Medium,,0,,,,,,,
southwest,624,Medium,,0,,,,,,,
southwest,625,Medium,205.0,1,0.85272216796875,1361.62158203125,1360.7688598632812,1.0,slow_drainage,1.0,5.0
southwest,626,Medium,159.0,1,1.95062255859375,1170.778564453125,1168.8279418945312,1.0,slow_drainage,1.0,11.0
southwest,627,Medium,,0,,,,,,,
southwest,628,Medium,,0,,,,,,,
southwest,629,Medium,,0,,,,,,,
southwest,630,Medium,,0,,,,,,,
southwest,631,Medium,,0,,,,,,,
southwest,632,Medium,,0,,,,,,,
southwest,633,Medium,,0,,,,,,,
southwest,634,Medium,,0,,,,,,,
southwest,635,Medium,,0,,,,,,,
southwest,636,Medium,169.0,1,1.716736724411021,1037.0008951822915,1035.2841584578805,1.0,slow_drainage,1.0,8.0
southwest,637,Medium,,0,,,,,,,
southwest,638,Medium,204.0,1,0.925855553668498,1352.6260986328125,1351.700243079144,1.0,slow_drainage,1.0,10.0
southwest,639,Medium,,0,,,,,,,
southwest,640,Medium,,0,,,,,,,
southwest,641,Medium,,0,,,,,,,
southwest,642,Medium,,0,,,,,,,
southwest,643,Medium,,0,,,,,,,
southwest,644,Medium,,0,,,,,,,
southwest,645,Medium,,0,,,,,,,
southwest,646,Medium,,0,,,,,,,
southwest,647,Medium,,0,,,,,,,
southwest,648,Medium,,0,,,,,,,
southwest,649,Medium,,0,,,,,,,
southwest,650,Medium,,0,,,,,,,
southwest,651,Medium,,0,,,,,,,
southwest,652,Medium,,0,,,,,,,
southwest,653,Medium,,0,,,,,,,
southwest,654,Medium,,0,,,,,,,
southwest,655,Medium,,0,,,,,,,
southwest,656,Medium,,0,,,,,,,
southwest,657,Medium,,0,,,,,,,
southwest,658,Medium,85.0,1,2.961821242998326,897.2666735379202,894.3048522949218,1.0,slow_drainage,1.0,8.0
southwest,659,Medium,,0,,,,,,,
southwest,660,Medium,,0,,,,,,,
southwest,661,Medium,147.0,1,2.107137044270985,1289.6143798828125,1287.5072428385415,1.0,slow_drainage,1.0,8.0
southwest,662,Medium,,0,,,,,,,
southwest,663,Medium,,0,,,,,,,
southwest,664,Medium,,0,,,,,,,
southwest,665,Medium,,0,,,,,,,
southwest,666,Medium,,0,,,,,,,
southwest,667,Medium,51.0,1,3.77020263671875,1344.3479614257812,1340.5777587890625,1.0,slow_drainage,1.0,7.0
southwest,668,Medium,59.0,1,3.618011474609375,954.7347717285156,951.1167602539062,1.0,slow_drainage,1.0,8.0
southwest,669,Medium,,0,,,,,,,
southwest,670,Medium,,0,,,,,,,
southwest,671,Medium,,0,,,,,,,
southwest,672,Medium,,0,,,,,,,
southwest,673,Medium,,0,,,,,,,
southwest,674,Medium,,0,,,,,,,
southwest,675,Medium,,0,,,,,,,
southwest,676,Medium,,0,,,,,,,
southwest,677,Medium,103.0,1,2.552413940429801,916.3504333496094,913.7980194091796,1.0,slow_drainage,1.0,8.0
southwest,678,Medium,,0,,,,,,,
southwest,679,Medium,,0,,,,,,,
southwest,680,Medium,203.0,1,1.0617011629701665,1283.6433313248006,1282.5816301618304,1.0,slow_drainage,1.0,7.0
southwest,681,Medium,181.0,1,1.565283203125091,1372.7942504882812,1371.2289672851562,1.0,slow_drainage,1.0,8.0
southwest,682,Medium,,0,,,,,,,
southwest,683,Medium,,0,,,,,,,
southwest,684,Medium,,0,,,,,,,
southwest,685,Medium,,0,,,,,,,
southwest,686,Medium,,0,,,,,,,
southwest,687,Medium,,0,,,,,,,
southwest,688,Medium,,0,,,,,,,
southwest,689,Medium,,0,,,,,,,
southwest,690,Medium,,0,,,,,,,
southwest,691,Medium,,0,,,,,,,
southwest,692,Medium,,0,,,,,,,
southwest,693,Medium,,0,,,,,,,
southwest,694,Medium,,0,,,,,,,
southwest,695,Medium,,0,,,,,,,
southwest,696,Medium,127.0,1,2.2494600736176835,1038.0761108398438,1035.826650766226,1.0,slow_drainage,1.0,9.0
southwest,697,Medium,,0,,,,,,,
southwest,698,Medium,,0,,,,,,,
southwest,699,Medium,,0,,,,,,,
southwest,700,Medium,21.0,1,5.0206298828125,1121.2969970703125,1116.2763671875,1.0,slow_drainage,1.0,17.0
southwest,701,Medium,,0,,,,,,,
southwest,702,Medium,,0,,,,,,,
southwest,703,Medium,,0,,,,,,,
southwest,704,Medium,88.0,1,2.849642240084222,1252.0172447791467,1249.1676025390625,1.0,slow_drainage,1.0,6.0
southwest,705,Medium,,0,,,,,,,
southwest,706,Medium,,0,,,,,,,
southwest,707,Medium,,0,,,,,,,
southwest,708,Medium,,0,,,,,,,
southwest,709,Medium,185.0,1,1.46044921875,1361.8277587890625,1360.3673095703125,1.0,drainage_after_recharge,0.0,10.0
southwest,710,Medium,,0,,,,,,,
southwest,711,Medium,,0,,,,,,,
southwest,712,Medium,,0,,,,,,,
southwest,713,Medium,120.0,1,2.36309814453125,1230.0550537109375,1227.6919555664062,1.0,drainage_after_recharge,0.0,14.0
southwest,714,Medium,,0,,,,,,,
southwest,715,Medium,,0,,,,,,,
southwest,716,Medium,,0,,,,,,,
southwest,717,Medium,133.0,1,2.19183349609375,1244.2355346679688,1242.043701171875,1.0,slow_drainage,1.0,12.0
southwest,718,Medium,,0,,,,,,,
southwest,719,Medium,,0,,,,,,,
southwest,720,Medium,176.0,1,1.5866292317707575,1248.863037109375,1247.2764078776042,1.0,slow_drainage,1.0,12.0
southwest,721,Medium,,0,,,,,,,
southwest,722,Medium,206.0,1,0.813853236606974,998.6473127092634,997.8334594726564,1.0,slow_drainage,1.0,5.0
southwest,723,Medium,,0,,,,,,,
southwest,724,Medium,,0,,,,,,,
southwest,725,Medium,,0,,,,,,,
southwest,726,Medium,,0,,,,,,,
southwest,727,Medium,,0,,,,,,,
southwest,728,Medium,,0,,,,,,,
southwest,729,Medium,,0,,,,,,,
southwest,730,Medium,,0,,,,,,,
southwest,731,Medium,,0,,,,,,,
southwest,732,Medium,,0,,,,,,,
southwest,733,Medium,126.0,1,2.255475725446104,1049.652099609375,1047.396623883929,1.0,slow_drainage,1.0,11.0
southwest,734,Medium,188.0,1,1.4092011951265704,1383.9001883370536,1382.490987141927,1.0,slow_drainage,1.0,6.0
southwest,735,Medium,,0,,,,,,,
southwest,736,Medium,,0,,,,,,,
southwest,737,Medium,106.0,1,2.51190185546875,1187.8723754882812,1185.3604736328125,1.0,slow_drainage,1.0,8.0
southwest,738,Medium,,0,,,,,,,
southwest,739,Medium,,0,,,,,,,
southwest,740,Medium,196.0,1,1.2899169921875,1331.6302490234375,1330.34033203125,1.0,slow_drainage,1.0,13.0
southwest,741,Medium,128.0,1,2.247802734375,1144.6849365234375,1142.4371337890625,1.0,slow_drainage,1.0,9.0
southwest,742,Medium,,0,,,,,,,
southwest,743,Medium,,0,,,,,,,
southwest,744,Medium,58.0,1,3.629414876302121,888.216796875,884.5873819986979,1.0,slow_drainage,1.0,8.0
southwest,745,Medium,,0,,,,,,,
southwest,746,Medium,,0,,,,,,,
southwest,747,Medium,,0,,,,,,,
southwest,748,Medium,,0,,,,,,,
southwest,749,Medium,,0,,,,,,,
southwest,750,Medium,,0,,,,,,,
southwest,751,Medium,,0,,,,,,,
southwest,752,Small,,0,,,,,,,
southwest,753,Small,,0,,,,,,,
southwest,754,Small,,0,,,,,,,
southwest,755,Small,,0,,,,,,,
southwest,756,Small,,0,,,,,,,
southwest,757,Small,,0,,,,,,,
southwest,758,Small,,0,,,,,,,
southwest,759,Small,,0,,,,,,,
southwest,760,Small,,0,,,,,,,
southwest,761,Small,,0,,,,,,,
southwest,762,Small,,0,,,,,,,
southwest,763,Small,,0,,,,,,,
southwest,764,Small,,0,,,,,,,
southwest,765,Small,,0,,,,,,,
southwest,766,Small,,0,,,,,,,
southwest,767,Small,,0,,,,,,,
southwest,768,Small,,0,,,,,,,
southwest,769,Small,,0,,,,,,,
southwest,770,Small,,0,,,,,,,
southwest,771,Small,,0,,,,,,,
southwest,772,Small,,0,,,,,,,
southwest,773,Small,,0,,,,,,,
southwest,774,Small,,0,,,,,,,
southwest,775,Small,,0,,,,,,,
southwest,776,Small,,0,,,,,,,
southwest,777,Small,,0,,,,,,,
southwest,778,Small,,0,,,,,,,
southwest,779,Small,,0,,,,,,,
southwest,780,Small,,0,,,,,,,
southwest,781,Small,,0,,,,,,,
southwest,782,Small,,0,,,,,,,
southwest,783,Small,,0,,,,,,,
southwest,784,Small,,0,,,,,,,
southwest,785,Small,,0,,,,,,,
southwest,786,Small,,0,,,,,,,
southwest,787,Small,,0,,,,,,,
southwest,788,Small,,0,,,,,,,
southwest,789,Small,,0,,,,,,,
southwest,790,Small,,0,,,,,,,
southwest,791,Small,,0,,,,,,,
southwest,792,Small,,0,,,,,,,
southwest,793,Small,,0,,,,,,,
southwest,794,Small,,0,,,,,,,
southwest,795,Small,,0,,,,,,,
southwest,796,Small,,0,,,,,,,
southwest,797,Small,,0,,,,,,,
southwest,798,Small,,0,,,,,,,
southwest,799,Small,,0,,,,,,,
southwest,800,Small,,0,,,,,,,
southwest,801,Small,,0,,,,,,,
southwest,802,Small,,0,,,,,,,
southwest,803,Small,,0,,,,,,,
southwest,804,Small,,0,,,,,,,
southwest,805,Small,,0,,,,,,,
southwest,806,Small,,0,,,,,,,
southwest,807,Small,,0,,,,,,,
southwest,808,Small,,0,,,,,,,
southwest,809,Small,,0,,,,,,,
southwest,810,Small,,0,,,,,,,
southwest,811,Small,,0,,,,,,,
southwest,812,Small,,0,,,,,,,
southwest,813,Small,,0,,,,,,,
southwest,814,Small,,0,,,,,,,
southwest,815,Small,,0,,,,,,,
southwest,816,Small,,0,,,,,,,
southwest,817,Small,,0,,,,,,,
southwest,818,Small,,0,,,,,,,
southwest,819,Small,,0,,,,,,,
southwest,820,Small,,0,,,,,,,
southwest,821,Small,,0,,,,,,,
southwest,822,Small,,0,,,,,,,
southwest,823,Small,,0,,,,,,,
southwest,824,Small,,0,,,,,,,
southwest,825,Small,,0,,,,,,,
southwest,826,Small,,0,,,,,,,
southwest,827,Small,,0,,,,,,,
southwest,828,Small,,0,,,,,,,
southwest,829,Small,,0,,,,,,,
southwest,830,Small,,0,,,,,,,
southwest,831,Small,,0,,,,,,,
southwest,832,Small,,0,,,,,,,
southwest,833,Small,,0,,,,,,,
southwest,834,Small,,0,,,,,,,
southwest,835,Small,,0,,,,,,,
southwest,836,Small,,0,,,,,,,
southwest,837,Small,,0,,,,,,,
southwest,838,Small,,0,,,,,,,
southwest,839,Small,,0,,,,,,,
southwest,840,Small,,0,,,,,,,
southwest,841,Small,,0,,,,,,,
southwest,842,Small,,0,,,,,,,
southwest,843,Small,,0,,,,,,,
southwest,844,Small,,0,,,,,,,
southwest,845,Small,,0,,,,,,,
southwest,846,Small,,0,,,,,,,
southwest,847,Small,,0,,,,,,,
southwest,848,Small,,0,,,,,,,
southwest,849,Small,,0,,,,,,,
southwest,850,Small,,0,,,,,,,
southwest,851,Small,,0,,,,,,,
southwest,852,Small,,0,,,,,,,
southwest,853,Small,,0,,,,,,,
southwest,854,Small,,0,,,,,,,
southwest,855,Small,,0,,,,,,,
southwest,856,Small,,0,,,,,,,
southwest,857,Small,,0,,,,,,,
southwest,858,Small,,0,,,,,,,
southwest,859,Small,,0,,,,,,,
southwest,860,Small,,0,,,,,,,
southwest,861,Small,,0,,,,,,,
southwest,862,Small,,0,,,,,,,
southwest,863,Small,,0,,,,,,,
southwest,864,Small,,0,,,,,,,
southwest,865,Small,,0,,,,,,,
southwest,866,Small,,0,,,,,,,
southwest,867,Small,,0,,,,,,,
southwest,868,Small,,0,,,,,,,
southwest,869,Small,,0,,,,,,,
southwest,870,Small,,0,,,,,,,
southwest,871,Small,,0,,,,,,,
southwest,872,Small,,0,,,,,,,
southwest,873,Small,,0,,,,,,,
southwest,874,Small,,0,,,,,,,
southwest,875,Small,,0,,,,,,,
southwest,876,Small,,0,,,,,,,
southwest,877,Small,,0,,,,,,,
southwest,878,Small,,0,,,,,,,
southwest,879,Small,,0,,,,,,,
southwest,880,Small,,0,,,,,,,
southwest,881,Small,,0,,,,,,,
southwest,882,Small,,0,,,,,,,
southwest,883,Small,,0,,,,,,,
southwest,884,Small,,0,,,,,,,
southwest,885,Small,,0,,,,,,,
southwest,886,Small,,0,,,,,,,
southwest,887,Small,,0,,,,,,,
southwest,888,Small,,0,,,,,,,
southwest,889,Small,,0,,,,,,,
southwest,890,Small,,0,,,,,,,
southwest,891,Small,,0,,,,,,,
southwest,892,Small,,0,,,,,,,
southwest,893,Small,,0,,,,,,,
southwest,894,Small,,0,,,,,,,
southwest,895,Small,,0,,,,,,,
southwest,896,Small,,0,,,,,,,
southwest,897,Small,,0,,,,,,,
southwest,898,Small,,0,,,,,,,
southwest,899,Small,,0,,,,,,,
southwest,900,Small,,0,,,,,,,
southwest,901,Small,,0,,,,,,,
southwest,902,Small,,0,,,,,,,
southwest,903,Small,,0,,,,,,,
southwest,904,Small,,0,,,,,,,
southwest,905,Small,,0,,,,,,,
southwest,906,Small,,0,,,,,,,
southwest,907,Small,,0,,,,,,,
southwest,908,Small,,0,,,,,,,
southwest,909,Small,,0,,,,,,,
southwest,910,Small,,0,,,,,,,
southwest,911,Small,,0,,,,,,,
southwest,912,Small,,0,,,,,,,
southwest,913,Small,,0,,,,,,,
southwest,914,Small,,0,,,,,,,
southwest,915,Small,,0,,,,,,,
southwest,916,Small,,0,,,,,,,
southwest,917,Small,,0,,,,,,,
southwest,918,Small,,0,,,,,,,
southwest,919,Small,,0,,,,,,,
southwest,920,Small,,0,,,,,,,
southwest,921,Small,,0,,,,,,,
southwest,922,Small,,0,,,,,,,
southwest,923,Small,,0,,,,,,,
southwest,924,Small,,0,,,,,,,
southwest,925,Small,,0,,,,,,,
southwest,926,Small,,0,,,,,,,
southwest,927,Small,,0,,,,,,,
southwest,928,Small,,0,,,,,,,
southwest,929,Small,,0,,,,,,,
southwest,930,Small,,0,,,,,,,
southwest,931,Small,,0,,,,,,,
southwest,932,Small,,0,,,,,,,
southwest,933,Small,,0,,,,,,,
southwest,934,Small,,0,,,,,,,
southwest,935,Small,,0,,,,,,,
southwest,936,Small,,0,,,,,,,
southwest,937,Small,,0,,,,,,,
southwest,938,Small,,0,,,,,,,
southwest,939,Small,,0,,,,,,,
southwest,940,Small,,0,,,,,,,
southwest,941,Small,,0,,,,,,,
southwest,942,Small,,0,,,,,,,
southwest,943,Small,,0,,,,,,,
southwest,944,Small,,0,,,,,,,
southwest,945,Small,,0,,,,,,,
southwest,946,Small,,0,,,,,,,
southwest,947,Small,,0,,,,,,,
southwest,948,Small,,0,,,,,,,
southwest,949,Small,,0,,,,,,,
southwest,950,Small,,0,,,,,,,
southwest,951,Small,,0,,,,,,,
southwest,952,Small,,0,,,,,,,
southwest,953,Small,,0,,,,,,,
southwest,954,Small,,0,,,,,,,
southwest,955,Small,,0,,,,,,,
southwest,956,Small,,0,,,,,,,
southwest,957,Small,,0,,,,,,,
southwest,958,Small,,0,,,,,,,
southwest,959,Small,,0,,,,,,,
southwest,960,Small,,0,,,,,,,
southwest,961,Small,,0,,,,,,,
southwest,962,Small,,0,,,,,,,
southwest,963,Small,,0,,,,,,,
southwest,964,Small,,0,,,,,,,
southwest,965,Small,,0,,,,,,,
southwest,966,Small,,0,,,,,,,
southwest,967,Small,,0,,,,,,,
southwest,968,Small,,0,,,,,,,
southwest,969,Small,,0,,,,,,,
southwest,970,Small,,0,,,,,,,
southwest,971,Small,,0,,,,,,,
southwest,972,Small,,0,,,,,,,
southwest,973,Small,,0,,,,,,,
southwest,974,Small,,0,,,,,,,
southwest,975,Small,,0,,,,,,,
southwest,976,Small,,0,,,,,,,
southwest,977,Small,,0,,,,,,,
southwest,978,Small,,0,,,,,,,
southwest,979,Small,,0,,,,,,,
southwest,980,Small,,0,,,,,,,
southwest,981,Small,,0,,,,,,,
southwest,982,Small,,0,,,,,,,
southwest,983,Small,,0,,,,,,,
southwest,984,Small,,0,,,,,,,
southwest,985,Small,,0,,,,,,,
southwest,986,Small,,0,,,,,,,
southwest,987,Small,,0,,,,,,,
southwest,988,Small,,0,,,,,,,
southwest,989,Small,,0,,,,,,,
southwest,990,Small,,0,,,,,,,
southwest,991,Small,,0,,,,,,,
southwest,992,Small,,0,,,,,,,
southwest,993,Small,,0,,,,,,,
southwest,994,Small,,0,,,,,,,
southwest,995,Small,,0,,,,,,,
southwest,996,Small,,0,,,,,,,
southwest,997,Small,,0,,,,,,,
southwest,998,Small,,0,,,,,,,
southwest,999,Small,,0,,,,,,,
southwest,1000,Small,,0,,,,,,,
southwest,1001,Small,,0,,,,,,,
southwest,1002,Small,,0,,,,,,,
southwest,1003,Small,,0,,,,,,,
southwest,1004,Small,,0,,,,,,,
southwest,1005,Small,,0,,,,,,,
southwest,1006,Small,,0,,,,,,,
southwest,1007,Small,,0,,,,,,,
southwest,1008,Small,,0,,,,,,,
southwest,1009,Small,,0,,,,,,,
southwest,1010,Small,,0,,,,,,,
southwest,1011,Small,,0,,,,,,,
southwest,1012,Small,,0,,,,,,,
southwest,1013,Small,,0,,,,,,,
southwest,1014,Small,,0,,,,,,,
southwest,1015,Small,,0,,,,,,,
southwest,1016,Small,,0,,,,,,,
southwest,1017,Small,,0,,,,,,,
southwest,1018,Small,,0,,,,,,,
southwest,1019,Small,,0,,,,,,,
southwest,1020,Small,,0,,,,,,,
southwest,1021,Small,,0,,,,,,,
southwest,1022,Small,,0,,,,,,,
southwest,1023,Small,,0,,,,,,,
southwest,1024,Small,,0,,,,,,,
southwest,1025,Small,,0,,,,,,,
southwest,1026,Small,,0,,,,,,,
southwest,1027,Small,,0,,,,,,,
southwest,1028,Small,,0,,,,,,,
southwest,1029,Small,,0,,,,,,,
southwest,1030,Small,,0,,,,,,,
southwest,1031,Small,,0,,,,,,,
southwest,1032,Small,,0,,,,,,,
southwest,1033,Small,,0,,,,,,,
southwest,1034,Small,,0,,,,,,,
southwest,1035,Small,,0,,,,,,,
southwest,1036,Small,,0,,,,,,,
southwest,1037,Small,,0,,,,,,,
southwest,1038,Small,,0,,,,,,,
southwest,1039,Small,,0,,,,,,,
southwest,1040,Small,,0,,,,,,,
southwest,1041,Small,,0,,,,,,,
southwest,1042,Small,,0,,,,,,,
southwest,1043,Small,,0,,,,,,,
southwest,1044,Small,,0,,,,,,,
southwest,1045,Small,,0,,,,,,,
southwest,1046,Small,,0,,,,,,,
southwest,1047,Small,,0,,,,,,,
southwest,1048,Small,,0,,,,,,,
southwest,1049,Small,,0,,,,,,,
southwest,1050,Small,,0,,,,,,,
southwest,1051,Small,,0,,,,,,,
southwest,1052,Small,,0,,,,,,,
southwest,1053,Small,,0,,,,,,,
southwest,1054,Small,,0,,,,,,,
southwest,1055,Small,,0,,,,,,,
southwest,1056,Small,,0,,,,,,,
southwest,1057,Small,,0,,,,,,,
southwest,1058,Small,,0,,,,,,,
southwest,1059,Small,,0,,,,,,,
southwest,1060,Small,,0,,,,,,,
southwest,1061,Small,,0,,,,,,,
southwest,1062,Small,,0,,,,,,,
southwest,1063,Small,,0,,,,,,,
southwest,1064,Small,,0,,,,,,,
southwest,1065,Small,,0,,,,,,,
southwest,1066,Small,,0,,,,,,,
southwest,1067,Small,,0,,,,,,,
southwest,1068,Small,,0,,,,,,,
southwest,1069,Small,,0,,,,,,,
southwest,1070,Small,,0,,,,,,,
southwest,1071,Small,,0,,,,,,,
southwest,1072,Small,,0,,,,,,,
southwest,1073,Small,,0,,,,,,,
southwest,1074,Small,,0,,,,,,,
southwest,1075,Small,,0,,,,,,,
southwest,1076,Small,,0,,,,,,,
southwest,1077,Small,,0,,,,,,,
southwest,1078,Small,,0,,,,,,,
southwest,1079,Small,,0,,,,,,,
southwest,1080,Small,,0,,,,,,,
southwest,1081,Small,,0,,,,,,,
southwest,1082,Small,,0,,,,,,,
southwest,1083,Small,,0,,,,,,,
southwest,1084,Small,,0,,,,,,,
southwest,1085,Small,,0,,,,,,,
southwest,1086,Small,,0,,,,,,,
southwest,1087,Small,,0,,,,,,,
southwest,1088,Small,,0,,,,,,,
southwest,1089,Small,,0,,,,,,,
southwest,1090,Small,,0,,,,,,,
southwest,1091,Small,,0,,,,,,,
southwest,1092,Small,,0,,,,,,,
southwest,1093,Small,,0,,,,,,,
southwest,1094,Small,,0,,,,,,,
southwest,1095,Small,,0,,,,,,,
southwest,1096,Small,,0,,,,,,,
southwest,1097,Small,,0,,,,,,,
southwest,1098,Small,,0,,,,,,,
southwest,1099,Small,,0,,,,,,,
southwest,1100,Small,,0,,,,,,,
southwest,1101,Small,,0,,,,,,,
southwest,1102,Small,,0,,,,,,,
southwest,1103,Small,,0,,,,,,,
southwest,1104,Small,,0,,,,,,,
southwest,1105,Small,,0,,,,,,,
southwest,1106,Small,,0,,,,,,,
southwest,1107,Small,,0,,,,,,,
southwest,1108,Small,,0,,,,,,,
southwest,1109,Small,,0,,,,,,,
southwest,1110,Small,,0,,,,,,,
southwest,1111,Small,,0,,,,,,,
southwest,1112,Small,,0,,,,,,,
southwest,1113,Small,,0,,,,,,,
southwest,1114,Small,,0,,,,,,,
southwest,1115,Small,,0,,,,,,,
southwest,1116,Small,,0,,,,,,,
southwest,1117,Small,,0,,,,,,,
southwest,1118,Small,,0,,,,,,,
southwest,1119,Small,,0,,,,,,,
southwest,1120,Small,,0,,,,,,,
southwest,1121,Small,,0,,,,,,,
southwest,1122,Small,,0,,,,,,,
southwest,1123,Small,,0,,,,,,,
southwest,1124,Small,,0,,,,,,,
southwest,1125,Small,,0,,,,,,,
southwest,1126,Small,,0,,,,,,,
southwest,1127,Small,,0,,,,,,,
southwest,1128,Small,,0,,,,,,,
southwest,1129,Small,,0,,,,,,,
southwest,1130,Small,,0,,,,,,,
southwest,1131,Small,,0,,,,,,,
southwest,1132,Small,,0,,,,,,,
southwest,1133,Small,,0,,,,,,,
southwest,1134,Small,,0,,,,,,,
southwest,1135,Small,,0,,,,,,,
southwest,1136,Small,,0,,,,,,,
southwest,1137,Small,,0,,,,,,,
southwest,1138,Small,,0,,,,,,,
southwest,1139,Small,,0,,,,,,,
southwest,1140,Small,,0,,,,,,,
southwest,1141,Small,,0,,,,,,,
southwest,1142,Small,,0,,,,,,,
southwest,1143,Small,,0,,,,,,,
southwest,1144,Small,,0,,,,,,,
southwest,1145,Small,,0,,,,,,,
southwest,1146,Small,,0,,,,,,,
southwest,1147,Small,,0,,,,,,,
southwest,1148,Small,,0,,,,,,,
southwest,1149,Small,,0,,,,,,,
southwest,1150,Small,,0,,,,,,,
southwest,1151,Small,,0,,,,,,,
southwest,1152,Small,,0,,,,,,,
southwest,1153,Small,,0,,,,,,,
southwest,1154,Small,,0,,,,,,,
southwest,1155,Small,,0,,,,,,,
southwest,1156,Small,,0,,,,,,,
southwest,1157,Small,,0,,,,,,,
southwest,1158,Small,,0,,,,,,,
southwest,1159,Small,,0,,,,,,,
southwest,1160,Small,,0,,,,,,,
southwest,1161,Small,,0,,,,,,,
southwest,1162,Small,,0,,,,,,,
southwest,1163,Small,,0,,,,,,,
southwest,1164,Small,,0,,,,,,,
southwest,1165,Small,,0,,,,,,,
southwest,1166,Small,,0,,,,,,,
southwest,1167,Small,,0,,,,,,,
southwest,1168,Small,,0,,,,,,,
southwest,1169,Small,,0,,,,,,,
southwest,1170,Small,,0,,,,,,,
southwest,1171,Small,,0,,,,,,,
southwest,1172,Small,,0,,,,,,,
southwest,1173,Small,,0,,,,,,,
southwest,1174,Small,,0,,,,,,,
southwest,1175,Small,,0,,,,,,,
southwest,1176,Small,,0,,,,,,,
southwest,1177,Small,,0,,,,,,,
southwest,1178,Small,,0,,,,,,,
southwest,1179,Small,,0,,,,,,,
southwest,1180,Small,,0,,,,,,,
southwest,1181,Small,,0,,,,,,,
southwest,1182,Small,,0,,,,,,,
southwest,1183,Small,,0,,,,,,,
southwest,1184,Small,,0,,,,,,,
southwest,1185,Small,,0,,,,,,,
southwest,1186,Small,,0,,,,,,,
southwest,1187,Small,,0,,,,,,,
southwest,1188,Small,,0,,,,,,,
southwest,1189,Small,,0,,,,,,,
southwest,1190,Small,,0,,,,,,,
southwest,1191,Small,,0,,,,,,,
southwest,1192,Small,,0,,,,,,,
southwest,1193,Small,,0,,,,,,,
southwest,1194,Small,,0,,,,,,,
southwest,1195,Small,,0,,,,,,,
southwest,1196,Small,,0,,,,,,,
southwest,1197,Small,,0,,,,,,,
southwest,1198,Small,,0,,,,,,,
southwest,1199,Small,,0,,,,,,,
southwest,1200,Small,,0,,,,,,,
southwest,1201,Small,,0,,,,,,,
southwest,1202,Small,,0,,,,,,,
southwest,1203,Small,,0,,,,,,,
southwest,1204,Small,,0,,,,,,,
southwest,1205,Small,,0,,,,,,,
southwest,1206,Small,,0,,,,,,,
southwest,1207,Small,,0,,,,,,,
southwest,1208,Small,,0,,,,,,,
southwest,1209,Small,,0,,,,,,,
southwest,1210,Small,,0,,,,,,,
southwest,1211,Small,,0,,,,,,,
southwest,1212,Small,,0,,,,,,,
southwest,1213,Small,,0,,,,,,,
southwest,1214,Small,,0,,,,,,,
southwest,1215,Small,,0,,,,,,,
southwest,1216,Small,,0,,,,,,,
southwest,1217,Small,,0,,,,,,,
southwest,1218,Small,,0,,,,,,,
southwest,1219,Small,,0,,,,,,,
southwest,1220,Small,,0,,,,,,,
southwest,1221,Small,,0,,,,,,,
southwest,1222,Small,,0,,,,,,,
southwest,1223,Small,,0,,,,,,,
southwest,1224,Small,,0,,,,,,,
southwest,1225,Small,,0,,,,,,,
southwest,1226,Small,,0,,,,,,,
southwest,1227,Small,,0,,,,,,,
southwest,1228,Small,,0,,,,,,,
southwest,1229,Small,,0,,,,,,,
southwest,1230,Small,,0,,,,,,,
southwest,1231,Small,,0,,,,,,,
southwest,1232,Small,,0,,,,,,,
southwest,1233,Small,,0,,,,,,,
southwest,1234,Small,,0,,,,,,,
southwest,1235,Small,,0,,,,,,,
southwest,1236,Small,,0,,,,,,,
southwest,1237,Small,,0,,,,,,,
southwest,1238,Small,,0,,,,,,,
southwest,1239,Small,,0,,,,,,,
southwest,1240,Small,,0,,,,,,,
southwest,1241,Small,,0,,,,,,,
southwest,1242,Small,,0,,,,,,,
southwest,1243,Small,,0,,,,,,,
southwest,1244,Small,,0,,,,,,,
southwest,1245,Small,,0,,,,,,,
southwest,1246,Small,,0,,,,,,,
southwest,1247,Small,,0,,,,,,,
southwest,1248,Small,,0,,,,,,,
southwest,1249,Small,,0,,,,,,,
southwest,1250,Small,,0,,,,,,,
southwest,1251,Small,,0,,,,,,,
southwest,1252,Small,,0,,,,,,,
southwest,1253,Small,,0,,,,,,,
southwest,1254,Small,,0,,,,,,,
southwest,1255,Small,,0,,,,,,,
southwest,1256,Small,,0,,,,,,,
southwest,1257,Small,,0,,,,,,,
southwest,1258,Small,,0,,,,,,,
southwest,1259,Small,,0,,,,,,,
southwest,1260,Small,,0,,,,,,,
southwest,1261,Small,,0,,,,,,,
southwest,1262,Small,,0,,,,,,,
southwest,1263,Small,,0,,,,,,,
southwest,1264,Small,,0,,,,,,,
southwest,1265,Small,,0,,,,,,,
southwest,1266,Small,,0,,,,,,,
southwest,1267,Small,,0,,,,,,,
southwest,1268,Small,,0,,,,,,,
southwest,1269,Small,,0,,,,,,,
southwest,1270,Small,,0,,,,,,,
southwest,1271,Small,,0,,,,,,,
southwest,1272,Small,,0,,,,,,,
southwest,1273,Small,,0,,,,,,,
southwest,1274,Small,,0,,,,,,,
southwest,1275,Small,,0,,,,,,,
southwest,1276,Small,,0,,,,,,,
southwest,1277,Small,,0,,,,,,,
southwest,1278,Small,,0,,,,,,,
southwest,1279,Small,,0,,,,,,,
southwest,1280,Small,,0,,,,,,,
southwest,1281,Small,,0,,,,,,,
southwest,1282,Small,,0,,,,,,,
southwest,1283,Small,,0,,,,,,,
southwest,1284,Small,,0,,,,,,,
southwest,1285,Small,,0,,,,,,,
southwest,1286,Small,,0,,,,,,,
southwest,1287,Small,,0,,,,,,,
southwest,1288,Small,,0,,,,,,,
southwest,1289,Small,,0,,,,,,,
southwest,1290,Small,,0,,,,,,,
southwest,1291,Small,,0,,,,,,,
southwest,1292,Small,,0,,,,,,,
southwest,1293,Small,,0,,,,,,,
southwest,1294,Small,,0,,,,,,,
southwest,1295,Small,,0,,,,,,,
southwest,1296,Small,,0,,,,,,,
southwest,1297,Small,,0,,,,,,,
southwest,1298,Small,,0,,,,,,,
southwest,1299,Small,,0,,,,,,,
southwest,1300,Small,,0,,,,,,,
southwest,1301,Small,,0,,,,,,,
southwest,1302,Small,,0,,,,,,,
southwest,1303,Small,,0,,,,,,,
southwest,1304,Small,,0,,,,,,,
southwest,1305,Small,,0,,,,,,,
southwest,1306,Small,,0,,,,,,,
southwest,1307,Small,,0,,,,,,,
southwest,1308,Small,,0,,,,,,,
southwest,1309,Small,,0,,,,,,,
southwest,1310,Small,,0,,,,,,,
southwest,1311,Small,,0,,,,,,,
southwest,1312,Small,,0,,,,,,,
southwest,1313,Small,,0,,,,,,,
southwest,1314,Small,,0,,,,,,,
southwest,1315,Small,,0,,,,,,,
southwest,1316,Small,,0,,,,,,,
southwest,1317,Small,,0,,,,,,,
southwest,1318,Small,,0,,,,,,,
southwest,1319,Small,,0,,,,,,,
southwest,1320,Small,,0,,,,,,,
southwest,1321,Small,,0,,,,,,,
southwest,1322,Small,,0,,,,,,,
southwest,1323,Small,,0,,,,,,,
southwest,1324,Small,,0,,,,,,,
southwest,1325,Small,,0,,,,,,,
southwest,1326,Small,,0,,,,,,,
southwest,1327,Small,,0,,,,,,,
southwest,1328,Small,,0,,,,,,,
southwest,1329,Small,,0,,,,,,,
southwest,1330,Small,,0,,,,,,,
southwest,1331,Small,,0,,,,,,,
southwest,1332,Small,,0,,,,,,,
southwest,1333,Small,,0,,,,,,,
southwest,1334,Small,,0,,,,,,,
southwest,1335,Small,,0,,,,,,,
southwest,1336,Small,,0,,,,,,,
southwest,1337,Small,,0,,,,,,,
southwest,1338,Small,,0,,,,,,,
southwest,1339,Small,,0,,,,,,,
southwest,1340,Small,,0,,,,,,,
southwest,1341,Small,,0,,,,,,,
southwest,1342,Small,,0,,,,,,,
southwest,1343,Small,,0,,,,,,,
southwest,1344,Small,,0,,,,,,,
southwest,1345,Small,,0,,,,,,,
southwest,1346,Small,,0,,,,,,,
southwest,1347,Small,,0,,,,,,,
southwest,1348,Small,,0,,,,,,,
southwest,1349,Small,,0,,,,,,,
southwest,1350,Small,,0,,,,,,,
southwest,1351,Small,,0,,,,,,,
southwest,1352,Small,,0,,,,,,,
southwest,1353,Small,,0,,,,,,,
southwest,1354,Small,,0,,,,,,,
southwest,1355,Small,,0,,,,,,,
southwest,1356,Small,,0,,,,,,,
southwest,1357,Small,,0,,,,,,,
southwest,1358,Small,,0,,,,,,,
southwest,1359,Small,,0,,,,,,,
southwest,1360,Small,,0,,,,,,,
southwest,1361,Small,,0,,,,,,,
southwest,1362,Small,,0,,,,,,,
southwest,1363,Small,,0,,,,,,,
southwest,1364,Small,,0,,,,,,,
southwest,1365,Small,,0,,,,,,,
southwest,1366,Small,,0,,,,,,,
southwest,1367,Small,,0,,,,,,,
southwest,1368,Small,,0,,,,,,,
southwest,1369,Small,,0,,,,,,,
southwest,1370,Small,,0,,,,,,,
southwest,1371,Small,,0,,,,,,,
southwest,1372,Small,,0,,,,,,,
southwest,1373,Small,,0,,,,,,,
southwest,1374,Small,,0,,,,,,,
southwest,1375,Small,,0,,,,,,,
southwest,1376,Small,,0,,,,,,,
southwest,1377,Small,,0,,,,,,,
southwest,1378,Small,,0,,,,,,,
southwest,1379,Small,,0,,,,,,,
southwest,1380,Small,,0,,,,,,,
southwest,1381,Small,,0,,,,,,,
southwest,1382,Small,,0,,,,,,,
southwest,1383,Small,,0,,,,,,,
southwest,1384,Small,,0,,,,,,,
southwest,1385,Small,,0,,,,,,,
southwest,1386,Small,,0,,,,,,,
southwest,1387,Small,,0,,,,,,,
southwest,1388,Small,,0,,,,,,,
southwest,1389,Small,,0,,,,,,,
southwest,1390,Small,,0,,,,,,,
southwest,1391,Small,,0,,,,,,,
southwest,1392,Small,,0,,,,,,,
southwest,1393,Small,,0,,,,,,,
southwest,1394,Small,,0,,,,,,,
southwest,1395,Small,,0,,,,,,,
southwest,1396,Small,,0,,,,,,,
southwest,1397,Small,,0,,,,,,,
southwest,1398,Small,,0,,,,,,,
southwest,1399,Small,,0,,,,,,,
southwest,1400,Small,,0,,,,,,,
southwest,1401,Small,,0,,,,,,,
southwest,1402,Small,,0,,,,,,,
southwest,1403,Small,,0,,,,,,,
southwest,1404,Small,,0,,,,,,,
southwest,1405,Small,,0,,,,,,,
southwest,1406,Small,,0,,,,,,,
southwest,1407,Small,,0,,,,,,,
southwest,1408,Small,,0,,,,,,,
southwest,1409,Small,,0,,,,,,,
southwest,1410,Small,,0,,,,,,,
southwest,1411,Small,,0,,,,,,,
southwest,1412,Small,,0,,,,,,,
southwest,1413,Small,,0,,,,,,,
southwest,1414,Small,,0,,,,,,,
southwest,1415,Small,,0,,,,,,,
southwest,1416,Small,,0,,,,,,,
southwest,1417,Small,,0,,,,,,,
southwest,1418,Small,,0,,,,,,,
southwest,1419,Small,,0,,,,,,,
southwest,1420,Small,,0,,,,,,,
southwest,1421,Small,,0,,,,,,,
southwest,1422,Small,,0,,,,,,,
southwest,1423,Small,,0,,,,,,,
southwest,1424,Small,,0,,,,,,,
southwest,1425,Small,,0,,,,,,,
southwest,1426,Small,,0,,,,,,,
southwest,1427,Small,,0,,,,,,,
southwest,1428,Small,,0,,,,,,,
southwest,1429,Small,,0,,,,,,,
southwest,1430,Small,,0,,,,,,,
southwest,1431,Small,,0,,,,,,,
southwest,1432,Small,,0,,,,,,,
southwest,1433,Small,,0,,,,,,,
southwest,1434,Small,,0,,,,,,,
southwest,1435,Small,,0,,,,,,,
southwest,1436,Small,,0,,,,,,,
southwest,1437,Small,,0,,,,,,,
southwest,1438,Small,,0,,,,,,,
southwest,1439,Small,,0,,,,,,,
southwest,1440,Small,,0,,,,,,,
southwest,1441,Small,,0,,,,,,,
southwest,1442,Small,,0,,,,,,,
southwest,1443,Small,,0,,,,,,,
southwest,1444,Small,,0,,,,,,,
southwest,1445,Small,,0,,,,,,,
southwest,1446,Small,,0,,,,,,,
southwest,1447,Small,,0,,,,,,,
southwest,1448,Small,,0,,,,,,,
southwest,1449,Small,,0,,,,,,,
southwest,1450,Small,,0,,,,,,,
southwest,1451,Small,,0,,,,,,,
southwest,1452,Small,,0,,,,,,,
southwest,1453,Small,,0,,,,,,,
southwest,1454,Small,,0,,,,,,,
southwest,1455,Small,,0,,,,,,,
southwest,1456,Small,,0,,,,,,,
southwest,1457,Small,,0,,,,,,,
southwest,1458,Small,,0,,,,,,,
southwest,1459,Small,,0,,,,,,,
southwest,1460,Small,,0,,,,,,,
southwest,1461,Small,,0,,,,,,,
southwest,1462,Small,,0,,,,,,,
southwest,1463,Small,,0,,,,,,,
southwest,1464,Small,,0,,,,,,,
southwest,1465,Small,,0,,,,,,,
southwest,1466,Small,,0,,,,,,,
southwest,1467,Small,,0,,,,,,,
southwest,1468,Small,,0,,,,,,,
southwest,1469,Small,,0,,,,,,,
southwest,1470,Small,,0,,,,,,,
southwest,1471,Small,,0,,,,,,,
southwest,1472,Small,,0,,,,,,,
southwest,1473,Small,,0,,,,,,,
southwest,1474,Small,,0,,,,,,,
southwest,1475,Small,,0,,,,,,,
southwest,1476,Small,,0,,,,,,,
southwest,1477,Small,,0,,,,,,,
southwest,1478,Small,,0,,,,,,,
southwest,1479,Small,,0,,,,,,,
southwest,1480,Small,,0,,,,,,,
southwest,1481,Small,,0,,,,,,,
southwest,1482,Small,,0,,,,,,,
southwest,1483,Small,,0,,,,,,,
southwest,1484,Small,,0,,,,,,,
southwest,1485,Small,,0,,,,,,,
southwest,1486,Small,,0,,,,,,,
southwest,1487,Small,,0,,,,,,,
southwest,1488,Small,,0,,,,,,,
southwest,1489,Small,,0,,,,,,,
southwest,1490,Small,,0,,,,,,,
southwest,1491,Small,,0,,,,,,,
southwest,1492,Small,,0,,,,,,,
southwest,1493,Small,,0,,,,,,,
southwest,1494,Small,,0,,,,,,,
southwest,1495,Small,,0,,,,,,,
southwest,1496,Small,,0,,,,,,,
southwest,1497,Small,,0,,,,,,,
southwest,1498,Small,,0,,,,,,,
southwest,1499,Small,,0,,,,,,,
southwest,1500,Small,,0,,,,,,,
southwest,1501,Small,,0,,,,,,,
southwest,1502,Small,,0,,,,,,,
southwest,1503,Small,,0,,,,,,,
southwest,1504,Small,,0,,,,,,,
southwest,1505,Small,,0,,,,,,,
southwest,1506,Small,,0,,,,,,,
southwest,1507,Small,,0,,,,,,,
southwest,1508,Small,,0,,,,,,,
southwest,1509,Small,,0,,,,,,,
southwest,1510,Small,,0,,,,,,,
southwest,1511,Small,,0,,,,,,,
southwest,1512,Small,,0,,,,,,,
southwest,1513,Small,,0,,,,,,,
southwest,1514,Small,,0,,,,,,,
southwest,1515,Small,,0,,,,,,,
southwest,1516,Small,,0,,,,,,,
southwest,1517,Small,,0,,,,,,,
southwest,1518,Small,,0,,,,,,,
southwest,1519,Small,,0,,,,,,,
southwest,1520,Small,,0,,,,,,,
southwest,1521,Small,,0,,,,,,,
southwest,1522,Small,,0,,,,,,,
southwest,1523,Small,,0,,,,,,,
southwest,1524,Small,,0,,,,,,,
southwest,1525,Small,,0,,,,,,,
southwest,1526,Small,,0,,,,,,,
southwest,1527,Small,,0,,,,,,,
southwest,1528,Small,,0,,,,,,,
southwest,1529,Small,,0,,,,,,,
southwest,1530,Small,,0,,,,,,,
southwest,1531,Small,,0,,,,,,,
southwest,1532,Small,,0,,,,,,,
southwest,1533,Small,,0,,,,,,,
southwest,1534,Small,,0,,,,,,,
southwest,1535,Small,,0,,,,,,,
southwest,1536,Small,,0,,,,,,,
southwest,1537,Small,,0,,,,,,,
southwest,1538,Small,,0,,,,,,,
southwest,1539,Small,,0,,,,,,,
southwest,1540,Small,,0,,,,,,,
southwest,1541,Small,,0,,,,,,,
southwest,1542,Small,,0,,,,,,,
southwest,1543,Small,,0,,,,,,,
southwest,1544,Small,,0,,,,,,,
southwest,1545,Small,,0,,,,,,,
southwest,1546,Small,,0,,,,,,,
southwest,1547,Small,,0,,,,,,,
southwest,1548,Small,,0,,,,,,,
southwest,1549,Small,,0,,,,,,,
southwest,1550,Small,,0,,,,,,,
southwest,1551,Small,,0,,,,,,,
southwest,1552,Small,,0,,,,,,,
southwest,1553,Small,,0,,,,,,,
southwest,1554,Small,,0,,,,,,,
southwest,1555,Small,,0,,,,,,,
southwest,1556,Small,,0,,,,,,,
southwest,1557,Small,,0,,,,,,,
southwest,1558,Small,,0,,,,,,,
southwest,1559,Small,,0,,,,,,,
southwest,1560,Small,,0,,,,,,,
southwest,1561,Small,,0,,,,,,,
southwest,1562,Small,,0,,,,,,,
southwest,1563,Small,,0,,,,,,,
southwest,1564,Small,,0,,,,,,,
southwest,1565,Small,,0,,,,,,,
southwest,1566,Small,,0,,,,,,,
southwest,1567,Small,,0,,,,,,,
southwest,1568,Small,,0,,,,,,,
southwest,1569,Small,,0,,,,,,,
southwest,1570,Small,,0,,,,,,,
southwest,1571,Small,,0,,,,,,,
southwest,1572,Small,,0,,,,,,,
southwest,1573,Small,,0,,,,,,,
southwest,1574,Small,,0,,,,,,,
southwest,1575,Small,,0,,,,,,,
southwest,1576,Small,,0,,,,,,,
southwest,1577,Small,,0,,,,,,,
southwest,1578,Small,,0,,,,,,,
southwest,1579,Small,,0,,,,,,,
southwest,1580,Small,,0,,,,,,,
southwest,1581,Small,,0,,,,,,,
southwest,1582,Small,,0,,,,,,,
southwest,1583,Small,,0,,,,,,,
southwest,1584,Small,,0,,,,,,,
southwest,1585,Small,,0,,,,,,,
southwest,1586,Small,,0,,,,,,,
southwest,1587,Small,,0,,,,,,,
southwest,1588,Small,,0,,,,,,,
southwest,1589,Small,,0,,,,,,,
southwest,1590,Small,,0,,,,,,,
southwest,1591,Small,,0,,,,,,,
southwest,1592,Small,,0,,,,,,,
southwest,1593,Small,,0,,,,,,,
southwest,1594,Small,,0,,,,,,,
southwest,1595,Small,,0,,,,,,,
southwest,1596,Small,,0,,,,,,,
southwest,1597,Small,,0,,,,,,,
southwest,1598,Small,,0,,,,,,,
southwest,1599,Small,,0,,,,,,,
southwest,1600,Small,,0,,,,,,,
southwest,1601,Small,,0,,,,,,,
southwest,1602,Small,,0,,,,,,,
southwest,1603,Small,,0,,,,,,,
southwest,1604,Small,,0,,,,,,,
southwest,1605,Small,,0,,,,,,,
southwest,1606,Small,,0,,,,,,,
southwest,1607,Small,,0,,,,,,,
southwest,1608,Small,,0,,,,,,,
southwest,1609,Small,,0,,,,,,,
southwest,1610,Small,,0,,,,,,,
southwest,1611,Small,,0,,,,,,,
southwest,1612,Small,,0,,,,,,,
southwest,1613,Small,,0,,,,,,,
southwest,1614,Small,,0,,,,,,,
southwest,1615,Small,,0,,,,,,,
southwest,1616,Small,,0,,,,,,,
southwest,1617,Small,,0,,,,,,,
southwest,1618,Small,,0,,,,,,,
southwest,1619,Small,,0,,,,,,,
southwest,1620,Small,,0,,,,,,,
southwest,1621,Small,,0,,,,,,,
southwest,1622,Small,,0,,,,,,,
southwest,1623,Small,,0,,,,,,,
southwest,1624,Small,,0,,,,,,,
southwest,1625,Small,,0,,,,,,,
southwest,1626,Small,,0,,,,,,,
southwest,1627,Small,,0,,,,,,,
southwest,1628,Small,,0,,,,,,,
southwest,1629,Small,,0,,,,,,,
southwest,1630,Small,,0,,,,,,,
southwest,1631,Small,,0,,,,,,,
southwest,1632,Small,,0,,,,,,,
southwest,1633,Small,,0,,,,,,,
southwest,1634,Small,,0,,,,,,,
southwest,1635,Small,,0,,,,,,,
southwest,1636,Small,,0,,,,,,,
southwest,1637,Small,,0,,,,,,,
southwest,1638,Small,,0,,,,,,,
southwest,1639,Small,,0,,,,,,,
southwest,1640,Small,,0,,,,,,,
southwest,1641,Small,,0,,,,,,,
southwest,1642,Small,,0,,,,,,,
southwest,1643,Small,,0,,,,,,,
southwest,1644,Small,,0,,,,,,,
southwest,1645,Small,,0,,,,,,,
southwest,1646,Small,,0,,,,,,,
southwest,1647,Small,,0,,,,,,,
southwest,1648,Small,,0,,,,,,,
southwest,1649,Small,,0,,,,,,,
southwest,1650,Small,,0,,,,,,,
southwest,1651,Small,,0,,,,,,,
southwest,1652,Small,,0,,,,,,,
southwest,1653,Small,,0,,,,,,,
southwest,1654,Small,,0,,,,,,,
southwest,1655,Small,,0,,,,,,,
southwest,1656,Small,,0,,,,,,,
southwest,1657,Small,,0,,,,,,,
southwest,1658,Small,,0,,,,,,,
southwest,1659,Small,,0,,,,,,,
southwest,1660,Small,,0,,,,,,,
southwest,1661,Small,,0,,,,,,,
southwest,1662,Small,,0,,,,,,,
southwest,1663,Small,,0,,,,,,,
southwest,1664,Small,,0,,,,,,,
southwest,1665,Small,,0,,,,,,,
southwest,1666,Small,,0,,,,,,,
southwest,1667,Small,,0,,,,,,,
southwest,1668,Small,,0,,,,,,,
southwest,1669,Small,,0,,,,,,,
southwest,1670,Small,,0,,,,,,,
southwest,1671,Small,,0,,,,,,,
southwest,1672,Small,,0,,,,,,,
southwest,1673,Small,,0,,,,,,,
southwest,1674,Small,,0,,,,,,,
southwest,1675,Small,,0,,,,,,,
southwest,1676,Small,,0,,,,,,,
southwest,1677,Small,,0,,,,,,,
southwest,1678,Small,,0,,,,,,,
southwest,1679,Small,,0,,,,,,,
southwest,1680,Small,,0,,,,,,,
southwest,1681,Small,,0,,,,,,,
southwest,1682,Small,,0,,,,,,,
southwest,1683,Small,,0,,,,,,,
southwest,1684,Small,,0,,,,,,,
southwest,1685,Small,,0,,,,,,,
southwest,1686,Small,,0,,,,,,,
southwest,1687,Small,,0,,,,,,,
southwest,1688,Small,,0,,,,,,,
southwest,1689,Small,,0,,,,,,,
southwest,1690,Small,,0,,,,,,,
southwest,1691,Small,,0,,,,,,,
southwest,1692,Small,,0,,,,,,,
southwest,1693,Small,,0,,,,,,,
southwest,1694,Small,,0,,,,,,,
southwest,1695,Small,,0,,,,,,,
southwest,1696,Small,,0,,,,,,,
southwest,1697,Small,,0,,,,,,,
southwest,1698,Small,,0,,,,,,,
southwest,1699,Small,,0,,,,,,,
southwest,1700,Small,,0,,,,,,,
southwest,1701,Small,,0,,,,,,,
southwest,1702,Small,,0,,,,,,,
southwest,1703,Small,,0,,,,,,,
southwest,1704,Small,,0,,,,,,,
southwest,1705,Small,,0,,,,,,,
southwest,1706,Small,,0,,,,,,,
southwest,1707,Small,,0,,,,,,,
southwest,1708,Small,,0,,,,,,,
southwest,1709,Small,,0,,,,,,,
southwest,1710,Small,,0,,,,,,,
southwest,1711,Small,,0,,,,,,,
southwest,1712,Small,,0,,,,,,,
southwest,1713,Small,,0,,,,,,,
southwest,1714,Small,,0,,,,,,,
southwest,1715,Small,,0,,,,,,,
southwest,1716,Small,,0,,,,,,,
southwest,1717,Small,,0,,,,,,,
southwest,1718,Small,,0,,,,,,,
southwest,1719,Small,,0,,,,,,,
southwest,1720,Small,,0,,,,,,,
southwest,1721,Small,,0,,,,,,,
southwest,1722,Small,,0,,,,,,,
southwest,1723,Small,,0,,,,,,,
southwest,1724,Small,,0,,,,,,,
southwest,1725,Small,,0,,,,,,,
southwest,1726,Small,,0,,,,,,,
southwest,1727,Small,,0,,,,,,,
southwest,1728,Small,,0,,,,,,,
southwest,1729,Small,,0,,,,,,,
southwest,1730,Small,,0,,,,,,,
southwest,1731,Small,,0,,,,,,,
southwest,1732,Small,,0,,,,,,,
southwest,1733,Small,,0,,,,,,,
southwest,1734,Small,,0,,,,,,,
southwest,1735,Small,,0,,,,,,,
southwest,1736,Small,,0,,,,,,,
southwest,1737,Small,,0,,,,,,,
southwest,1738,Small,,0,,,,,,,
southwest,1739,Small,,0,,,,,,,
southwest,1740,Small,,0,,,,,,,
southwest,1741,Small,,0,,,,,,,
southwest,1742,Small,,0,,,,,,,
southwest,1743,Small,,0,,,,,,,
southwest,1744,Small,,0,,,,,,,
southwest,1745,Small,,0,,,,,,,
southwest,1746,Small,,0,,,,,,,
southwest,1747,Small,,0,,,,,,,
southwest,1748,Small,,0,,,,,,,
southwest,1749,Small,,0,,,,,,,
southwest,1750,Small,,0,,,,,,,
southwest,1751,Small,,0,,,,,,,
southwest,1752,Small,,0,,,,,,,
southwest,1753,Small,,0,,,,,,,
southwest,1754,Small,,0,,,,,,,
southwest,1755,Small,,0,,,,,,,
southwest,1756,Small,,0,,,,,,,
southwest,1757,Small,,0,,,,,,,
southwest,1758,Small,,0,,,,,,,
southwest,1759,Small,,0,,,,,,,
southwest,1760,Small,,0,,,,,,,
southwest,1761,Small,,0,,,,,,,
southwest,1762,Small,,0,,,,,,,
southwest,1763,Small,,0,,,,,,,
southwest,1764,Small,,0,,,,,,,
southwest,1765,Small,,0,,,,,,,
southwest,1766,Small,,0,,,,,,,
southwest,1767,Small,,0,,,,,,,
southwest,1768,Small,,0,,,,,,,
southwest,1769,Small,,0,,,,,,,
southwest,1770,Small,,0,,,,,,,
southwest,1771,Small,,0,,,,,,,
southwest,1772,Small,,0,,,,,,,
southwest,1773,Small,,0,,,,,,,
southwest,1774,Small,,0,,,,,,,
southwest,1775,Small,,0,,,,,,,
southwest,1776,Small,,0,,,,,,,
southwest,1777,Small,,0,,,,,,,
southwest,1778,Small,,0,,,,,,,
southwest,1779,Small,,0,,,,,,,
southwest,1780,Small,,0,,,,,,,
southwest,1781,Small,,0,,,,,,,
southwest,1782,Small,,0,,,,,,,
southwest,1783,Small,,0,,,,,,,
southwest,1784,Small,,0,,,,,,,
southwest,1785,Small,,0,,,,,,,
southwest,1786,Small,,0,,,,,,,
southwest,1787,Small,,0,,,,,,,
southwest,1788,Small,,0,,,,,,,
southwest,1789,Small,,0,,,,,,,
southwest,1790,Small,,0,,,,,,,
southwest,1791,Small,,0,,,,,,,
southwest,1792,Small,,0,,,,,,,
southwest,1793,Small,,0,,,,,,,
southwest,1794,Small,,0,,,,,,,
southwest,1795,Small,,0,,,,,,,
southwest,1796,Small,,0,,,,,,,
southwest,1797,Small,,0,,,,,,,
southwest,1798,Small,,0,,,,,,,
southwest,1799,Small,,0,,,,,,,
southwest,1800,Small,,0,,,,,,,
southwest,1801,Small,,0,,,,,,,
southwest,1802,Small,,0,,,,,,,
southwest,1803,Small,,0,,,,,,,
southwest,1804,Small,,0,,,,,,,
southwest,1805,Small,,0,,,,,,,
southwest,1806,Small,,0,,,,,,,
southwest,1807,Small,,0,,,,,,,
southwest,1808,Small,,0,,,,,,,
southwest,1809,Small,,0,,,,,,,
southwest,1810,Small,,0,,,,,,,
southwest,1811,Small,,0,,,,,,,
southwest,1812,Small,,0,,,,,,,
southwest,1813,Small,,0,,,,,,,
southwest,1814,Small,,0,,,,,,,
southwest,1815,Small,,0,,,,,,,
southwest,1816,Small,,0,,,,,,,
southwest,1817,Small,,0,,,,,,,
southwest,1818,Small,,0,,,,,,,
southwest,1819,Small,,0,,,,,,,
southwest,1820,Small,,0,,,,,,,
southwest,1821,Small,,0,,,,,,,
southwest,1822,Small,,0,,,,,,,
southwest,1823,Small,,0,,,,,,,
southwest,1824,Small,,0,,,,,,,
southwest,1825,Small,,0,,,,,,,
southwest,1826,Small,,0,,,,,,,
southwest,1827,Small,,0,,,,,,,
southwest,1828,Small,,0,,,,,,,
southwest,1829,Small,,0,,,,,,,
southwest,1830,Small,,0,,,,,,,
southwest,1831,Small,,0,,,,,,,
southwest,1832,Small,,0,,,,,,,
southwest,1833,Small,,0,,,,,,,
southwest,1834,Small,,0,,,,,,,
southwest,1835,Small,,0,,,,,,,
southwest,1836,Small,,0,,,,,,,
southwest,1837,Small,,0,,,,,,,
southwest,1838,Small,,0,,,,,,,
southwest,1839,Small,,0,,,,,,,
southwest,1840,Small,,0,,,,,,,
southwest,1841,Small,,0,,,,,,,
southwest,1842,Small,,0,,,,,,,
southwest,1843,Small,,0,,,,,,,
southwest,1844,Small,,0,,,,,,,
southwest,1845,Small,,0,,,,,,,
southwest,1846,Small,,0,,,,,,,
southwest,1847,Small,,0,,,,,,,
southwest,1848,Small,,0,,,,,,,
southwest,1849,Small,,0,,,,,,,
southwest,1850,Small,,0,,,,,,,
southwest,1851,Small,,0,,,,,,,
southwest,1852,Small,,0,,,,,,,
southwest,1853,Small,,0,,,,,,,
southwest,1854,Small,,0,,,,,,,
southwest,1855,Small,,0,,,,,,,
southwest,1856,Small,,0,,,,,,,
southwest,1857,Small,,0,,,,,,,
southwest,1858,Small,,0,,,,,,,
southwest,1859,Small,,0,,,,,,,
southwest,1860,Small,,0,,,,,,,
southwest,1861,Small,,0,,,,,,,
southwest,1862,Small,,0,,,,,,,
southwest,1863,Small,,0,,,,,,,
southwest,1864,Small,,0,,,,,,,
southwest,1865,Small,,0,,,,,,,
southwest,1866,Small,,0,,,,,,,
southwest,1867,Small,,0,,,,,,,
southwest,1868,Small,,0,,,,,,,
southwest,1869,Small,,0,,,,,,,
southwest,1870,Small,,0,,,,,,,
southwest,1871,Small,,0,,,,,,,
southwest,1872,Small,,0,,,,,,,
southwest,1873,Small,,0,,,,,,,
southwest,1874,Small,,0,,,,,,,
southwest,1875,Small,,0,,,,,,,
southwest,1876,Small,,0,,,,,,,
southwest,1877,Small,,0,,,,,,,
southwest,1878,Small,,0,,,,,,,
southwest,1879,Small,,0,,,,,,,
southwest,1880,Small,,0,,,,,,,
southwest,1881,Small,,0,,,,,,,
southwest,1882,Small,,0,,,,,,,
southwest,1883,Small,,0,,,,,,,
southwest,1884,Small,,0,,,,,,,
southwest,1885,Small,,0,,,,,,,
southwest,1886,Small,,0,,,,,,,
southwest,1887,Small,,0,,,,,,,
southwest,1888,Small,,0,,,,,,,
southwest,1889,Small,,0,,,,,,,
southwest,1890,Small,,0,,,,,,,
southwest,1891,Small,,0,,,,,,,
southwest,1892,Small,,0,,,,,,,
southwest,1893,Small,,0,,,,,,,
southwest,1894,Small,,0,,,,,,,
southwest,1895,Small,,0,,,,,,,
southwest,1896,Small,,0,,,,,,,
southwest,1897,Small,,0,,,,,,,
southwest,1898,Small,,0,,,,,,,
southwest,1899,Small,,0,,,,,,,
southwest,1900,Small,,0,,,,,,,
southwest,1901,Small,,0,,,,,,,
southwest,1902,Small,,0,,,,,,,
southwest,1903,Small,,0,,,,,,,
southwest,1904,Small,,0,,,,,,,
southwest,1905,Small,,0,,,,,,,
southwest,1906,Small,,0,,,,,,,
southwest,1907,Small,,0,,,,,,,
southwest,1908,Small,,0,,,,,,,
southwest,1909,Small,,0,,,,,,,
southwest,1910,Small,,0,,,,,,,
southwest,1911,Small,,0,,,,,,,
southwest,1912,Small,,0,,,,,,,
southwest,1913,Small,,0,,,,,,,
southwest,1914,Small,,0,,,,,,,
southwest,1915,Small,,0,,,,,,,
southwest,1916,Small,,0,,,,,,,
southwest,1917,Small,,0,,,,,,,
southwest,1918,Small,,0,,,,,,,
southwest,1919,Small,,0,,,,,,,
southwest,1920,Small,,0,,,,,,,
southwest,1921,Small,,0,,,,,,,
southwest,1922,Small,,0,,,,,,,
southwest,1923,Small,,0,,,,,,,
southwest,1924,Small,,0,,,,,,,
southwest,1925,Small,,0,,,,,,,
southwest,1926,Small,,0,,,,,,,
southwest,1927,Small,,0,,,,,,,
southwest,1928,Small,,0,,,,,,,
southwest,1929,Small,,0,,,,,,,
southwest,1930,Small,,0,,,,,,,
southwest,1931,Small,,0,,,,,,,
southwest,1932,Small,,0,,,,,,,
southwest,1933,Small,,0,,,,,,,
southwest,1934,Small,,0,,,,,,,
southwest,1935,Small,,0,,,,,,,
southwest,1936,Small,,0,,,,,,,
southwest,1937,Small,,0,,,,,,,
southwest,1938,Small,,0,,,,,,,
southwest,1939,Small,,0,,,,,,,
southwest,1940,Small,,0,,,,,,,
southwest,1941,Small,,0,,,,,,,
southwest,1942,Small,,0,,,,,,,
southwest,1943,Small,,0,,,,,,,
southwest,1944,Small,,0,,,,,,,
southwest,1945,Small,,0,,,,,,,
southwest,1946,Small,,0,,,,,,,
southwest,1947,Small,,0,,,,,,,
southwest,1948,Small,,0,,,,,,,
southwest,1949,Small,,0,,,,,,,
southwest,1950,Small,,0,,,,,,,
southwest,1951,Small,,0,,,,,,,
southwest,1952,Small,,0,,,,,,,
southwest,1953,Small,,0,,,,,,,
southwest,1954,Small,,0,,,,,,,
southwest,1955,Small,,0,,,,,,,
southwest,1956,Small,,0,,,,,,,
southwest,1957,Small,,0,,,,,,,
southwest,1958,Small,,0,,,,,,,
southwest,1959,Small,,0,,,,,,,
southwest,1960,Small,,0,,,,,,,
southwest,1961,Small,,0,,,,,,,
southwest,1962,Small,,0,,,,,,,
southwest,1963,Small,,0,,,,,,,
southwest,1964,Small,,0,,,,,,,
southwest,1965,Small,,0,,,,,,,
southwest,1966,Small,,0,,,,,,,
southwest,1967,Small,,0,,,,,,,
southwest,1968,Small,,0,,,,,,,
southwest,1969,Small,,0,,,,,,,
southwest,1970,Small,,0,,,,,,,
southwest,1971,Small,,0,,,,,,,
southwest,1972,Small,,0,,,,,,,
southwest,1973,Small,,0,,,,,,,
southwest,1974,Small,,0,,,,,,,
southwest,1975,Small,,0,,,,,,,
southwest,1976,Small,,0,,,,,,,
southwest,1977,Small,,0,,,,,,,
southwest,1978,Small,,0,,,,,,,
southwest,1979,Small,,0,,,,,,,
southwest,1980,Small,,0,,,,,,,
southwest,1981,Small,,0,,,,,,,
southwest,1982,Small,,0,,,,,,,
southwest,1983,Small,,0,,,,,,,
southwest,1984,Small,,0,,,,,,,
southwest,1985,Small,,0,,,,,,,
southwest,1986,Small,,0,,,,,,,
southwest,1987,Small,,0,,,,,,,
southwest,1988,Small,,0,,,,,,,
southwest,1989,Small,,0,,,,,,,
southwest,1990,Small,,0,,,,,,,
southwest,1991,Small,,0,,,,,,,
southwest,1992,Small,,0,,,,,,,
southwest,1993,Small,,0,,,,,,,
southwest,1994,Small,,0,,,,,,,
southwest,1995,Small,,0,,,,,,,
southwest,1996,Small,,0,,,,,,,
southwest,1997,Small,,0,,,,,,,
southwest,1998,Small,,0,,,,,,,
southwest,1999,Small,,0,,,,,,,
southwest,2000,Small,,0,,,,,,,
southwest,2001,Small,,0,,,,,,,
southwest,2002,Small,,0,,,,,,,
southwest,2003,Small,,0,,,,,,,
southwest,2004,Small,,0,,,,,,,
southwest,2005,Small,,0,,,,,,,
southwest,2006,Small,,0,,,,,,,
southwest,2007,Small,,0,,,,,,,
southwest,2008,Small,,0,,,,,,,
southwest,2009,Small,,0,,,,,,,
southwest,2010,Small,,0,,,,,,,
southwest,2011,Small,,0,,,,,,,
southwest,2012,Small,,0,,,,,,,
southwest,2013,Small,,0,,,,,,,
southwest,2014,Small,,0,,,,,,,
southwest,2015,Small,,0,,,,,,,
southwest,2016,Small,,0,,,,,,,
southwest,2017,Small,,0,,,,,,,
southwest,2018,Small,,0,,,,,,,
southwest,2019,Small,,0,,,,,,,
southwest,2020,Small,,0,,,,,,,
southwest,2021,Small,,0,,,,,,,
southwest,2022,Small,,0,,,,,,,
southwest,2023,Small,,0,,,,,,,
southwest,2024,Small,,0,,,,,,,
southwest,2025,Small,,0,,,,,,,
southwest,2026,Small,,0,,,,,,,
southwest,2027,Small,,0,,,,,,,
southwest,2028,Small,,0,,,,,,,
southwest,2029,Small,,0,,,,,,,
southwest,2030,Small,,0,,,,,,,
southwest,2031,Small,,0,,,,,,,
southwest,2032,Small,,0,,,,,,,
southwest,2033,Small,,0,,,,,,,
southwest,2034,Small,,0,,,,,,,
southwest,2035,Small,,0,,,,,,,
southwest,2036,Small,,0,,,,,,,
southwest,2037,Small,,0,,,,,,,
southwest,2038,Small,,0,,,,,,,
southwest,2039,Small,,0,,,,,,,
southwest,2040,Small,,0,,,,,,,
southwest,2041,Small,,0,,,,,,,
southwest,2042,Small,,0,,,,,,,
southwest,2043,Small,,0,,,,,,,
southwest,2044,Small,,0,,,,,,,
southwest,2045,Small,,0,,,,,,,
southwest,2046,Small,,0,,,,,,,
southwest,2047,Small,,0,,,,,,,
southwest,2048,Small,,0,,,,,,,
southwest,2049,Small,,0,,,,,,,
southwest,2050,Small,,0,,,,,,,
southwest,2051,Small,,0,,,,,,,
southwest,2052,Small,,0,,,,,,,
southwest,2053,Small,,0,,,,,,,
southwest,2054,Small,,0,,,,,,,
southwest,2055,Small,,0,,,,,,,
southwest,2056,Small,,0,,,,,,,
southwest,2057,Small,,0,,,,,,,
southwest,2058,Small,,0,,,,,,,
southwest,2059,Small,,0,,,,,,,
southwest,2060,Small,,0,,,,,,,
southwest,2061,Small,,0,,,,,,,
southwest,2062,Small,,0,,,,,,,
southwest,2063,Small,,0,,,,,,,
southwest,2064,Small,,0,,,,,,,
southwest,2065,Small,,0,,,,,,,
southwest,2066,Small,,0,,,,,,,
southwest,2067,Small,,0,,,,,,,
southwest,2068,Small,,0,,,,,,,
southwest,2069,Small,,0,,,,,,,
southwest,2070,Small,,0,,,,,,,
southwest,2071,Small,,0,,,,,,,
southwest,2072,Small,,0,,,,,,,
southwest,2073,Small,,0,,,,,,,
southwest,2074,Small,,0,,,,,,,
southwest,2075,Small,,0,,,,,,,
southwest,2076,Small,,0,,,,,,,
southwest,2077,Small,,0,,,,,,,
southwest,2078,Small,,0,,,,,,,
southwest,2079,Small,,0,,,,,,,
southwest,2080,Small,,0,,,,,,,
southwest,2081,Small,,0,,,,,,,
southwest,2082,Small,,0,,,,,,,
southwest,2083,Small,,0,,,,,,,
southwest,2084,Small,,0,,,,,,,
southwest,2085,Small,,0,,,,,,,
southwest,2086,Small,,0,,,,,,,
southwest,2087,Small,,0,,,,,,,
southwest,2088,Small,,0,,,,,,,
southwest,2089,Small,,0,,,,,,,
southwest,2090,Small,,0,,,,,,,
southwest,2091,Small,,0,,,,,,,
southwest,2092,Small,,0,,,,,,,
southwest,2093,Small,,0,,,,,,,
southwest,2094,Small,,0,,,,,,,
southwest,2095,Small,,0,,,,,,,
southwest,2096,Small,,0,,,,,,,
southwest,2097,Small,,0,,,,,,,
southwest,2098,Small,,0,,,,,,,
southwest,2099,Small,,0,,,,,,,
southwest,2100,Small,,0,,,,,,,
southwest,2101,Small,,0,,,,,,,
southwest,2102,Small,,0,,,,,,,
southwest,2103,Small,,0,,,,,,,
southwest,2104,Small,,0,,,,,,,
southwest,2105,Small,,0,,,,,,,
southwest,2106,Small,,0,,,,,,,
southwest,2107,Small,,0,,,,,,,
southwest,2108,Small,,0,,,,,,,
southwest,2109,Small,,0,,,,,,,
southwest,2110,Small,,0,,,,,,,
southwest,2111,Small,,0,,,,,,,
southwest,2112,Small,,0,,,,,,,
southwest,2113,Small,,0,,,,,,,
southwest,2114,Small,,0,,,,,,,
southwest,2115,Small,,0,,,,,,,
southwest,2116,Small,,0,,,,,,,
southwest,2117,Small,,0,,,,,,,
southwest,2118,Small,,0,,,,,,,
southwest,2119,Small,,0,,,,,,,
southwest,2120,Small,,0,,,,,,,
southwest,2121,Small,,0,,,,,,,
southwest,2122,Small,,0,,,,,,,
southwest,2123,Small,,0,,,,,,,
southwest,2124,Small,,0,,,,,,,
southwest,2125,Small,,0,,,,,,,
southwest,2126,Small,,0,,,,,,,
southwest,2127,Small,,0,,,,,,,
southwest,2128,Small,,0,,,,,,,
southwest,2129,Small,,0,,,,,,,
southwest,2130,Small,,0,,,,,,,
southwest,2131,Small,,0,,,,,,,
southwest,2132,Small,,0,,,,,,,
southwest,2133,Small,,0,,,,,,,
southwest,2134,Small,,0,,,,,,,
southwest,2135,Small,,0,,,,,,,
southwest,2136,Small,,0,,,,,,,
southwest,2137,Small,,0,,,,,,,
southwest,2138,Small,,0,,,,,,,
southwest,2139,Small,,0,,,,,,,
southwest,2140,Small,,0,,,,,,,
southwest,2141,Small,,0,,,,,,,
southwest,2142,Small,,0,,,,,,,
southwest,2143,Small,,0,,,,,,,
southwest,2144,Small,,0,,,,,,,
southwest,2145,Small,,0,,,,,,,
southwest,2146,Small,,0,,,,,,,
southwest,2147,Small,,0,,,,,,,
southwest,2148,Small,,0,,,,,,,
southwest,2149,Small,,0,,,,,,,
southwest,2150,Small,,0,,,,,,,
southwest,2151,Small,,0,,,,,,,
southwest,2152,Small,,0,,,,,,,
southwest,2153,Small,,0,,,,,,,
southwest,2154,Small,,0,,,,,,,
southwest,2155,Small,,0,,,,,,,
southwest,2156,Small,,0,,,,,,,
southwest,2157,Small,,0,,,,,,,
southwest,2158,Small,,0,,,,,,,
southwest,2159,Small,,0,,,,,,,
southwest,2160,Small,,0,,,,,,,
southwest,2161,Small,,0,,,,,,,
southwest,2162,Small,,0,,,,,,,
southwest,2163,Small,,0,,,,,,,
southwest,2164,Small,,0,,,,,,,
southwest,2165,Small,,0,,,,,,,
southwest,2166,Small,,0,,,,,,,
southwest,2167,Small,,0,,,,,,,
southwest,2168,Small,,0,,,,,,,
southwest,2169,Small,,0,,,,,,,
southwest,2170,Small,,0,,,,,,,
southwest,2171,Small,,0,,,,,,,
southwest,2172,Small,,0,,,,,,,
southwest,2173,Small,,0,,,,,,,
southwest,2174,Small,,0,,,,,,,
southwest,2175,Small,,0,,,,,,,
southwest,2176,Small,,0,,,,,,,
southwest,2177,Small,,0,,,,,,,
southwest,2178,Small,,0,,,,,,,
southwest,2179,Small,,0,,,,,,,
southwest,2180,Small,,0,,,,,,,
southwest,2181,Small,,0,,,,,,,
southwest,2182,Small,,0,,,,,,,
southwest,2183,Small,,0,,,,,,,
southwest,2184,Small,,0,,,,,,,
southwest,2185,Small,,0,,,,,,,
southwest,2186,Small,,0,,,,,,,
southwest,2187,Small,,0,,,,,,,
southwest,2188,Small,,0,,,,,,,
southwest,2189,Small,,0,,,,,,,
southwest,2190,Small,,0,,,,,,,
southwest,2191,Small,,0,,,,,,,
southwest,2192,Small,,0,,,,,,,
southwest,2193,Small,,0,,,,,,,
southwest,2194,Small,,0,,,,,,,
southwest,2195,Small,,0,,,,,,,
southwest,2196,Small,,0,,,,,,,
southwest,2197,Small,,0,,,,,,,
southwest,2198,Small,,0,,,,,,,
southwest,2199,Small,,0,,,,,,,
southwest,2200,Small,,0,,,,,,,
southwest,2201,Small,,0,,,,,,,
southwest,2202,Small,,0,,,,,,,
southwest,2203,Small,,0,,,,,,,
southwest,2204,Small,,0,,,,,,,
southwest,2205,Small,,0,,,,,,,
southwest,2206,Small,,0,,,,,,,
southwest,2207,Small,,0,,,,,,,
southwest,2208,Small,,0,,,,,,,
southwest,2209,Small,,0,,,,,,,
southwest,2210,Small,,0,,,,,,,
southwest,2211,Small,,0,,,,,,,
southwest,2212,Small,,0,,,,,,,
southwest,2213,Small,,0,,,,,,,
southwest,2214,Small,,0,,,,,,,
southwest,2215,Small,,0,,,,,,,
southwest,2216,Small,,0,,,,,,,
southwest,2217,Small,,0,,,,,,,
southwest,2218,Small,,0,,,,,,,
southwest,2219,Small,,0,,,,,,,
southwest,2220,Small,,0,,,,,,,
southwest,2221,Small,,0,,,,,,,
southwest,2222,Small,,0,,,,,,,
southwest,2223,Small,,0,,,,,,,
southwest,2224,Small,,0,,,,,,,
southwest,2225,Small,,0,,,,,,,
southwest,2226,Small,,0,,,,,,,
southwest,2227,Small,,0,,,,,,,
southwest,2228,Small,,0,,,,,,,
southwest,2229,Small,,0,,,,,,,
southwest,2230,Small,,0,,,,,,,
southwest,2231,Small,,0,,,,,,,
southwest,2232,Small,,0,,,,,,,
southwest,2233,Small,,0,,,,,,,
southwest,2234,Small,,0,,,,,,,
southwest,2235,Small,,0,,,,,,,
southwest,2236,Small,,0,,,,,,,
southwest,2237,Small,,0,,,,,,,
southwest,2238,Small,,0,,,,,,,
southwest,2239,Small,,0,,,,,,,
southwest,2240,Small,,0,,,,,,,
southwest,2241,Small,,0,,,,,,,
southwest,2242,Small,,0,,,,,,,
southwest,2243,Small,,0,,,,,,,
southwest,2244,Small,,0,,,,,,,
southwest,2245,Small,,0,,,,,,,
southwest,2246,Small,,0,,,,,,,
southwest,2247,Small,,0,,,,,,,
southwest,2248,Small,,0,,,,,,,
southwest,2249,Small,,0,,,,,,,
southwest,2250,Small,,0,,,,,,,
southwest,2251,Small,,0,,,,,,,
southwest,2252,Small,,0,,,,,,,
southwest,2253,Small,,0,,,,,,,
southwest,2254,Small,,0,,,,,,,
southwest,2255,Small,,0,,,,,,,
southwest,2256,Small,,0,,,,,,,
southwest,2257,Small,,0,,,,,,,
southwest,2258,Small,,0,,,,,,,
southwest,2259,Small,,0,,,,,,,
southwest,2260,Small,,0,,,,,,,
southwest,2261,Small,,0,,,,,,,
southwest,2262,Small,,0,,,,,,,
southwest,2263,Small,,0,,,,,,,
southwest,2264,Small,,0,,,,,,,
southwest,2265,Small,,0,,,,,,,
southwest,2266,Small,,0,,,,,,,
southwest,2267,Small,,0,,,,,,,
southwest,2268,Small,,0,,,,,,,
southwest,2269,Small,,0,,,,,,,
southwest,2270,Small,,0,,,,,,,
southwest,2271,Small,,0,,,,,,,
southwest,2272,Small,,0,,,,,,,
southwest,2273,Small,,0,,,,,,,
southwest,2274,Small,,0,,,,,,,
southwest,2275,Small,,0,,,,,,,
southwest,2276,Small,,0,,,,,,,
southwest,2277,Small,,0,,,,,,,
southwest,2278,Small,,0,,,,,,,
southwest,2279,Small,,0,,,,,,,
southwest,2280,Small,,0,,,,,,,
southwest,2281,Small,,0,,,,,,,
southwest,2282,Small,,0,,,,,,,
southwest,2283,Small,,0,,,,,,,
southwest,2284,Small,,0,,,,,,,
southwest,2285,Small,,0,,,,,,,
southwest,2286,Small,,0,,,,,,,
southwest,2287,Small,,0,,,,,,,
southwest,2288,Small,,0,,,,,,,
southwest,2289,Small,,0,,,,,,,
southwest,2290,Small,,0,,,,,,,
southwest,2291,Small,,0,,,,,,,
southwest,2292,Small,,0,,,,,,,
southwest,2293,Small,,0,,,,,,,
southwest,2294,Small,,0,,,,,,,
southwest,2295,Small,,0,,,,,,,
southwest,2296,Small,,0,,,,,,,
southwest,2297,Small,,0,,,,,,,
southwest,2298,Small,,0,,,,,,,
southwest,2299,Small,,0,,,,,,,
southwest,2300,Small,,0,,,,,,,
southwest,2301,Small,,0,,,,,,,
southwest,2302,Small,,0,,,,,,,
southwest,2303,Small,,0,,,,,,,
southwest,2304,Small,,0,,,,,,,
southwest,2305,Small,,0,,,,,,,
southwest,2306,Small,,0,,,,,,,
southwest,2307,Small,,0,,,,,,,
southwest,2308,Small,,0,,,,,,,
southwest,2309,Small,,0,,,,,,,
southwest,2310,Small,,0,,,,,,,
southwest,2311,Small,,0,,,,,,,
southwest,2312,Small,,0,,,,,,,
southwest,2313,Small,,0,,,,,,,
southwest,2314,Small,,0,,,,,,,
southwest,2315,Small,,0,,,,,,,
southwest,2316,Small,,0,,,,,,,
southwest,2317,Small,,0,,,,,,,
southwest,2318,Small,,0,,,,,,,
southwest,2319,Small,,0,,,,,,,
southwest,2320,Small,,0,,,,,,,
southwest,2321,Small,,0,,,,,,,
southwest,2322,Small,,0,,,,,,,
southwest,2323,Small,,0,,,,,,,
southwest,2324,Small,,0,,,,,,,
southwest,2325,Small,,0,,,,,,,
southwest,2326,Small,,0,,,,,,,
southwest,2327,Small,,0,,,,,,,
southwest,2328,Small,,0,,,,,,,
southwest,2329,Small,,0,,,,,,,
southwest,2330,Small,,0,,,,,,,
southwest,2331,Small,,0,,,,,,,
southwest,2332,Small,,0,,,,,,,
southwest,2333,Small,,0,,,,,,,
southwest,2334,Small,,0,,,,,,,
southwest,2335,Small,,0,,,,,,,
southwest,2336,Small,,0,,,,,,,
southwest,2337,Small,,0,,,,,,,
southwest,2338,Small,,0,,,,,,,
southwest,2339,Small,,0,,,,,,,
southwest,2340,Small,,0,,,,,,,
southwest,2341,Small,,0,,,,,,,
southwest,2342,Small,,0,,,,,,,
southwest,2343,Small,,0,,,,,,,
southwest,2344,Small,,0,,,,,,,
southwest,2345,Small,,0,,,,,,,
southwest,2346,Small,,0,,,,,,,
southwest,2347,Small,,0,,,,,,,
southwest,2348,Small,,0,,,,,,,
southwest,2349,Small,,0,,,,,,,
southwest,2350,Small,,0,,,,,,,
southwest,2351,Small,,0,,,,,,,
southwest,2352,Small,,0,,,,,,,
southwest,2353,Small,,0,,,,,,,
southwest,2354,Small,,0,,,,,,,
southwest,2355,Small,,0,,,,,,,
southwest,2356,Small,,0,,,,,,,
southwest,2357,Small,,0,,,,,,,
southwest,2358,Small,,0,,,,,,,
southwest,2359,Small,,0,,,,,,,
southwest,2360,Small,,0,,,,,,,
southwest,2361,Small,,0,,,,,,,
southwest,2362,Small,,0,,,,,,,
southwest,2363,Small,,0,,,,,,,
southwest,2364,Small,,0,,,,,,,
southwest,2365,Small,,0,,,,,,,
southwest,2366,Small,,0,,,,,,,
southwest,2367,Small,,0,,,,,,,
southwest,2368,Small,,0,,,,,,,
southwest,2369,Small,,0,,,,,,,
southwest,2370,Small,,0,,,,,,,
southwest,2371,Small,,0,,,,,,,
southwest,2372,Small,,0,,,,,,,
southwest,2373,Small,,0,,,,,,,
southwest,2374,Small,,0,,,,,,,
southwest,2375,Small,,0,,,,,,,
southwest,2376,Small,,0,,,,,,,
southwest,2377,Small,,0,,,,,,,
southwest,2378,Small,,0,,,,,,,
southwest,2379,Small,,0,,,,,,,
southwest,2380,Small,,0,,,,,,,
southwest,2381,Small,,0,,,,,,,
southwest,2382,Small,,0,,,,,,,
southwest,2383,Small,,0,,,,,,,
southwest,2384,Small,,0,,,,,,,
southwest,2385,Small,,0,,,,,,,
southwest,2386,Small,,0,,,,,,,
southwest,2387,Small,,0,,,,,,,
southwest,2388,Small,,0,,,,,,,
southwest,2389,Small,,0,,,,,,,
southwest,2390,Small,,0,,,,,,,
southwest,2391,Small,,0,,,,,,,
southwest,2392,Small,,0,,,,,,,
southwest,2393,Small,,0,,,,,,,
southwest,2394,Small,,0,,,,,,,
southwest,2395,Small,,0,,,,,,,
southwest,2396,Small,,0,,,,,,,
southwest,2397,Small,,0,,,,,,,
southwest,2398,Small,,0,,,,,,,
southwest,2399,Small,,0,,,,,,,
southwest,2400,Small,,0,,,,,,,
southwest,2401,Small,,0,,,,,,,
southwest,2402,Small,,0,,,,,,,
southwest,2403,Small,,0,,,,,,,
southwest,2404,Small,,0,,,,,,,
southwest,2405,Small,,0,,,,,,,
southwest,2406,Small,,0,,,,,,,
southwest,2407,Small,,0,,,,,,,
